RecordID,PlantID,MonthStart,OperationalCostUSD,RevenueUSD,SubsidyUSD,NetProfitUSD
1,1,2018-01-01,296566.06,632218.03,0.0,335651.97
2,1,2018-02-01,119831.42,1041285.05,156192.76,1077646.39
3,1,2018-03-01,152048.15,1125683.28,0.0,973635.13
4,1,2018-04-01,313707.0,1847227.66,0.0,1533520.66
5,1,2018-05-01,376788.42,2045737.7,0.0,1668949.28
6,1,2018-06-01,332455.57,734552.07,36727.6,438824.1
7,1,2018-07-01,112961.35,537015.38,53701.54,477755.57
8,1,2018-08-01,65548.22,495916.15,0.0,430367.93
9,1,2018-09-01,42648.13,162886.39,8144.32,128382.58
10,1,2018-10-01,43777.62,200157.37,20015.74,176395.49
11,1,2018-11-01,83329.09,293030.83,0.0,209701.74
12,1,2018-12-01,173422.53,590585.33,59058.53,476221.33
13,1,2019-01-01,132438.97,953570.04,95357.0,916488.07
14,1,2019-02-01,318075.49,1556273.78,233441.07,1471639.36
15,1,2019-03-01,275262.97,1531016.01,0.0,1255753.04
16,1,2019-04-01,345579.05,1338975.75,0.0,993396.7
17,1,2019-05-01,397291.72,1544066.29,154406.63,1301181.2
18,1,2019-06-01,222939.13,1068672.34,0.0,845733.21
19,1,2019-07-01,177280.37,564031.28,0.0,386750.91
20,1,2019-08-01,84679.13,233104.33,0.0,148425.2
21,1,2019-09-01,37316.51,174529.99,8726.5,145939.98
22,1,2019-10-01,51461.44,344512.6,51676.89,344728.05
23,1,2019-11-01,87295.42,208072.77,31210.92,151988.27
24,1,2019-12-01,188733.46,682242.85,68224.29,561733.68
25,1,2020-01-01,333738.67,609222.08,0.0,275483.41
26,1,2020-02-01,335186.47,1495663.91,74783.2,1235260.64
27,1,2020-03-01,415572.07,1917490.6,287623.59,1789542.12
28,1,2020-04-01,519588.61,1651425.06,247713.76,1379550.21
29,1,2020-05-01,389302.6,1162549.92,0.0,773247.32
30,1,2020-06-01,287719.64,1126203.72,168930.56,1007414.64
31,1,2020-07-01,87424.2,768849.45,76884.94,758310.19
32,1,2020-08-01,54966.52,304158.26,45623.74,294815.48
33,1,2020-09-01,49052.94,190030.74,19003.07,159980.87
34,1,2020-10-01,82959.48,134072.44,0.0,51112.96
35,1,2020-11-01,133308.57,365570.48,18278.52,250540.43
36,1,2020-12-01,176499.77,629143.25,31457.16,484100.64
37,1,2021-01-01,137896.24,934512.69,93451.27,890067.72
38,1,2021-02-01,176345.56,881495.71,88149.57,793299.72
39,1,2021-03-01,303658.69,1490850.77,223627.62,1410819.7
40,1,2021-04-01,525749.34,1576298.26,78814.91,1129363.83
41,1,2021-05-01,334971.42,1280127.5,128012.75,1073168.83
42,1,2021-06-01,259034.13,1417057.8,141705.78,1299729.45
43,1,2021-07-01,138491.02,516821.03,51682.1,430012.11
44,1,2021-08-01,138319.6,419716.99,0.0,281397.39
45,1,2021-09-01,58160.28,212758.16,31913.72,186511.6
46,1,2021-10-01,42886.35,345228.21,0.0,302341.86
47,1,2021-11-01,62053.61,293680.82,0.0,231627.21
48,1,2021-12-01,241669.21,431789.43,0.0,190120.22
49,1,2022-01-01,212290.53,1552855.78,155285.58,1495850.83
50,1,2022-02-01,462990.97,754384.52,113157.68,404551.23
51,1,2022-03-01,431945.66,1638520.22,81926.01,1288500.57
52,1,2022-04-01,522422.05,1397283.47,69864.17,944725.59
53,1,2022-05-01,213955.3,839893.87,83989.39,709927.96
54,1,2022-06-01,220277.51,1088765.31,163314.8,1031802.6
55,1,2022-07-01,183933.65,606921.13,30346.06,453333.54
56,1,2022-08-01,131564.69,383278.05,19163.9,270877.26
57,1,2022-09-01,69094.48,147255.68,7362.78,85523.98
58,1,2022-10-01,43653.02,181146.87,9057.34,146551.19
59,1,2022-11-01,108657.05,261404.79,0.0,152747.74
60,1,2022-12-01,141334.7,1041610.68,52080.53,952356.51
61,1,2023-01-01,130385.16,1390465.13,139046.51,1399126.48
62,1,2023-02-01,229873.01,1663570.52,249535.58,1683233.09
63,1,2023-03-01,504533.41,1677963.77,0.0,1173430.36
64,1,2023-04-01,400464.69,1161480.74,58074.04,819090.09
65,1,2023-05-01,428737.09,788994.92,39449.75,399707.58
66,1,2023-06-01,282580.01,560846.3,56084.63,334350.92
67,1,2023-07-01,178516.74,866346.84,86634.68,774464.78
68,1,2023-08-01,131962.16,325291.19,32529.12,225858.15
69,1,2023-09-01,84932.11,236895.58,11844.78,163808.25
70,1,2023-10-01,57379.95,219518.43,10975.92,173114.4
71,1,2023-11-01,110533.03,363975.42,36397.54,289839.93
72,1,2023-12-01,70039.4,464341.55,46434.15,440736.3
73,1,2024-01-01,128235.57,1102326.8,165349.02,1139440.25
74,1,2024-02-01,217959.64,1136075.99,170411.4,1088527.75
75,1,2024-03-01,501357.23,1101866.41,55093.32,655602.5
76,1,2024-04-01,421244.18,819856.31,122978.45,521590.58
77,1,2024-05-01,427942.07,825277.74,41263.89,438599.56
78,1,2024-06-01,260131.43,685349.03,68534.9,493752.5
79,1,2024-07-01,89873.28,381889.51,19094.48,311110.71
80,1,2024-08-01,122338.05,421422.06,0.0,299084.01
81,1,2024-09-01,54227.65,224001.84,0.0,169774.19
82,1,2024-10-01,61202.22,318948.75,15947.44,273693.97
83,1,2024-11-01,44730.49,382685.99,57402.9,395358.4
84,1,2024-12-01,180265.52,869486.17,0.0,689220.65
85,2,2018-01-01,362426.37,2426841.13,0.0,2064414.76
86,2,2018-02-01,1067867.34,2880344.76,288034.48,2100511.9
87,2,2018-03-01,1036269.49,4186927.99,628039.2,3778697.7
88,2,2018-04-01,753053.96,3300147.87,330014.79,2877108.7
89,2,2018-05-01,1135797.41,4611303.76,0.0,3475506.35
90,2,2018-06-01,556670.79,3201354.03,480203.1,3124886.34
91,2,2018-07-01,203530.65,990420.81,49521.04,836411.2
92,2,2018-08-01,221697.38,1158766.86,57938.34,995007.82
93,2,2018-09-01,192278.25,585459.56,58545.96,451727.27
94,2,2018-10-01,88456.08,315725.97,0.0,227269.89
95,2,2018-11-01,233124.55,919452.79,137917.92,824246.16
96,2,2018-12-01,240355.56,1204165.79,180624.87,1144435.1
97,2,2019-01-01,341318.18,2793681.64,279368.16,2731731.62
98,2,2019-02-01,1084472.47,3927834.07,0.0,2843361.6
99,2,2019-03-01,977359.05,3848099.06,192404.95,3063144.96
100,2,2019-04-01,386837.96,2172041.33,217204.13,2002407.5
101,2,2019-05-01,579303.72,3853968.67,192698.43,3467363.38
102,2,2019-06-01,627333.44,1650582.23,247587.33,1270836.12
103,2,2019-07-01,436573.14,2147746.77,322162.02,2033335.65
104,2,2019-08-01,126629.66,751875.12,112781.27,738026.73
105,2,2019-09-01,86496.25,590881.6,59088.16,563473.51
106,2,2019-10-01,191072.01,533697.39,0.0,342625.38
107,2,2019-11-01,320369.49,1179549.54,58977.48,918157.53
108,2,2019-12-01,626598.87,1117971.89,167695.78,659068.8
109,2,2020-01-01,649446.07,1943401.55,291510.23,1585465.71
110,2,2020-02-01,610292.42,2805429.93,420814.49,2615952.0
111,2,2020-03-01,977032.33,5006479.79,500647.98,4530095.44
112,2,2020-04-01,941208.51,3657853.85,182892.69,2899538.03
113,2,2020-05-01,863626.47,2441754.18,366263.13,1944390.84
114,2,2020-06-01,292965.39,3071848.53,460777.28,3239660.42
115,2,2020-07-01,662445.37,2539604.27,126980.21,2004139.11
116,2,2020-08-01,150168.87,1050327.2,157549.08,1057707.41
117,2,2020-09-01,207063.59,391769.15,0.0,184705.56
118,2,2020-10-01,95881.94,427078.38,21353.92,352550.36
119,2,2020-11-01,306905.6,605314.33,60531.43,358940.16
120,2,2020-12-01,541844.99,913745.65,0.0,371900.66
121,2,2021-01-01,946669.37,2828288.24,0.0,1881618.87
122,2,2021-02-01,1042776.07,2191932.0,109596.6,1258752.53
123,2,2021-03-01,1203354.19,5402334.54,810350.18,5009330.53
124,2,2021-04-01,1065664.21,2357991.36,0.0,1292327.15
125,2,2021-05-01,1127577.98,1807813.68,0.0,680235.7
126,2,2021-06-01,864315.11,2446057.43,0.0,1581742.32
127,2,2021-07-01,359796.96,785318.68,39265.93,464787.65
128,2,2021-08-01,295965.49,575554.31,57555.43,337144.25
129,2,2021-09-01,143700.95,605534.51,90830.18,552663.74
130,2,2021-10-01,138036.89,467618.23,70142.73,399724.07
131,2,2021-11-01,284243.79,710411.29,71041.13,497208.63
132,2,2021-12-01,519160.05,1312295.85,196844.38,989980.18
133,2,2022-01-01,336059.23,2630914.28,394637.14,2689492.19
134,2,2022-02-01,974893.21,2675493.15,0.0,1700599.94
135,2,2022-03-01,1157894.81,1909592.38,95479.62,847177.19
136,2,2022-04-01,829553.55,3311947.65,331194.77,2813588.87
137,2,2022-05-01,1041777.8,3353530.17,0.0,2311752.37
138,2,2022-06-01,474433.89,2500726.26,0.0,2026292.37
139,2,2022-07-01,546209.22,2368924.3,355338.64,2178053.72
140,2,2022-08-01,263036.34,1321777.54,66088.88,1124830.08
141,2,2022-09-01,151370.69,652823.44,97923.52,599376.27
142,2,2022-10-01,188127.32,344129.27,34412.93,190414.88
143,2,2022-11-01,333357.7,819927.82,81992.78,568562.9
144,2,2022-12-01,382494.82,2358858.62,117942.93,2094306.73
145,2,2023-01-01,915301.73,1610016.79,80500.84,775215.9
146,2,2023-02-01,1010421.14,4342419.32,651362.9,3983361.08
147,2,2023-03-01,1312133.83,3062522.39,459378.36,2209766.92
148,2,2023-04-01,1292727.46,3053959.89,305395.99,2066628.42
149,2,2023-05-01,1192453.41,3363277.72,168163.89,2338988.2
150,2,2023-06-01,489912.89,3600863.77,0.0,3110950.88
151,2,2023-07-01,320516.79,1835207.35,275281.1,1789971.66
152,2,2023-08-01,169867.38,903182.65,90318.27,823633.54
153,2,2023-09-01,146750.09,240180.85,24018.09,117448.85
154,2,2023-10-01,120388.52,472360.93,70854.14,422826.55
155,2,2023-11-01,300590.01,858334.5,42916.73,600661.22
156,2,2023-12-01,260337.42,1636996.94,163699.69,1540359.21
157,2,2024-01-01,856253.91,2313692.96,115684.65,1573123.7
158,2,2024-02-01,966051.53,4255841.32,212792.07,3502581.86
159,2,2024-03-01,1210826.52,3005424.4,150271.22,1944869.1
160,2,2024-04-01,1317848.8,2587342.08,0.0,1269493.28
161,2,2024-05-01,1127706.04,2221292.28,222129.23,1315715.47
162,2,2024-06-01,558212.94,1813988.8,181398.88,1437174.74
163,2,2024-07-01,245927.6,2604332.85,130216.64,2488621.89
164,2,2024-08-01,243707.69,1026322.7,102632.27,885247.28
165,2,2024-09-01,139247.13,265255.24,0.0,126008.11
166,2,2024-10-01,152396.87,302930.44,0.0,150533.57
167,2,2024-11-01,309606.27,582667.92,58266.79,331328.44
168,2,2024-12-01,648479.98,2038393.86,101919.69,1491833.57
169,3,2018-01-01,300321.7,2642146.69,264214.67,2606039.66
170,3,2018-02-01,790150.23,2592935.86,0.0,1802785.63
171,3,2018-03-01,846485.02,1587616.78,238142.52,979274.28
172,3,2018-04-01,875755.78,1579994.46,157999.45,862238.13
173,3,2018-05-01,305130.98,2837589.81,425638.47,2958097.3
174,3,2018-06-01,547561.56,2189087.3,218908.73,1860434.47
175,3,2018-07-01,393677.92,1675502.48,251325.37,1533149.93
176,3,2018-08-01,126652.04,777926.17,116688.93,767963.06
177,3,2018-09-01,152057.81,302931.97,45439.8,196313.96
178,3,2018-10-01,167677.39,469548.18,70432.23,372303.02
179,3,2018-11-01,282647.19,511518.55,76727.78,305599.14
180,3,2018-12-01,182649.52,1517656.29,75882.81,1410889.58
181,3,2019-01-01,600956.91,1869062.99,0.0,1268106.08
182,3,2019-02-01,549768.22,2087424.7,208742.47,1746398.95
183,3,2019-03-01,580756.49,3970217.27,198510.86,3587971.64
184,3,2019-04-01,1004323.41,2891372.88,289137.29,2176186.76
185,3,2019-05-01,587288.25,2346599.55,351989.93,2111301.23
186,3,2019-06-01,662849.64,1285512.22,192826.83,815489.41
187,3,2019-07-01,186765.61,1034706.66,51735.33,899676.38
188,3,2019-08-01,236569.76,650362.34,32518.12,446310.7
189,3,2019-09-01,89575.99,287005.02,28700.5,226129.53
190,3,2019-10-01,149937.36,347868.25,34786.83,232717.72
191,3,2019-11-01,126963.02,571796.69,28589.83,473423.5
192,3,2019-12-01,302873.49,822112.05,82211.21,601449.77
193,3,2020-01-01,256745.01,2915153.52,437273.03,3095681.54
194,3,2020-02-01,367166.12,2289720.75,114486.04,2037040.67
195,3,2020-03-01,833944.1,4035557.22,0.0,3201613.12
196,3,2020-04-01,1046846.48,3401171.61,0.0,2354325.13
197,3,2020-05-01,954582.38,3467085.72,520062.86,3032566.2
198,3,2020-06-01,545842.17,2229075.38,222907.54,1906140.75
199,3,2020-07-01,186669.38,744824.74,0.0,558155.36
200,3,2020-08-01,106862.63,868067.86,130210.18,891415.41
201,3,2020-09-01,98408.79,331870.02,0.0,233461.23
202,3,2020-10-01,104620.44,462556.61,0.0,357936.17
203,3,2020-11-01,144810.01,794363.51,0.0,649553.5
204,3,2020-12-01,388505.1,1087064.18,54353.21,752912.29
205,3,2021-01-01,598355.52,2033747.96,0.0,1435392.44
206,3,2021-02-01,843237.68,2114661.13,317199.17,1588622.62
207,3,2021-03-01,296194.84,2423635.58,121181.78,2248622.52
208,3,2021-04-01,604617.51,4013144.96,200657.25,3609184.7
209,3,2021-05-01,470907.26,1848819.98,277323.0,1655235.72
210,3,2021-06-01,572210.33,2385080.74,119254.04,1932124.45
211,3,2021-07-01,198349.33,923275.2,0.0,724925.87
212,3,2021-08-01,189737.02,664329.58,99649.44,574242.0
213,3,2021-09-01,146046.1,378517.67,0.0,232471.57
214,3,2021-10-01,151137.96,536282.83,26814.14,411959.01
215,3,2021-11-01,128655.74,395635.22,59345.28,326324.76
216,3,2021-12-01,473871.66,1314437.73,197165.66,1037731.73
217,3,2022-01-01,272926.52,1995966.19,299394.93,2022434.6
218,3,2022-02-01,843180.93,2515226.53,377283.98,2049329.58
219,3,2022-03-01,583272.21,2945077.62,441761.64,2803567.05
220,3,2022-04-01,337621.85,2407873.15,240787.32,2311038.62
221,3,2022-05-01,848336.25,1621016.85,81050.84,853731.44
222,3,2022-06-01,519179.95,1631212.94,244681.94,1356714.93
223,3,2022-07-01,314373.52,802225.84,40111.29,527963.61
224,3,2022-08-01,236007.26,911008.62,45550.43,720551.79
225,3,2022-09-01,120621.4,345129.52,17256.48,241764.6
226,3,2022-10-01,84848.46,208434.66,31265.2,154851.4
227,3,2022-11-01,246021.84,861101.92,129165.29,744245.37
228,3,2022-12-01,320776.46,1702767.13,0.0,1381990.67
229,3,2023-01-01,447524.08,2448605.18,244860.52,2245941.62
230,3,2023-02-01,659544.67,3481339.56,348133.96,3169928.85
231,3,2023-03-01,655857.13,1914494.25,287174.14,1545811.26
232,3,2023-04-01,904278.12,3390223.31,339022.33,2824967.52
233,3,2023-05-01,461264.39,1407925.31,140792.53,1087453.45
234,3,2023-06-01,511434.0,2528632.01,126431.6,2143629.61
235,3,2023-07-01,172205.24,703242.16,105486.32,636523.24
236,3,2023-08-01,198034.1,805859.71,40292.99,648118.6
237,3,2023-09-01,68694.31,377950.48,37795.05,347051.22
238,3,2023-10-01,171568.45,512443.75,76866.56,417741.86
239,3,2023-11-01,250428.55,664863.7,66486.37,480921.52
240,3,2023-12-01,436515.67,1305704.72,65285.24,934474.29
241,3,2024-01-01,724294.16,2558601.42,383790.21,2218097.47
242,3,2024-02-01,309292.86,2562390.19,128119.51,2381216.84
243,3,2024-03-01,779435.87,3497455.11,174872.76,2892892.0
244,3,2024-04-01,1021756.04,2061540.22,0.0,1039784.18
245,3,2024-05-01,840220.36,2660201.54,133010.08,1952991.26
246,3,2024-06-01,391997.35,1667819.4,166781.94,1442603.99
247,3,2024-07-01,235677.91,831837.34,0.0,596159.43
248,3,2024-08-01,103118.41,873163.03,130974.45,901019.07
249,3,2024-09-01,57108.93,228680.41,0.0,171571.48
250,3,2024-10-01,113655.76,469386.14,23469.31,379199.69
251,3,2024-11-01,158522.25,756685.74,75668.57,673832.06
252,3,2024-12-01,339835.71,930855.76,46542.79,637562.84
253,4,2018-01-01,346314.11,2265498.68,339824.8,2259009.37
254,4,2018-02-01,657936.65,1556729.27,233509.39,1132302.01
255,4,2018-03-01,749707.25,2876634.88,143831.74,2270759.37
256,4,2018-04-01,502777.7,2235309.98,335296.5,2067828.78
257,4,2018-05-01,232947.77,2067457.82,206745.78,2041255.83
258,4,2018-06-01,515386.29,2190516.39,219051.64,1894181.74
259,4,2018-07-01,228702.39,1078319.23,107831.92,957448.76
260,4,2018-08-01,70742.65,396815.26,59522.29,385594.9
261,4,2018-09-01,123507.54,219626.69,32944.0,129063.15
262,4,2018-10-01,74561.35,131665.72,19749.86,76854.23
263,4,2018-11-01,159666.61,600209.87,60020.99,500564.25
264,4,2018-12-01,126962.18,1125431.08,112543.11,1111012.01
265,4,2019-01-01,629475.21,1515428.43,0.0,885953.22
266,4,2019-02-01,564061.38,1449011.46,217351.72,1102301.8
267,4,2019-03-01,803551.91,2106783.72,0.0,1303231.81
268,4,2019-04-01,608100.03,2751885.13,412782.77,2556567.87
269,4,2019-05-01,399476.8,1483562.52,0.0,1084085.72
270,4,2019-06-01,480989.18,1166832.04,175024.81,860867.67
271,4,2019-07-01,276282.26,563830.51,0.0,287548.25
272,4,2019-08-01,181100.22,604749.08,0.0,423648.86
273,4,2019-09-01,53962.49,295289.37,44293.41,285620.29
274,4,2019-10-01,123651.5,359799.52,35979.95,272127.97
275,4,2019-11-01,233259.64,712630.78,106894.62,586265.76
276,4,2019-12-01,324860.91,1447471.91,72373.6,1194984.6
277,4,2020-01-01,599933.23,1521428.78,228214.32,1149709.87
278,4,2020-02-01,371300.94,1623783.83,162378.38,1414861.27
279,4,2020-03-01,853292.88,1749587.8,262438.17,1158733.09
280,4,2020-04-01,330147.24,1290349.48,129034.95,1089237.19
281,4,2020-05-01,764235.61,2915960.6,145798.03,2297523.02
282,4,2020-06-01,174941.32,1186748.5,59337.43,1071144.61
283,4,2020-07-01,344913.36,1472842.47,147284.25,1275213.36
284,4,2020-08-01,184160.52,848593.67,0.0,664433.15
285,4,2020-09-01,58978.9,347594.79,0.0,288615.89
286,4,2020-10-01,124584.87,337516.68,0.0,212931.81
287,4,2020-11-01,128054.42,696074.55,0.0,568020.13
288,4,2020-12-01,247593.21,1374853.57,137485.36,1264745.72
289,4,2021-01-01,436368.32,1146908.84,172036.33,882576.85
290,4,2021-02-01,559559.24,2169891.91,216989.19,1827321.86
291,4,2021-03-01,637511.5,2831436.23,424715.43,2618640.16
292,4,2021-04-01,741771.65,2684558.2,268455.82,2211242.37
293,4,2021-05-01,567732.76,2510387.5,251038.75,2193693.49
294,4,2021-06-01,160190.5,2147478.62,214747.86,2202035.98
295,4,2021-07-01,205702.06,912394.57,91239.46,797931.97
296,4,2021-08-01,165680.42,603765.71,30188.29,468273.58
297,4,2021-09-01,92070.17,193000.83,0.0,100930.66
298,4,2021-10-01,93313.87,455227.26,45522.73,407436.12
299,4,2021-11-01,60130.68,465961.88,46596.19,452427.39
300,4,2021-12-01,210746.5,1195183.17,119518.32,1103954.99
301,4,2022-01-01,217001.37,2159819.85,0.0,1942818.48
302,4,2022-02-01,642095.88,2317830.74,0.0,1675734.86
303,4,2022-03-01,347990.17,1401082.73,70054.14,1123146.7
304,4,2022-04-01,655633.62,1574490.33,157449.03,1076305.74
305,4,2022-05-01,447512.35,2859109.11,142955.46,2554552.22
306,4,2022-06-01,204541.35,1354697.56,67734.88,1217891.09
307,4,2022-07-01,364780.2,1363710.6,0.0,998930.4
308,4,2022-08-01,156717.77,613871.5,0.0,457153.73
309,4,2022-09-01,81990.28,360107.89,0.0,278117.61
310,4,2022-10-01,117916.88,364233.43,54635.01,300951.56
311,4,2022-11-01,160669.24,429657.7,64448.65,333437.11
312,4,2022-12-01,237405.21,693957.67,34697.88,491250.34
313,4,2023-01-01,559259.86,1743539.24,0.0,1184279.38
314,4,2023-02-01,646269.19,2290420.94,114521.05,1758672.8
315,4,2023-03-01,476864.43,3033680.24,455052.04,3011867.85
316,4,2023-04-01,520982.63,2786957.38,0.0,2265974.75
317,4,2023-05-01,308698.42,1471577.99,220736.7,1383616.27
318,4,2023-06-01,171129.33,1519575.85,151957.59,1500404.11
319,4,2023-07-01,376779.86,822427.11,0.0,445647.25
320,4,2023-08-01,143833.32,531199.8,0.0,387366.48
321,4,2023-09-01,103308.88,250888.72,25088.87,172668.71
322,4,2023-10-01,51575.34,183924.77,27588.72,159938.15
323,4,2023-11-01,200701.17,422897.09,21144.85,243340.77
324,4,2023-12-01,304931.34,848231.87,127234.78,670535.31
325,4,2024-01-01,231231.1,962313.29,0.0,731082.19
326,4,2024-02-01,691134.05,2117262.84,0.0,1426128.79
327,4,2024-03-01,870108.31,2983592.63,0.0,2113484.32
328,4,2024-04-01,731289.15,1594250.26,159425.03,1022386.14
329,4,2024-05-01,400473.74,1580976.16,79048.81,1259551.23
330,4,2024-06-01,292294.46,1940028.55,97001.43,1744735.52
331,4,2024-07-01,232149.72,1395621.67,69781.08,1233253.03
332,4,2024-08-01,73569.1,759017.22,75901.72,761349.84
333,4,2024-09-01,112330.95,279157.98,0.0,166827.03
334,4,2024-10-01,123447.42,466295.6,0.0,342848.18
335,4,2024-11-01,159680.01,727338.95,72733.9,640392.84
336,4,2024-12-01,131541.21,1311965.08,0.0,1180423.87
337,5,2018-01-01,122746.74,531849.77,0.0,409103.03
338,5,2018-02-01,61813.08,355272.64,53290.9,346750.46
339,5,2018-03-01,220919.33,889664.67,88966.47,757711.81
340,5,2018-04-01,205192.44,573551.07,28677.55,397036.18
341,5,2018-05-01,210820.46,578699.12,86804.87,454683.53
342,5,2018-06-01,56265.84,510518.4,51051.84,505304.4
343,5,2018-07-01,36950.21,183196.57,18319.66,164566.02
344,5,2018-08-01,49727.79,128148.27,19222.24,97642.72
345,5,2018-09-01,25555.99,64450.94,0.0,38894.95
346,5,2018-10-01,34521.62,115355.16,0.0,80833.54
347,5,2018-11-01,32444.57,203553.07,20355.31,191463.81
348,5,2018-12-01,30484.01,177221.7,0.0,146737.69
349,5,2019-01-01,134609.48,630580.83,63058.08,559029.43
350,5,2019-02-01,162902.05,705552.18,105832.83,648482.96
351,5,2019-03-01,81474.89,522408.58,26120.43,467054.12
352,5,2019-04-01,213147.22,655956.68,0.0,442809.46
353,5,2019-05-01,84702.36,373773.62,0.0,289071.26
354,5,2019-06-01,110545.41,355818.49,53372.77,298645.85
355,5,2019-07-01,71943.46,459992.03,0.0,388048.57
356,5,2019-08-01,37397.09,128196.48,12819.65,103619.04
357,5,2019-09-01,22668.41,131580.39,19737.06,128649.04
358,5,2019-10-01,41842.48,99643.7,4982.19,62783.41
359,5,2019-11-01,36277.27,222585.45,33387.82,219696.0
360,5,2019-12-01,36683.83,172171.97,25825.8,161313.94
361,5,2020-01-01,137594.96,316152.8,31615.28,210173.12
362,5,2020-02-01,88272.31,770361.33,38518.07,720607.09
363,5,2020-03-01,71514.6,739226.15,0.0,667711.55
364,5,2020-04-01,141566.0,782372.11,117355.82,758161.93
365,5,2020-05-01,176004.48,434978.59,43497.86,302471.97
366,5,2020-06-01,147061.83,516087.6,77413.14,446438.91
367,5,2020-07-01,65809.17,195566.97,19556.7,149314.5
368,5,2020-08-01,20969.99,215563.1,0.0,194593.11
369,5,2020-09-01,18008.75,58470.97,2923.55,43385.77
370,5,2020-10-01,16688.68,57837.11,0.0,41148.43
371,5,2020-11-01,66420.85,197536.27,29630.44,160745.86
372,5,2020-12-01,90837.28,177096.58,26564.49,112823.79
373,5,2021-01-01,135237.39,454745.85,68211.88,387720.34
374,5,2021-02-01,111095.85,775389.09,77538.91,741832.15
375,5,2021-03-01,249218.61,604001.96,30200.1,384983.45
376,5,2021-04-01,118357.02,718717.22,107807.58,708167.78
377,5,2021-05-01,130561.58,512224.82,0.0,381663.24
378,5,2021-06-01,134941.35,495263.66,74289.55,434611.86
379,5,2021-07-01,60792.18,291337.13,0.0,230544.95
380,5,2021-08-01,21366.33,141024.22,0.0,119657.89
381,5,2021-09-01,25057.91,84872.81,0.0,59814.9
382,5,2021-10-01,14209.61,82867.05,4143.35,72800.79
383,5,2021-11-01,40400.02,231287.1,34693.07,225580.15
384,5,2021-12-01,47499.61,412524.06,41252.41,406276.86
385,5,2022-01-01,54622.07,567056.36,0.0,512434.29
386,5,2022-02-01,88591.63,461525.74,69228.86,442162.97
387,5,2022-03-01,108553.74,851335.79,0.0,742782.05
388,5,2022-04-01,91146.73,838206.49,125730.97,872790.73
389,5,2022-05-01,140321.8,600451.59,90067.74,550197.53
390,5,2022-06-01,111073.31,458772.57,68815.89,416515.15
391,5,2022-07-01,66515.74,359560.15,35956.02,329000.43
392,5,2022-08-01,41330.69,99009.59,0.0,57678.9
393,5,2022-09-01,29328.67,49612.24,7441.84,27725.41
394,5,2022-10-01,20528.48,110598.06,11059.81,101129.39
395,5,2022-11-01,33516.01,133554.24,20033.14,120071.37
396,5,2022-12-01,54502.61,195359.73,9767.99,150625.11
397,5,2023-01-01,138566.99,627343.48,0.0,488776.49
398,5,2023-02-01,184000.23,510100.07,0.0,326099.84
399,5,2023-03-01,187207.18,401875.28,40187.53,254855.63
400,5,2023-04-01,231038.03,821977.43,0.0,590939.4
401,5,2023-05-01,147596.94,511828.95,25591.45,389823.46
402,5,2023-06-01,122472.16,623659.48,62365.95,563553.27
403,5,2023-07-01,103618.6,360307.53,18015.38,274704.31
404,5,2023-08-01,36511.67,207764.18,20776.42,192028.93
405,5,2023-09-01,17253.85,49286.87,4928.69,36961.71
406,5,2023-10-01,33067.65,78774.12,3938.71,49645.18
407,5,2023-11-01,56361.65,179337.98,26900.7,149877.03
408,5,2023-12-01,96273.01,473276.33,23663.82,400667.14
409,5,2024-01-01,126841.24,343058.76,0.0,216217.52
410,5,2024-02-01,78901.05,736229.67,110434.45,767763.07
411,5,2024-03-01,85386.2,534998.29,80249.74,529861.83
412,5,2024-04-01,72185.39,557461.8,55746.18,541022.59
413,5,2024-05-01,92858.61,423303.59,0.0,330444.98
414,5,2024-06-01,51542.0,371081.71,55662.26,375201.97
415,5,2024-07-01,54844.26,275905.06,27590.51,248651.31
416,5,2024-08-01,33127.06,144474.8,7223.74,118571.48
417,5,2024-09-01,25003.68,104195.45,5209.77,84401.54
418,5,2024-10-01,21632.18,143829.81,0.0,122197.63
419,5,2024-11-01,49695.78,181505.55,9075.28,140885.05
420,5,2024-12-01,99059.63,248369.72,0.0,149310.09
421,6,2018-01-01,60955.48,442876.73,44287.67,426208.92
422,6,2018-02-01,111175.81,604593.79,90689.07,584107.05
423,6,2018-03-01,205280.97,539776.93,53977.69,388473.65
424,6,2018-04-01,199072.41,893278.41,0.0,694206.0
425,6,2018-05-01,77350.07,520973.65,26048.68,469672.26
426,6,2018-06-01,134210.83,566033.34,28301.67,460124.18
427,6,2018-07-01,78372.05,273374.68,41006.2,236008.83
428,6,2018-08-01,21862.62,68239.33,6823.93,53200.64
429,6,2018-09-01,19716.51,82975.27,0.0,63258.76
430,6,2018-10-01,25504.36,98657.01,14798.55,87951.2
431,6,2018-11-01,42280.39,198857.42,29828.61,186405.64
432,6,2018-12-01,72652.91,192691.2,0.0,120038.29
433,6,2019-01-01,46922.07,301126.3,45168.94,299373.17
434,6,2019-02-01,107882.36,706216.02,105932.4,704266.06
435,6,2019-03-01,112133.96,552221.82,82833.27,522921.13
436,6,2019-04-01,135839.37,380368.98,19018.45,263548.06
437,6,2019-05-01,121464.72,382572.51,38257.25,299365.04
438,6,2019-06-01,46169.22,252657.1,12632.86,219120.74
439,6,2019-07-01,38952.88,201671.67,0.0,162718.79
440,6,2019-08-01,27578.92,144785.75,7239.29,124446.12
441,6,2019-09-01,12109.94,64671.33,6467.13,59028.52
442,6,2019-10-01,14325.48,113584.24,5679.21,104937.97
443,6,2019-11-01,32614.9,163190.72,16319.07,146894.89
444,6,2019-12-01,52299.3,230088.1,11504.41,189293.21
445,6,2020-01-01,113471.27,386266.09,19313.3,292108.12
446,6,2020-02-01,191806.52,554415.55,27720.78,390329.81
447,6,2020-03-01,65759.49,928970.75,92897.08,956108.34
448,6,2020-04-01,186183.82,525876.34,52587.63,392280.15
449,6,2020-05-01,120130.18,680188.46,102028.27,662086.55
450,6,2020-06-01,69567.13,455795.29,22789.76,409017.92
451,6,2020-07-01,115829.84,374408.06,37440.81,296019.03
452,6,2020-08-01,24233.33,112612.44,5630.62,94009.73
453,6,2020-09-01,32790.94,117358.43,17603.76,102171.25
454,6,2020-10-01,16376.59,99493.06,9949.31,93065.78
455,6,2020-11-01,46180.01,144251.14,0.0,98071.13
456,6,2020-12-01,86960.28,409919.92,20496.0,343455.64
457,6,2021-01-01,110830.73,537393.96,80609.09,507172.32
458,6,2021-02-01,122537.51,312760.47,0.0,190222.96
459,6,2021-03-01,204733.74,1004499.24,100449.92,900215.42
460,6,2021-04-01,226938.59,755436.77,113315.52,641813.7
461,6,2021-05-01,105272.11,846622.46,0.0,741350.35
462,6,2021-06-01,84972.13,270738.54,13536.93,199303.34
463,6,2021-07-01,120379.32,365041.52,18252.08,262914.28
464,6,2021-08-01,52416.89,109623.19,16443.48,73649.78
465,6,2021-09-01,32247.55,62502.33,3125.12,33379.9
466,6,2021-10-01,15506.24,52553.72,5255.37,42302.85
467,6,2021-11-01,47191.76,200075.98,20007.6,172891.82
468,6,2021-12-01,113119.37,437554.02,21877.7,346312.35
469,6,2022-01-01,149777.8,432222.78,43222.28,325667.26
470,6,2022-02-01,145297.5,511940.41,51194.04,417836.95
471,6,2022-03-01,247991.45,514752.22,25737.61,292498.38
472,6,2022-04-01,102915.44,886775.63,133016.34,916876.53
473,6,2022-05-01,103965.96,563132.83,28156.64,487323.51
474,6,2022-06-01,96493.07,309996.88,46499.53,260003.34
475,6,2022-07-01,59198.16,192487.35,19248.74,152537.93
476,6,2022-08-01,35988.26,127880.16,12788.02,104679.92
477,6,2022-09-01,21594.83,85083.48,12762.52,76251.17
478,6,2022-10-01,15161.99,65966.86,6596.69,57401.56
479,6,2022-11-01,56786.42,111246.0,11124.6,65584.18
480,6,2022-12-01,71699.9,252967.81,0.0,181267.91
481,6,2023-01-01,142272.55,517631.12,0.0,375358.57
482,6,2023-02-01,92840.24,398815.32,59822.3,365797.38
483,6,2023-03-01,116144.72,811915.75,81191.58,776962.61
484,6,2023-04-01,240654.27,835343.91,83534.39,678224.03
485,6,2023-05-01,150248.9,417278.98,0.0,267030.08
486,6,2023-06-01,144387.75,280695.47,0.0,136307.72
487,6,2023-07-01,34864.64,210465.42,10523.27,186124.05
488,6,2023-08-01,58553.39,113490.9,0.0,54937.51
489,6,2023-09-01,18182.12,149240.22,22386.03,153444.13
490,6,2023-10-01,38529.11,62418.78,9362.82,33252.49
491,6,2023-11-01,35271.23,148642.88,0.0,113371.65
492,6,2023-12-01,80480.36,376271.33,18813.57,314604.54
493,6,2024-01-01,61636.1,626328.78,0.0,564692.68
494,6,2024-02-01,152254.86,377787.69,18889.38,244422.21
495,6,2024-03-01,88767.78,533886.22,80082.93,525201.37
496,6,2024-04-01,216080.69,571037.8,0.0,354957.11
497,6,2024-05-01,67025.4,319627.58,47944.14,300546.32
498,6,2024-06-01,148370.0,355527.62,53329.14,260486.76
499,6,2024-07-01,35720.61,201069.15,20106.92,185455.46
500,6,2024-08-01,19776.76,148276.61,7413.83,135913.68
501,6,2024-09-01,32956.17,119707.44,0.0,86751.27
502,6,2024-10-01,32568.7,47541.94,7131.29,22104.53
503,6,2024-11-01,43719.27,152612.55,0.0,108893.28
504,6,2024-12-01,49367.11,248888.78,12444.44,211966.11
505,7,2018-01-01,107491.07,765456.61,38272.83,696238.37
506,7,2018-02-01,76310.27,634081.1,31704.06,589474.89
507,7,2018-03-01,197591.95,763842.7,114576.4,680827.15
508,7,2018-04-01,111566.26,418641.79,41864.18,348939.71
509,7,2018-05-01,153778.16,432550.5,64882.57,343654.91
510,7,2018-06-01,148993.89,726132.76,36306.64,613445.51
511,7,2018-07-01,97403.36,307885.24,30788.52,241270.4
512,7,2018-08-01,184083.73,319746.33,15987.32,151649.92
513,7,2018-09-01,134706.54,457566.61,68634.99,391495.06
514,7,2018-10-01,146357.67,386002.54,0.0,239644.87
515,7,2018-11-01,174298.58,683361.05,34168.05,543230.52
516,7,2018-12-01,70793.33,502402.53,25120.13,456729.33
517,7,2019-01-01,70999.01,401411.41,60211.71,390624.11
518,7,2019-02-01,103543.43,437728.58,21886.43,356071.58
519,7,2019-03-01,57156.46,469309.84,0.0,412153.38
520,7,2019-04-01,159105.59,316469.95,0.0,157364.36
521,7,2019-05-01,93206.71,713744.17,107061.63,727599.09
522,7,2019-06-01,178514.17,457141.99,22857.1,301484.92
523,7,2019-07-01,121948.8,358840.52,35884.05,272775.77
524,7,2019-08-01,139209.18,548642.53,27432.13,436865.48
525,7,2019-09-01,121693.2,712663.88,71266.39,662237.07
526,7,2019-10-01,126542.0,546211.64,81931.75,501601.39
527,7,2019-11-01,56750.97,378804.66,37880.47,359934.16
528,7,2019-12-01,107778.94,401868.97,60280.35,354370.38
529,7,2020-01-01,111330.76,784121.91,117618.29,790409.44
530,7,2020-02-01,141547.77,694202.45,104130.37,656785.05
531,7,2020-03-01,169683.03,722154.86,108323.23,660795.06
532,7,2020-04-01,108682.9,560394.55,84059.18,535770.83
533,7,2020-05-01,132759.81,696369.46,0.0,563609.65
534,7,2020-06-01,113044.17,381902.36,0.0,268858.19
535,7,2020-07-01,138504.05,654787.05,65478.71,581761.71
536,7,2020-08-01,160445.19,630333.1,0.0,469887.91
537,7,2020-09-01,77609.13,328512.46,32851.25,283754.58
538,7,2020-10-01,71367.22,521275.68,26063.78,475972.24
539,7,2020-11-01,134850.5,371088.15,55663.22,291900.87
540,7,2020-12-01,187738.78,754682.47,37734.12,604677.81
541,7,2021-01-01,116759.62,450440.65,67566.1,401247.13
542,7,2021-02-01,96388.22,331292.33,16564.62,251468.73
543,7,2021-03-01,97219.61,491325.6,49132.56,443238.55
544,7,2021-04-01,117795.52,543672.31,81550.85,507427.64
545,7,2021-05-01,147202.19,519811.76,51981.18,424590.75
546,7,2021-06-01,129936.04,553789.51,0.0,423853.47
547,7,2021-07-01,85351.15,544231.07,0.0,458879.92
548,7,2021-08-01,171962.24,559033.34,0.0,387071.1
549,7,2021-09-01,77445.22,565100.04,0.0,487654.82
550,7,2021-10-01,109480.46,513522.8,51352.28,455394.62
551,7,2021-11-01,160144.5,634582.9,0.0,474438.4
552,7,2021-12-01,103027.65,524955.08,52495.51,474422.94
553,7,2022-01-01,172359.8,770966.06,38548.3,637154.56
554,7,2022-02-01,56093.61,539599.78,26979.99,510486.16
555,7,2022-03-01,189749.49,668332.62,66833.26,545416.39
556,7,2022-04-01,95128.07,349621.98,0.0,254493.91
557,7,2022-05-01,79578.19,666623.6,99993.54,687038.95
558,7,2022-06-01,184601.22,711509.06,106726.36,633634.2
559,7,2022-07-01,59106.73,725477.64,36273.88,702644.79
560,7,2022-08-01,128337.39,528368.35,0.0,400030.96
561,7,2022-09-01,186847.98,738604.35,36930.22,588686.59
562,7,2022-10-01,168619.13,361591.1,36159.11,229131.08
563,7,2022-11-01,121374.75,702241.53,35112.08,615978.86
564,7,2022-12-01,79789.77,587027.79,29351.39,536589.41
565,7,2023-01-01,143329.62,641935.08,64193.51,562798.97
566,7,2023-02-01,164496.28,507614.08,76142.11,419259.91
567,7,2023-03-01,85734.08,788380.57,118257.09,820903.58
568,7,2023-04-01,122182.41,297375.45,14868.77,190061.81
569,7,2023-05-01,72863.28,420869.17,0.0,348005.89
570,7,2023-06-01,113579.98,736818.88,73681.89,696920.79
571,7,2023-07-01,191707.42,301625.4,0.0,109917.98
572,7,2023-08-01,93353.91,624042.7,93606.4,624295.19
573,7,2023-09-01,59592.57,756918.51,0.0,697325.94
574,7,2023-10-01,110111.2,633893.52,63389.35,587171.67
575,7,2023-11-01,187919.94,318327.41,0.0,130407.47
576,7,2023-12-01,183942.34,588984.58,58898.46,463940.7
577,7,2024-01-01,111556.61,376127.81,18806.39,283377.59
578,7,2024-02-01,110014.34,635063.8,95259.57,620309.03
579,7,2024-03-01,131889.28,686541.42,102981.21,657633.35
580,7,2024-04-01,122799.58,617712.48,92656.87,587569.77
581,7,2024-05-01,175265.24,441543.19,0.0,266277.95
582,7,2024-06-01,156960.52,716363.99,0.0,559403.47
583,7,2024-07-01,119515.33,381886.83,38188.68,300560.18
584,7,2024-08-01,120926.7,599926.8,59992.68,538992.78
585,7,2024-09-01,95960.39,694322.85,34716.14,633078.6
586,7,2024-10-01,140590.2,405580.23,60837.03,325827.06
587,7,2024-11-01,119399.07,630719.84,63071.98,574392.75
588,7,2024-12-01,94311.29,608442.95,0.0,514131.66
589,8,2018-01-01,819819.36,2711285.41,271128.54,2162594.59
590,8,2018-02-01,378549.76,2588898.63,129444.93,2339793.8
591,8,2018-03-01,831783.59,4664751.84,233237.59,4066205.84
592,8,2018-04-01,777858.59,2137916.44,0.0,1360057.85
593,8,2018-05-01,663276.75,1716297.3,171629.73,1224650.28
594,8,2018-06-01,782483.4,2606311.09,260631.11,2084458.8
595,8,2018-07-01,417460.69,993049.59,99304.96,674893.86
596,8,2018-08-01,149893.08,1228036.09,184205.41,1262348.42
597,8,2018-09-01,110497.2,360659.23,0.0,250162.03
598,8,2018-10-01,130312.51,807631.0,40381.55,717700.04
599,8,2018-11-01,325045.84,958335.78,143750.37,777040.31
600,8,2018-12-01,548518.29,1800029.99,90001.5,1341513.2
601,8,2019-01-01,332576.21,2597164.61,129858.23,2394446.63
602,8,2019-02-01,879371.48,2554554.35,0.0,1675182.87
603,8,2019-03-01,515605.25,4661582.49,699237.37,4845214.61
604,8,2019-04-01,1008024.18,3327763.14,499164.47,2818903.43
605,8,2019-05-01,907498.61,2007077.34,200707.73,1300286.46
606,8,2019-06-01,594141.34,1506253.78,225938.07,1138050.51
607,8,2019-07-01,421359.03,958114.17,95811.42,632566.56
608,8,2019-08-01,199707.51,877793.13,0.0,678085.62
609,8,2019-09-01,90011.33,616880.62,30844.03,557713.32
610,8,2019-10-01,78337.62,534308.73,80146.31,536117.42
611,8,2019-11-01,274612.48,1128661.18,0.0,854048.7
612,8,2019-12-01,397655.51,1492683.98,74634.2,1169662.67
613,8,2020-01-01,699131.81,2848575.48,427286.32,2576729.99
614,8,2020-02-01,838337.58,2255297.21,0.0,1416959.63
615,8,2020-03-01,337362.69,2608258.5,130412.93,2401308.74
616,8,2020-04-01,654432.98,4069041.77,0.0,3414608.79
617,8,2020-05-01,911657.5,4127962.13,412796.21,3629100.84
618,8,2020-06-01,541770.18,1421787.78,213268.17,1093285.77
619,8,2020-07-01,568974.21,992584.86,0.0,423610.65
620,8,2020-08-01,225537.23,499058.5,24952.93,298474.2
621,8,2020-09-01,86761.8,309628.88,30962.89,253829.97
622,8,2020-10-01,171479.82,417376.42,20868.82,266765.42
623,8,2020-11-01,88687.47,633071.88,94960.78,639345.19
624,8,2020-12-01,384395.95,1798836.46,269825.47,1684265.98
625,8,2021-01-01,299056.7,1589955.15,158995.52,1449893.97
626,8,2021-02-01,605429.7,3710623.34,371062.33,3476255.97
627,8,2021-03-01,662642.85,3952073.83,0.0,3289430.98
628,8,2021-04-01,465791.68,3262623.47,326262.35,3123094.14
629,8,2021-05-01,632500.78,4037915.03,403791.5,3809205.75
630,8,2021-06-01,320068.08,1358654.44,135865.44,1174451.8
631,8,2021-07-01,567815.05,1146329.13,171949.37,750463.45
632,8,2021-08-01,121863.54,877496.96,87749.7,843383.12
633,8,2021-09-01,143228.15,438474.03,65771.1,361016.98
634,8,2021-10-01,94739.54,544757.12,27237.86,477255.44
635,8,2021-11-01,275942.52,497152.23,49715.22,270924.93
636,8,2021-12-01,470902.09,1960858.85,196085.89,1686042.65
637,8,2022-01-01,322103.18,1840069.43,0.0,1517966.25
638,8,2022-02-01,513485.68,4025826.5,603873.97,4116214.79
639,8,2022-03-01,1075822.43,2923550.71,0.0,1847728.28
640,8,2022-04-01,538114.64,3792689.72,568903.46,3823478.54
641,8,2022-05-01,744117.8,3395584.48,169779.22,2821245.9
642,8,2022-06-01,355836.73,2988805.64,149440.28,2782409.19
643,8,2022-07-01,427386.52,963118.42,48155.92,583887.82
644,8,2022-08-01,288247.32,876439.65,131465.95,719658.28
645,8,2022-09-01,137158.73,572726.0,57272.6,492839.87
646,8,2022-10-01,101458.29,319900.17,15995.01,234436.89
647,8,2022-11-01,304253.17,798864.98,119829.75,614441.56
648,8,2022-12-01,256553.26,965034.58,96503.46,804984.78
649,8,2023-01-01,802679.32,2399980.42,119999.02,1717300.12
650,8,2023-02-01,570920.69,1850310.05,185031.01,1464420.37
651,8,2023-03-01,589051.29,5014440.38,250722.02,4676111.11
652,8,2023-04-01,1117990.65,4400486.21,660072.93,3942568.49
653,8,2023-05-01,322969.5,2065955.49,0.0,1742985.99
654,8,2023-06-01,769916.99,2061807.27,0.0,1291890.28
655,8,2023-07-01,557634.71,1261642.47,0.0,704007.76
656,8,2023-08-01,344760.03,561149.08,0.0,216389.05
657,8,2023-09-01,116123.02,526865.9,0.0,410742.88
658,8,2023-10-01,146980.79,464991.34,0.0,318010.55
659,8,2023-11-01,122788.67,731767.91,36588.4,645567.64
660,8,2023-12-01,475644.94,1788240.66,268236.1,1580831.82
661,8,2024-01-01,816529.38,2216934.73,332540.21,1732945.56
662,8,2024-02-01,319761.42,2836648.79,283664.88,2800552.25
663,8,2024-03-01,511619.13,3592734.75,538910.21,3620025.83
664,8,2024-04-01,987752.72,4250285.57,212514.28,3475047.13
665,8,2024-05-01,526942.17,3394205.89,169710.29,3036974.01
666,8,2024-06-01,488520.6,1922278.92,0.0,1433758.32
667,8,2024-07-01,339252.03,1541808.45,231271.27,1433827.69
668,8,2024-08-01,186989.43,472521.26,47252.13,332783.96
669,8,2024-09-01,92231.87,329723.35,49458.5,286949.98
670,8,2024-10-01,98985.76,426627.04,42662.7,370303.98
671,8,2024-11-01,252901.53,1132928.55,56646.43,936673.45
672,8,2024-12-01,353387.85,889041.17,0.0,535653.32
673,9,2018-01-01,448954.44,1533507.4,230026.11,1314579.07
674,9,2018-02-01,536269.42,1094297.48,54714.87,612742.93
675,9,2018-03-01,416222.14,2240950.07,0.0,1824727.93
676,9,2018-04-01,502870.08,2535412.85,0.0,2032542.77
677,9,2018-05-01,489130.21,2622283.1,262228.31,2395381.2
678,9,2018-06-01,494929.03,864884.85,86488.49,456444.31
679,9,2018-07-01,237560.4,695157.56,34757.88,492355.04
680,9,2018-08-01,77836.69,589568.0,88435.2,600166.51
681,9,2018-09-01,66502.83,250268.36,12513.42,196278.95
682,9,2018-10-01,103516.16,310280.52,31028.05,237792.41
683,9,2018-11-01,112482.64,586504.03,87975.6,561996.99
684,9,2018-12-01,365563.44,1304960.96,65248.05,1004645.57
685,9,2019-01-01,245198.76,1756081.03,263412.15,1774294.42
686,9,2019-02-01,619105.52,2107492.87,0.0,1488387.35
687,9,2019-03-01,730939.38,3314527.0,331452.7,2915040.32
688,9,2019-04-01,571213.69,2644130.14,0.0,2072916.45
689,9,2019-05-01,717109.25,2186393.22,218639.32,1687923.29
690,9,2019-06-01,390553.35,1136679.07,113667.91,859793.63
691,9,2019-07-01,335136.36,1254555.86,125455.59,1044875.09
692,9,2019-08-01,224388.79,524830.29,78724.54,379166.04
693,9,2019-09-01,76003.74,374104.24,56115.64,354216.14
694,9,2019-10-01,131119.59,188751.08,18875.11,76506.6
695,9,2019-11-01,192961.89,725827.06,36291.35,569156.52
696,9,2019-12-01,317741.13,1604518.94,0.0,1286777.81
697,9,2020-01-01,579106.42,1839586.03,183958.6,1444438.21
698,9,2020-02-01,456117.45,1803294.83,90164.74,1437342.12
699,9,2020-03-01,764185.53,1325042.08,0.0,560856.55
700,9,2020-04-01,682929.41,2845209.58,426781.44,2589061.61
701,9,2020-05-01,687620.89,2689134.66,0.0,2001513.77
702,9,2020-06-01,355241.87,1693583.01,84679.15,1423020.29
703,9,2020-07-01,328121.95,900454.42,45022.72,617355.19
704,9,2020-08-01,82628.0,607380.63,0.0,524752.63
705,9,2020-09-01,84922.39,307991.5,46198.72,269267.83
706,9,2020-10-01,60180.83,364597.82,36459.78,340876.77
707,9,2020-11-01,158332.4,541983.42,0.0,383651.02
708,9,2020-12-01,228147.1,1483268.79,0.0,1255121.69
709,9,2021-01-01,199781.17,2150327.78,322549.17,2273095.78
710,9,2021-02-01,582799.51,2190714.65,109535.73,1717450.87
711,9,2021-03-01,499543.88,3270782.2,0.0,2771238.32
712,9,2021-04-01,492990.85,3350584.83,167529.24,3025123.22
713,9,2021-05-01,339563.74,1984690.51,198469.05,1843595.82
714,9,2021-06-01,160676.3,1450579.64,217586.95,1507490.29
715,9,2021-07-01,208837.03,974481.56,146172.23,911816.76
716,9,2021-08-01,100528.48,381130.56,19056.53,299658.61
717,9,2021-09-01,67782.52,357697.74,53654.66,343569.88
718,9,2021-10-01,100772.76,348453.26,34845.33,282525.83
719,9,2021-11-01,171189.95,492322.86,49232.29,370365.2
720,9,2021-12-01,243736.53,1554266.43,0.0,1310529.9
721,9,2022-01-01,555855.8,1087442.87,0.0,531587.07
722,9,2022-02-01,391770.81,1146395.96,114639.6,869264.75
723,9,2022-03-01,450908.54,2731308.84,136565.44,2416965.74
724,9,2022-04-01,676230.03,1426345.93,0.0,750115.9
725,9,2022-05-01,621125.8,2065810.4,103290.52,1547975.12
726,9,2022-06-01,427288.4,1801299.34,270194.9,1644205.84
727,9,2022-07-01,274487.91,650536.31,0.0,376048.4
728,9,2022-08-01,214783.81,569417.21,28470.86,383104.26
729,9,2022-09-01,118359.72,289846.72,14492.34,185979.34
730,9,2022-10-01,72097.36,301120.25,30112.03,259134.92
731,9,2022-11-01,232564.0,492006.28,24600.31,284042.59
732,9,2022-12-01,163359.63,846949.63,0.0,683590.0
733,9,2023-01-01,381249.42,1047916.22,0.0,666666.8
734,9,2023-02-01,453691.58,1763754.82,0.0,1310063.24
735,9,2023-03-01,855313.51,2795870.13,419380.52,2359937.14
736,9,2023-04-01,599128.62,2358677.35,117933.87,1877482.6
737,9,2023-05-01,554737.54,2229000.47,222900.05,1897162.98
738,9,2023-06-01,255558.53,2065991.39,206599.14,2017032.0
739,9,2023-07-01,254401.11,1457456.12,0.0,1203055.01
740,9,2023-08-01,152447.27,367949.51,0.0,215502.24
741,9,2023-09-01,113216.98,408799.97,40880.0,336462.99
742,9,2023-10-01,120258.15,383156.91,57473.54,320372.3
743,9,2023-11-01,97569.87,625239.65,0.0,527669.78
744,9,2023-12-01,349375.81,1125949.48,168892.42,945466.09
745,9,2024-01-01,272648.96,1226344.39,61317.22,1015012.65
746,9,2024-02-01,506010.08,1673495.28,167349.53,1334834.73
747,9,2024-03-01,491654.85,1375923.11,68796.16,953064.42
748,9,2024-04-01,382388.03,1652014.82,165201.48,1434828.27
749,9,2024-05-01,410819.68,1174707.63,58735.38,822623.33
750,9,2024-06-01,365593.89,2016876.94,100843.85,1752126.9
751,9,2024-07-01,160004.19,751839.43,112775.91,704611.15
752,9,2024-08-01,147773.94,673794.09,33689.7,559709.85
753,9,2024-09-01,85085.88,240713.09,24071.31,179698.52
754,9,2024-10-01,90054.72,388522.01,38852.2,337319.49
755,9,2024-11-01,162351.5,670563.33,67056.33,575268.16
756,9,2024-12-01,273602.92,1521333.77,152133.38,1399864.23
757,10,2018-01-01,736639.48,5516603.97,551660.4,5331624.89
758,10,2018-02-01,825331.83,3073624.73,461043.71,2709336.61
759,10,2018-03-01,1298211.61,3252605.49,162630.27,2117024.15
760,10,2018-04-01,420434.79,3665072.4,549760.86,3794398.47
761,10,2018-05-01,689233.7,2984208.72,0.0,2294975.02
762,10,2018-06-01,913780.52,3046143.18,0.0,2132362.66
763,10,2018-07-01,535950.58,3234957.76,0.0,2699007.18
764,10,2018-08-01,1345428.76,5493112.13,0.0,4147683.37
765,10,2018-09-01,1006782.3,4145230.29,414523.03,3552971.02
766,10,2018-10-01,617305.95,3781654.93,567248.24,3731597.22
767,10,2018-11-01,967794.96,3669953.05,183497.65,2885655.74
768,10,2018-12-01,1365761.61,3939117.93,590867.69,3164224.01
769,10,2019-01-01,497319.36,4915245.24,0.0,4417925.88
770,10,2019-02-01,779350.44,2565683.06,0.0,1786332.62
771,10,2019-03-01,1029747.18,5507431.9,0.0,4477684.72
772,10,2019-04-01,987827.91,4641866.93,696280.04,4350319.06
773,10,2019-05-01,714054.93,2157099.65,323564.95,1766609.67
774,10,2019-06-01,386751.8,2810661.16,0.0,2423909.36
775,10,2019-07-01,889885.87,4693944.21,0.0,3804058.34
776,10,2019-08-01,1391709.07,5610922.94,280546.15,4499760.02
777,10,2019-09-01,546597.46,4825095.69,482509.57,4761007.8
778,10,2019-10-01,937667.06,3461513.3,0.0,2523846.24
779,10,2019-11-01,376194.72,5521402.52,276070.13,5421277.93
780,10,2019-12-01,461412.3,2621923.96,131096.2,2291607.86
781,10,2020-01-01,920699.9,5083165.21,762474.78,4924940.09
782,10,2020-02-01,1226343.25,3924728.97,0.0,2698385.72
783,10,2020-03-01,856008.92,4190609.14,0.0,3334600.22
784,10,2020-04-01,380607.36,5097049.42,509704.94,5226147.0
785,10,2020-05-01,1187897.93,2431895.39,243189.54,1487187.0
786,10,2020-06-01,871478.63,5412967.11,541296.71,5082785.19
787,10,2020-07-01,817071.8,2454031.55,245403.15,1882362.9
788,10,2020-08-01,1408853.85,4814881.11,481488.11,3887515.37
789,10,2020-09-01,1136339.82,3129321.8,469398.27,2462380.25
790,10,2020-10-01,937098.42,4229417.56,0.0,3292319.14
791,10,2020-11-01,1389993.65,4285164.08,428516.41,3323686.84
792,10,2020-12-01,1327405.46,2887373.81,0.0,1559968.35
793,10,2021-01-01,696774.64,3458779.86,345877.99,3107883.21
794,10,2021-02-01,1219595.05,3797274.69,189863.73,2767543.37
795,10,2021-03-01,934190.2,2236027.11,0.0,1301836.91
796,10,2021-04-01,1014497.5,3710805.48,185540.27,2881848.25
797,10,2021-05-01,825943.55,3156272.61,0.0,2330329.06
798,10,2021-06-01,984738.51,5109804.48,0.0,4125065.97
799,10,2021-07-01,1435677.15,5224455.59,261222.78,4050001.22
800,10,2021-08-01,1284307.76,3575303.38,357530.34,2648525.96
801,10,2021-09-01,1134802.66,5035470.22,755320.53,4655988.09
802,10,2021-10-01,1174544.48,2651975.47,0.0,1477430.99
803,10,2021-11-01,933811.8,3582395.7,0.0,2648583.9
804,10,2021-12-01,1353222.73,4507574.47,676136.17,3830487.91
805,10,2022-01-01,578875.13,2499075.8,124953.79,2045154.46
806,10,2022-02-01,830420.27,3482526.71,174126.34,2826232.78
807,10,2022-03-01,1364061.34,4786397.87,239319.89,3661656.42
808,10,2022-04-01,1324700.41,5111865.83,766779.87,4553945.29
809,10,2022-05-01,1441231.13,2527134.15,0.0,1085903.02
810,10,2022-06-01,435002.11,3407852.0,170392.6,3143242.49
811,10,2022-07-01,491202.72,3365435.59,504815.34,3379048.21
812,10,2022-08-01,409541.77,3950716.83,395071.68,3936246.74
813,10,2022-09-01,1024988.85,2579183.49,257918.35,1812112.99
814,10,2022-10-01,713373.57,2182185.1,109109.26,1577920.79
815,10,2022-11-01,561820.04,3405150.95,0.0,2843330.91
816,10,2022-12-01,1302666.69,5427341.09,542734.11,4667408.51
817,10,2023-01-01,1232904.31,3851557.14,0.0,2618652.83
818,10,2023-02-01,599350.5,2945467.81,0.0,2346117.31
819,10,2023-03-01,864502.39,2346406.92,351961.04,1833865.57
820,10,2023-04-01,680426.13,4159262.14,0.0,3478836.01
821,10,2023-05-01,555579.09,5227203.3,784080.49,5455704.7
822,10,2023-06-01,1009810.08,4521322.49,0.0,3511512.41
823,10,2023-07-01,881791.74,2198626.64,329794.0,1646628.9
824,10,2023-08-01,1392858.95,3421047.86,513157.18,2541346.09
825,10,2023-09-01,1231474.34,3368798.17,0.0,2137323.83
826,10,2023-10-01,1345260.93,2688750.45,0.0,1343489.52
827,10,2023-11-01,936196.9,2190741.01,328611.15,1583155.26
828,10,2023-12-01,1076136.85,4964152.78,248207.64,4136223.57
829,10,2024-01-01,712934.72,2739292.3,0.0,2026357.58
830,10,2024-02-01,520889.84,4193393.39,419339.34,4091842.89
831,10,2024-03-01,1261831.76,3801606.73,380160.67,2919935.64
832,10,2024-04-01,1350546.51,2636120.77,263612.08,1549186.34
833,10,2024-05-01,715511.22,3922154.94,0.0,3206643.72
834,10,2024-06-01,859287.31,2742563.0,274256.3,2157531.99
835,10,2024-07-01,971476.91,3316661.88,165833.09,2511018.06
836,10,2024-08-01,435835.39,2646141.05,0.0,2210305.66
837,10,2024-09-01,1279381.59,3850752.92,577612.94,3148984.27
838,10,2024-10-01,443744.22,3263195.33,163159.77,2982610.88
839,10,2024-11-01,988806.05,2609296.02,260929.6,1881419.57
840,10,2024-12-01,696382.66,4436136.59,0.0,3739753.93
841,11,2018-01-01,47108.01,103065.45,5153.27,61110.71
842,11,2018-02-01,37541.76,92553.03,9255.3,64266.57
843,11,2018-03-01,26628.46,235991.13,23599.11,232961.78
844,11,2018-04-01,37829.7,136898.96,20534.84,119604.1
845,11,2018-05-01,42082.54,185593.05,9279.65,152790.16
846,11,2018-06-01,37837.28,69875.18,3493.76,35531.66
847,11,2018-07-01,32856.03,122904.58,6145.23,96193.78
848,11,2018-08-01,22034.92,108615.41,10861.54,97442.03
849,11,2018-09-01,34020.34,148764.16,7438.21,122182.03
850,11,2018-10-01,47539.59,161909.76,0.0,114370.17
851,11,2018-11-01,19763.14,165176.68,24776.5,170190.04
852,11,2018-12-01,32866.07,186730.25,18673.03,172537.21
853,11,2019-01-01,51739.43,109133.65,16370.05,73764.27
854,11,2019-02-01,50680.71,215495.25,0.0,164814.54
855,11,2019-03-01,25425.48,147978.38,22196.76,144749.66
856,11,2019-04-01,15455.4,125445.23,18816.78,128806.61
857,11,2019-05-01,18744.08,151871.86,0.0,133127.78
858,11,2019-06-01,31086.51,68755.02,0.0,37668.51
859,11,2019-07-01,29272.61,153967.93,0.0,124695.32
860,11,2019-08-01,30671.52,161330.31,16133.03,146791.82
861,11,2019-09-01,27638.77,207530.52,20753.05,200644.8
862,11,2019-10-01,41997.97,228519.9,22851.99,209373.92
863,11,2019-11-01,26260.21,234500.41,35175.06,243415.26
864,11,2019-12-01,64615.39,129131.19,6456.56,70972.36
865,11,2020-01-01,61680.31,105839.58,0.0,44159.27
866,11,2020-02-01,29297.08,166584.71,8329.24,145616.87
867,11,2020-03-01,34120.3,176139.65,17613.97,159633.32
868,11,2020-04-01,17454.5,142838.19,21425.73,146809.42
869,11,2020-05-01,35349.21,107440.9,5372.05,77463.74
870,11,2020-06-01,15269.73,80544.92,12081.74,77356.93
871,11,2020-07-01,49542.92,102494.69,5124.73,58076.5
872,11,2020-08-01,49847.63,211626.36,31743.95,193522.68
873,11,2020-09-01,33883.84,133209.64,13320.96,112646.76
874,11,2020-10-01,27510.39,111042.72,0.0,83532.33
875,11,2020-11-01,28996.88,142541.8,14254.18,127799.1
876,11,2020-12-01,52065.5,248096.44,24809.64,220840.58
877,11,2021-01-01,61019.95,272720.76,27272.08,238972.89
878,11,2021-02-01,47828.84,126676.95,6333.85,85181.96
879,11,2021-03-01,37307.23,151020.59,15102.06,128815.42
880,11,2021-04-01,23998.12,168642.75,8432.14,153076.77
881,11,2021-05-01,46923.27,185226.93,27784.04,166087.7
882,11,2021-06-01,21856.86,141182.87,14118.29,133444.3
883,11,2021-07-01,34304.66,103798.02,5189.9,74683.26
884,11,2021-08-01,14525.46,171754.36,8587.72,165816.62
885,11,2021-09-01,19589.97,207151.1,10357.56,197918.69
886,11,2021-10-01,50960.11,128711.57,0.0,77751.46
887,11,2021-11-01,24817.85,203034.84,10151.74,188368.73
888,11,2021-12-01,64020.83,180547.98,27082.2,143609.35
889,11,2022-01-01,52156.14,234763.02,35214.45,217821.33
890,11,2022-02-01,44744.88,94683.57,4734.18,54672.87
891,11,2022-03-01,56422.61,103312.67,0.0,46890.06
892,11,2022-04-01,49608.27,87121.32,8712.13,46225.18
893,11,2022-05-01,13803.27,83958.05,12593.71,82748.49
894,11,2022-06-01,43700.01,155440.9,23316.13,135057.02
895,11,2022-07-01,37567.49,133716.97,13371.7,109521.18
896,11,2022-08-01,19705.63,103335.78,15500.37,99130.52
897,11,2022-09-01,38119.54,100366.73,15055.01,77302.2
898,11,2022-10-01,33181.37,116946.62,11694.66,95459.91
899,11,2022-11-01,38358.61,119339.57,11933.96,92914.92
900,11,2022-12-01,60167.69,214191.12,32128.67,186152.1
901,11,2023-01-01,26653.58,128840.3,0.0,102186.72
902,11,2023-02-01,27861.99,209998.56,10499.93,192636.5
903,11,2023-03-01,19979.53,148089.02,14808.9,142918.39
904,11,2023-04-01,22715.81,215189.49,10759.47,203233.15
905,11,2023-05-01,15811.48,146449.37,21967.41,152605.3
906,11,2023-06-01,16072.98,142113.31,0.0,126040.33
907,11,2023-07-01,33111.12,132070.2,0.0,98959.08
908,11,2023-08-01,23797.57,180425.44,18042.54,174670.41
909,11,2023-09-01,45629.76,184488.08,18448.81,157307.13
910,11,2023-10-01,38816.82,187693.83,0.0,148877.01
911,11,2023-11-01,29333.54,239625.91,0.0,210292.37
912,11,2023-12-01,26057.1,249007.01,12450.35,235400.26
913,11,2024-01-01,36598.48,134617.0,6730.85,104749.37
914,11,2024-02-01,28774.63,172842.91,0.0,144068.28
915,11,2024-03-01,54860.3,98661.31,4933.07,48734.08
916,11,2024-04-01,42330.13,152119.97,7606.0,117395.84
917,11,2024-05-01,37486.39,202037.66,0.0,164551.27
918,11,2024-06-01,49870.04,160736.65,24110.5,134977.11
919,11,2024-07-01,35453.64,157098.67,7854.93,129499.96
920,11,2024-08-01,27556.94,137689.65,0.0,110132.71
921,11,2024-09-01,32216.26,124460.99,18669.15,110913.88
922,11,2024-10-01,47387.45,117236.37,0.0,69848.92
923,11,2024-11-01,20340.7,188361.05,0.0,168020.35
924,11,2024-12-01,64601.0,186915.64,18691.56,141006.2
925,12,2018-01-01,2146574.27,3954630.76,395463.08,2203519.57
926,12,2018-02-01,1475978.25,5217778.65,0.0,3741800.4
927,12,2018-03-01,2444058.7,9697248.56,0.0,7253189.86
928,12,2018-04-01,1596653.71,8150470.5,1222570.57,7776387.36
929,12,2018-05-01,1619501.07,9189837.0,0.0,7570335.93
930,12,2018-06-01,2123127.13,8830244.17,441512.21,7148629.25
931,12,2018-07-01,1712266.96,5509147.71,275457.39,4072338.14
932,12,2018-08-01,1619018.84,5415641.38,812346.21,4608968.75
933,12,2018-09-01,708679.52,4722357.14,472235.71,4485913.33
934,12,2018-10-01,1467816.83,8875992.77,0.0,7408175.94
935,12,2018-11-01,1515799.03,8118067.0,1217710.05,7819978.02
936,12,2018-12-01,2281048.02,9873622.36,493681.12,8086255.46
937,12,2019-01-01,1671881.38,4563953.03,456395.3,3348466.95
938,12,2019-02-01,1993038.7,8275119.59,413755.98,6695836.87
939,12,2019-03-01,1958946.7,10140074.67,1521011.2,9702139.17
940,12,2019-04-01,1076229.08,4666258.0,466625.8,4056654.72
941,12,2019-05-01,1095764.8,9931511.67,993151.17,9828898.04
942,12,2019-06-01,1685609.75,9776371.07,977637.11,9068398.43
943,12,2019-07-01,1165368.23,5065319.9,506531.99,4406483.66
944,12,2019-08-01,1815165.75,7643458.72,382172.94,6210465.91
945,12,2019-09-01,937162.35,8896256.89,444812.84,8403907.38
946,12,2019-10-01,2405046.42,6606278.12,660627.81,4861859.51
947,12,2019-11-01,1722087.81,5392973.71,0.0,3670885.9
948,12,2019-12-01,2414308.4,5455868.5,545586.85,3587146.95
949,12,2020-01-01,1329773.18,10319665.02,1547949.75,10537841.59
950,12,2020-02-01,1705743.3,3675256.17,551288.43,2520801.3
951,12,2020-03-01,2417527.84,7177719.89,1076657.98,5836850.03
952,12,2020-04-01,1255040.47,9982349.88,1497352.48,10224661.89
953,12,2020-05-01,1713872.72,6477125.07,0.0,4763252.35
954,12,2020-06-01,1023014.53,8719087.96,871908.8,8567982.23
955,12,2020-07-01,2129862.89,8420849.03,1263127.35,7554113.49
956,12,2020-08-01,728360.55,9358488.14,0.0,8630127.59
957,12,2020-09-01,690663.4,6562169.42,656216.94,6527722.96
958,12,2020-10-01,748744.13,5975472.02,896320.8,6123048.69
959,12,2020-11-01,903818.9,5634030.77,281701.54,5011913.41
960,12,2020-12-01,2380701.05,4349705.45,434970.55,2403974.95
961,12,2021-01-01,773467.26,9088937.41,0.0,8315470.15
962,12,2021-02-01,1306822.28,8869443.32,1330416.5,8893037.54
963,12,2021-03-01,2564968.39,7684745.31,1152711.8,6272488.72
964,12,2021-04-01,809499.95,5963709.79,298185.49,5452395.33
965,12,2021-05-01,2158519.23,5807598.03,580759.8,4229838.6
966,12,2021-06-01,2282651.07,6711038.38,1006655.76,5435043.07
967,12,2021-07-01,1098421.6,8493168.16,1273975.22,8668721.78
968,12,2021-08-01,1172081.16,6607872.37,991180.86,6426972.07
969,12,2021-09-01,2472008.75,4515358.19,0.0,2043349.44
970,12,2021-10-01,2535052.67,9305312.17,1395796.83,8166056.33
971,12,2021-11-01,1435676.34,6919229.98,691923.0,6175476.64
972,12,2021-12-01,1897459.95,4294187.48,0.0,2396727.53
973,12,2022-01-01,2530504.86,6504126.74,325206.34,4298828.22
974,12,2022-02-01,760043.42,5525859.32,0.0,4765815.9
975,12,2022-03-01,1971310.33,4475227.4,671284.11,3175201.18
976,12,2022-04-01,2150626.31,5911130.68,295556.53,4056060.9
977,12,2022-05-01,951182.52,7885871.41,0.0,6934688.89
978,12,2022-06-01,1424020.9,7744664.56,774466.46,7095110.12
979,12,2022-07-01,700476.57,8332560.49,833256.05,8465339.97
980,12,2022-08-01,1602775.73,6751714.16,337585.71,5486524.14
981,12,2022-09-01,1724612.67,9538616.49,953861.65,8767865.47
982,12,2022-10-01,783743.27,9016745.5,1352511.82,9585514.05
983,12,2022-11-01,2469300.71,7292539.48,364626.97,5187865.74
984,12,2022-12-01,1427421.57,8272137.14,0.0,6844715.57
985,12,2023-01-01,849033.17,5582387.04,558238.7,5291592.57
986,12,2023-02-01,676570.53,7891962.68,1183794.4,8399186.55
987,12,2023-03-01,2310072.73,7241589.71,0.0,4931516.98
988,12,2023-04-01,780438.35,5574318.21,0.0,4793879.86
989,12,2023-05-01,804071.99,9311309.34,0.0,8507237.35
990,12,2023-06-01,2434103.94,6156236.02,307811.8,4029943.88
991,12,2023-07-01,1746807.79,9620380.81,481019.04,8354592.06
992,12,2023-08-01,1575108.42,8348495.14,834849.51,7608236.23
993,12,2023-09-01,1511727.16,9465057.78,0.0,7953330.62
994,12,2023-10-01,1352993.12,4674236.18,467423.62,3788666.68
995,12,2023-11-01,1930011.2,7498334.49,1124750.17,6693073.46
996,12,2023-12-01,1653907.17,8815671.33,881567.13,8043331.29
997,12,2024-01-01,1705309.0,3995172.79,0.0,2289863.79
998,12,2024-02-01,1284286.77,8662534.64,433126.73,7811374.6
999,12,2024-03-01,1185011.86,4453769.33,668065.4,3936822.87
1000,12,2024-04-01,1439358.91,6449501.89,967425.28,5977568.26
1001,12,2024-05-01,867637.25,8367364.2,1255104.63,8754831.58
1002,12,2024-06-01,1372690.07,8526193.1,852619.31,8006122.34
1003,12,2024-07-01,1671811.95,5162675.38,774401.31,4265264.74
1004,12,2024-08-01,917568.86,5369584.15,805437.62,5257452.91
1005,12,2024-09-01,2234930.58,9014268.75,1352140.31,8131478.48
1006,12,2024-10-01,2588918.27,6469171.38,0.0,3880253.11
1007,12,2024-11-01,1507690.84,4060103.04,203005.15,2755417.35
1008,12,2024-12-01,1144841.63,7986604.07,1197990.61,8039753.05
1009,13,2018-01-01,721363.42,3322332.0,332233.2,2933201.78
1010,13,2018-02-01,831295.23,2279226.14,227922.61,1675853.52
1011,13,2018-03-01,1210419.63,3660103.11,0.0,2449683.48
1012,13,2018-04-01,1004473.11,2328976.11,0.0,1324503.0
1013,13,2018-05-01,990217.06,3310482.73,165524.14,2485789.81
1014,13,2018-06-01,979284.05,2396986.02,0.0,1417701.97
1015,13,2018-07-01,1066349.44,2033746.96,305062.04,1272459.56
1016,13,2018-08-01,615752.13,4518149.17,451814.92,4354211.96
1017,13,2018-09-01,656919.66,4402343.14,0.0,3745423.48
1018,13,2018-10-01,835568.39,2041350.33,306202.55,1511984.49
1019,13,2018-11-01,1332367.64,2153358.61,107667.93,928658.9
1020,13,2018-12-01,990309.09,5238781.94,785817.29,5034290.14
1021,13,2019-01-01,699177.01,2339204.21,0.0,1640027.2
1022,13,2019-02-01,887930.96,3271116.71,0.0,2383185.75
1023,13,2019-03-01,365871.07,2108575.91,105428.8,1848133.64
1024,13,2019-04-01,667663.27,1986523.4,198652.34,1517512.47
1025,13,2019-05-01,872955.03,3793169.39,189658.47,3109872.83
1026,13,2019-06-01,595803.24,3562869.02,0.0,2967065.78
1027,13,2019-07-01,888229.96,1751220.01,262683.0,1125673.05
1028,13,2019-08-01,765385.54,4375295.03,656294.25,4266203.74
1029,13,2019-09-01,862536.67,2483234.49,248323.45,1869021.27
1030,13,2019-10-01,1319838.24,2289571.25,114478.56,1084211.57
1031,13,2019-11-01,729375.61,5345640.92,0.0,4616265.31
1032,13,2019-12-01,709756.17,5409447.73,811417.16,5511108.72
1033,13,2020-01-01,1158878.14,3493486.0,349348.6,2683956.46
1034,13,2020-02-01,548251.0,3823874.32,191193.72,3466817.04
1035,13,2020-03-01,441970.83,4426762.45,221338.12,4206129.74
1036,13,2020-04-01,752297.13,3487344.72,348734.47,3083782.06
1037,13,2020-05-01,837116.65,2294793.27,114739.66,1572416.28
1038,13,2020-06-01,383977.37,2414866.63,241486.66,2272375.92
1039,13,2020-07-01,588324.35,1966907.93,295036.19,1673619.77
1040,13,2020-08-01,758394.96,4137914.52,206895.73,3586415.29
1041,13,2020-09-01,863099.34,1985517.0,99275.85,1221693.51
1042,13,2020-10-01,787580.54,3787229.19,378722.92,3378371.57
1043,13,2020-11-01,869836.35,3553763.45,533064.52,3216991.62
1044,13,2020-12-01,936647.84,5735375.44,286768.77,5085496.37
1045,13,2021-01-01,1107831.42,4134207.75,413420.78,3439797.11
1046,13,2021-02-01,858283.19,3197120.86,0.0,2338837.67
1047,13,2021-03-01,903661.33,4578627.21,686794.08,4361759.96
1048,13,2021-04-01,471210.65,3235663.87,485349.58,3249802.8
1049,13,2021-05-01,458947.14,3812514.19,381251.42,3734818.47
1050,13,2021-06-01,718672.56,2938161.13,440724.17,2660212.74
1051,13,2021-07-01,1118688.76,3689513.31,0.0,2570824.55
1052,13,2021-08-01,618089.69,2161152.37,0.0,1543062.68
1053,13,2021-09-01,801760.75,3856768.3,192838.42,3247845.97
1054,13,2021-10-01,1110027.68,4009691.9,400969.19,3300633.41
1055,13,2021-11-01,378638.26,2522402.71,126120.14,2269884.59
1056,13,2021-12-01,448504.95,5189318.4,259465.92,5000279.37
1057,13,2022-01-01,1359054.53,3498535.23,349853.52,2489334.22
1058,13,2022-02-01,1143994.01,4171075.81,0.0,3027081.8
1059,13,2022-03-01,599888.48,4459588.97,222979.45,4082679.94
1060,13,2022-04-01,479955.56,2923726.52,438558.98,2882329.94
1061,13,2022-05-01,1131528.59,2484483.06,124224.15,1477178.62
1062,13,2022-06-01,1063023.25,2763209.22,0.0,1700185.97
1063,13,2022-07-01,869901.13,2839440.3,0.0,1969539.17
1064,13,2022-08-01,613563.75,2798688.71,0.0,2185124.96
1065,13,2022-09-01,415645.4,4813354.37,722003.16,5119712.13
1066,13,2022-10-01,988620.6,4497869.27,674680.39,4183929.06
1067,13,2022-11-01,498998.95,5808472.16,0.0,5309473.21
1068,13,2022-12-01,777479.33,4599751.99,689962.8,4512235.46
1069,13,2023-01-01,1250181.99,4749083.79,237454.19,3736355.99
1070,13,2023-02-01,594724.99,4349013.03,217450.65,3971738.69
1071,13,2023-03-01,1094904.83,3582576.45,179128.82,2666800.44
1072,13,2023-04-01,656567.71,3125086.95,312508.7,2781027.94
1073,13,2023-05-01,1098037.42,3645552.34,0.0,2547514.92
1074,13,2023-06-01,1095025.45,3638000.79,545700.12,3088675.46
1075,13,2023-07-01,354794.88,2219800.67,110990.03,1975995.82
1076,13,2023-08-01,944041.56,1790005.92,268500.89,1114465.25
1077,13,2023-09-01,424491.27,2291605.17,114580.26,1981694.16
1078,13,2023-10-01,858155.43,5252661.07,0.0,4394505.64
1079,13,2023-11-01,1323678.0,4451381.39,222569.07,3350272.46
1080,13,2023-12-01,669610.63,4701533.49,470153.35,4502076.21
1081,13,2024-01-01,432192.28,5859523.15,585952.32,6013283.19
1082,13,2024-02-01,615784.42,3882147.82,388214.78,3654578.18
1083,13,2024-03-01,563855.63,3590253.82,179512.69,3205910.88
1084,13,2024-04-01,1032672.39,2920887.36,438133.1,2326348.07
1085,13,2024-05-01,453145.95,2171933.43,325790.01,2044577.49
1086,13,2024-06-01,1013873.02,3984889.41,199244.47,3170260.86
1087,13,2024-07-01,1009124.01,3250533.91,487580.09,2728989.99
1088,13,2024-08-01,903016.08,2579362.8,386904.42,2063251.14
1089,13,2024-09-01,726501.88,2250096.12,0.0,1523594.24
1090,13,2024-10-01,896437.96,2612220.78,0.0,1715782.82
1091,13,2024-11-01,1260665.83,2168055.86,325208.38,1232598.41
1092,13,2024-12-01,1273541.91,2459970.9,368995.63,1555424.62
1093,14,2018-01-01,203489.51,357854.11,17892.71,172257.31
1094,14,2018-02-01,82539.95,424246.13,21212.31,362918.49
1095,14,2018-03-01,147312.95,1038274.42,0.0,890961.47
1096,14,2018-04-01,234497.55,625708.59,31285.43,422496.47
1097,14,2018-05-01,211555.96,888748.38,88874.84,766067.26
1098,14,2018-06-01,155464.08,484541.26,72681.19,401758.37
1099,14,2018-07-01,51937.23,345546.52,34554.65,328163.94
1100,14,2018-08-01,70405.56,145319.69,14531.97,89446.1
1101,14,2018-09-01,28890.73,110800.43,11080.04,92989.74
1102,14,2018-10-01,35160.81,52263.64,7839.55,24942.38
1103,14,2018-11-01,28278.93,185294.52,9264.73,166280.32
1104,14,2018-12-01,104921.31,236224.35,11811.22,143114.26
1105,14,2019-01-01,210224.75,565362.57,0.0,355137.82
1106,14,2019-02-01,234634.51,735925.87,0.0,501291.36
1107,14,2019-03-01,302551.83,655985.9,65598.59,419032.66
1108,14,2019-04-01,142961.92,721829.75,0.0,578867.83
1109,14,2019-05-01,151993.49,951950.62,47597.53,847554.66
1110,14,2019-06-01,201356.58,434560.85,21728.04,254932.31
1111,14,2019-07-01,137460.97,494354.12,24717.71,381610.86
1112,14,2019-08-01,49470.56,265778.53,0.0,216307.97
1113,14,2019-09-01,16706.56,136207.7,6810.39,126311.53
1114,14,2019-10-01,24814.57,238289.71,23828.97,237304.11
1115,14,2019-11-01,57402.71,243886.0,12194.3,198677.59
1116,14,2019-12-01,73145.09,432214.88,0.0,359069.79
1117,14,2020-01-01,217380.45,501699.02,0.0,284318.57
1118,14,2020-02-01,153570.03,926558.72,0.0,772988.69
1119,14,2020-03-01,291664.87,980939.6,98093.96,787368.69
1120,14,2020-04-01,265183.0,811192.74,121678.91,667688.65
1121,14,2020-05-01,90112.39,945344.82,94534.48,949766.91
1122,14,2020-06-01,83587.46,533249.7,79987.45,529649.69
1123,14,2020-07-01,94191.42,521696.0,78254.4,505758.98
1124,14,2020-08-01,37875.04,206404.47,0.0,168529.43
1125,14,2020-09-01,39878.68,200019.53,30002.93,190143.78
1126,14,2020-10-01,36242.06,132199.99,13220.0,109177.93
1127,14,2020-11-01,62905.03,292373.94,43856.09,273325.0
1128,14,2020-12-01,103531.54,343729.4,51559.41,291757.27
1129,14,2021-01-01,221834.22,710209.51,35510.48,523885.77
1130,14,2021-02-01,128104.19,910796.92,45539.85,828232.58
1131,14,2021-03-01,314737.22,583394.68,0.0,268657.46
1132,14,2021-04-01,215263.98,1093319.19,54665.96,932721.17
1133,14,2021-05-01,276029.43,506949.25,25347.46,256267.28
1134,14,2021-06-01,203730.15,819819.72,40990.99,657080.56
1135,14,2021-07-01,117440.43,535509.59,53550.96,471620.12
1136,14,2021-08-01,67311.78,162608.13,8130.41,103426.76
1137,14,2021-09-01,41657.59,118610.5,11861.05,88813.96
1138,14,2021-10-01,36736.7,120816.47,18122.47,102202.24
1139,14,2021-11-01,42509.83,141965.8,7098.29,106554.26
1140,14,2021-12-01,83124.17,389717.86,58457.68,365051.37
1141,14,2022-01-01,91870.2,530066.25,0.0,438196.05
1142,14,2022-02-01,202865.67,647581.79,0.0,444716.12
1143,14,2022-03-01,179220.43,1100713.06,0.0,921492.63
1144,14,2022-04-01,310993.2,1169393.47,175409.02,1033809.29
1145,14,2022-05-01,275152.19,1088467.68,108846.77,922162.26
1146,14,2022-06-01,211617.3,380034.64,0.0,168417.34
1147,14,2022-07-01,106717.79,474763.95,47476.4,415522.56
1148,14,2022-08-01,62746.45,117545.8,17631.87,72431.22
1149,14,2022-09-01,31521.46,105012.41,15751.86,89242.81
1150,14,2022-10-01,17671.13,62114.45,9317.17,53760.49
1151,14,2022-11-01,32783.88,178057.43,0.0,145273.55
1152,14,2022-12-01,75147.73,379120.78,37912.08,341885.13
1153,14,2023-01-01,78403.59,833216.7,124982.5,879795.61
1154,14,2023-02-01,116487.39,856694.89,128504.23,868711.73
1155,14,2023-03-01,148428.59,693987.37,104098.11,649656.89
1156,14,2023-04-01,114930.99,1190361.28,119036.13,1194466.42
1157,14,2023-05-01,99123.58,818216.51,81821.65,800914.58
1158,14,2023-06-01,203468.67,655325.84,65532.58,517389.75
1159,14,2023-07-01,73483.91,346956.7,34695.67,308168.46
1160,14,2023-08-01,81936.16,221607.68,33241.15,172912.67
1161,14,2023-09-01,49333.56,106846.14,16026.92,73539.5
1162,14,2023-10-01,24380.67,68841.43,6884.14,51344.9
1163,14,2023-11-01,74287.8,221350.75,33202.61,180265.56
1164,14,2023-12-01,141256.7,402264.38,40226.44,301234.12
1165,14,2024-01-01,197882.9,372311.3,55846.69,230275.09
1166,14,2024-02-01,230935.36,494137.19,49413.72,312615.55
1167,14,2024-03-01,228069.99,612062.1,0.0,383992.11
1168,14,2024-04-01,195607.57,933331.66,46666.58,784390.67
1169,14,2024-05-01,120137.95,501143.26,0.0,381005.31
1170,14,2024-06-01,86801.78,694119.9,34706.0,642024.12
1171,14,2024-07-01,106015.48,214508.85,0.0,108493.37
1172,14,2024-08-01,54957.62,142445.71,0.0,87488.09
1173,14,2024-09-01,30364.53,102498.83,10249.88,82384.18
1174,14,2024-10-01,35692.27,113530.21,0.0,77837.94
1175,14,2024-11-01,58247.43,158090.0,15809.0,115651.57
1176,14,2024-12-01,122778.44,444522.95,0.0,321744.51
1177,15,2018-01-01,197893.98,1080259.75,54012.99,936378.76
1178,15,2018-02-01,235852.85,1488940.29,0.0,1253087.44
1179,15,2018-03-01,171820.4,1106715.73,166007.36,1100902.69
1180,15,2018-04-01,299498.02,1592625.66,238893.85,1532021.49
1181,15,2018-05-01,406540.02,950033.81,47501.69,590995.48
1182,15,2018-06-01,387201.95,1553669.35,77683.47,1244150.87
1183,15,2018-07-01,288730.6,1659717.12,165971.71,1536958.23
1184,15,2018-08-01,217738.32,990477.52,0.0,772739.2
1185,15,2018-09-01,293809.13,736083.12,73608.31,515882.3
1186,15,2018-10-01,351637.02,980374.89,147056.23,775794.1
1187,15,2018-11-01,326528.73,1493598.32,0.0,1167069.59
1188,15,2018-12-01,117557.75,1127466.27,112746.63,1122655.15
1189,15,2019-01-01,216410.36,1357891.27,0.0,1141480.91
1190,15,2019-02-01,161117.93,948336.26,0.0,787218.33
1191,15,2019-03-01,396141.37,939010.73,46950.54,589819.9
1192,15,2019-04-01,374933.21,713830.35,35691.52,374588.66
1193,15,2019-05-01,335967.75,750610.26,0.0,414642.51
1194,15,2019-06-01,361355.14,1355522.09,0.0,994166.95
1195,15,2019-07-01,308111.94,991192.73,99119.27,782200.06
1196,15,2019-08-01,149306.29,1074955.56,0.0,925649.27
1197,15,2019-09-01,153215.22,1623237.52,0.0,1470022.3
1198,15,2019-10-01,242177.53,1176330.07,117633.01,1051785.55
1199,15,2019-11-01,389614.38,708759.48,70875.95,390021.05
1200,15,2019-12-01,407493.04,1752051.05,0.0,1344558.01
1201,15,2020-01-01,255434.35,1361481.11,0.0,1106046.76
1202,15,2020-02-01,124927.87,1648095.46,164809.55,1687977.14
1203,15,2020-03-01,222028.47,1648071.01,82403.55,1508446.09
1204,15,2020-04-01,166018.52,1166371.53,174955.73,1175308.74
1205,15,2020-05-01,161905.32,1517630.55,151763.06,1507488.29
1206,15,2020-06-01,393277.67,1466481.42,0.0,1073203.75
1207,15,2020-07-01,255920.52,782897.71,117434.66,644411.85
1208,15,2020-08-01,209464.88,1548085.8,232212.87,1570833.79
1209,15,2020-09-01,196207.92,801890.68,40094.53,645777.29
1210,15,2020-10-01,218882.83,1526703.57,152670.36,1460491.1
1211,15,2020-11-01,334410.74,1161723.36,116172.34,943484.96
1212,15,2020-12-01,363838.04,1341835.69,67091.78,1045089.43
1213,15,2021-01-01,278515.95,879923.55,43996.18,645403.78
1214,15,2021-02-01,202939.42,772390.08,38619.5,608070.16
1215,15,2021-03-01,180658.75,1486915.81,0.0,1306257.06
1216,15,2021-04-01,147346.36,1167699.78,116769.98,1137123.4
1217,15,2021-05-01,256964.01,1065394.04,106539.4,914969.43
1218,15,2021-06-01,389625.89,1082543.23,54127.16,747044.5
1219,15,2021-07-01,320945.66,1474880.15,73744.01,1227678.5
1220,15,2021-08-01,380712.24,1004347.72,150652.16,774287.64
1221,15,2021-09-01,262100.47,1186332.46,118633.25,1042865.24
1222,15,2021-10-01,300771.68,1162402.61,116240.26,977871.19
1223,15,2021-11-01,133782.95,1514039.54,0.0,1380256.59
1224,15,2021-12-01,207557.4,1014956.69,50747.83,858147.12
1225,15,2022-01-01,326682.86,1106720.5,55336.03,835373.67
1226,15,2022-02-01,306554.82,692378.66,0.0,385823.84
1227,15,2022-03-01,318852.84,1135551.06,113555.11,930253.33
1228,15,2022-04-01,257956.21,1615562.56,80778.13,1438384.48
1229,15,2022-05-01,160352.14,1525694.6,152569.46,1517911.92
1230,15,2022-06-01,267920.49,983007.35,147451.1,862537.96
1231,15,2022-07-01,149912.82,1000344.85,100034.49,950466.52
1232,15,2022-08-01,397171.82,1234373.63,61718.68,898920.49
1233,15,2022-09-01,239501.11,1404066.72,70203.34,1234768.95
1234,15,2022-10-01,380626.42,1321994.65,198299.2,1139667.43
1235,15,2022-11-01,423931.59,1691278.32,169127.83,1436474.56
1236,15,2022-12-01,276061.09,1681201.95,168120.2,1573261.06
1237,15,2023-01-01,356579.2,1691521.93,253728.29,1588671.02
1238,15,2023-02-01,349461.86,1081557.89,108155.79,840251.82
1239,15,2023-03-01,205650.57,1676509.26,167650.93,1638509.62
1240,15,2023-04-01,303718.01,1667881.02,0.0,1364163.01
1241,15,2023-05-01,402198.27,942633.24,141394.99,681829.96
1242,15,2023-06-01,207567.61,1103045.31,110304.53,1005782.23
1243,15,2023-07-01,403524.71,757887.87,113683.18,468046.34
1244,15,2023-08-01,123490.31,922367.59,46118.38,844995.66
1245,15,2023-09-01,154675.87,1655331.86,82766.59,1583422.58
1246,15,2023-10-01,158049.92,1563046.84,234457.03,1639453.95
1247,15,2023-11-01,333926.17,1064229.79,53211.49,783515.11
1248,15,2023-12-01,134271.2,1413657.59,212048.64,1491435.03
1249,15,2024-01-01,278979.24,842535.05,84253.51,647809.32
1250,15,2024-02-01,398299.39,953303.37,47665.17,602669.15
1251,15,2024-03-01,254470.15,786180.46,117927.07,649637.38
1252,15,2024-04-01,252573.95,1248905.02,124890.5,1121221.57
1253,15,2024-05-01,185968.2,1267738.49,126773.85,1208544.14
1254,15,2024-06-01,163107.07,998366.2,149754.93,985014.06
1255,15,2024-07-01,311192.99,1437670.14,0.0,1126477.15
1256,15,2024-08-01,119452.8,1229350.52,122935.05,1232832.77
1257,15,2024-09-01,384060.09,1466368.61,0.0,1082308.52
1258,15,2024-10-01,399636.8,720731.28,108109.69,429204.17
1259,15,2024-11-01,366557.97,1653432.78,0.0,1286874.81
1260,15,2024-12-01,376705.02,1323809.2,198571.38,1145675.56
1261,16,2018-01-01,148060.21,1657146.82,165714.68,1674801.29
1262,16,2018-02-01,353422.71,1578263.35,78913.17,1303753.81
1263,16,2018-03-01,474643.93,1994777.64,0.0,1520133.71
1264,16,2018-04-01,309135.78,1764218.56,88210.93,1543293.71
1265,16,2018-05-01,476818.99,1764033.56,264605.03,1551819.6
1266,16,2018-06-01,385550.47,872647.23,43632.36,530729.12
1267,16,2018-07-01,463072.88,2002417.24,300362.59,1839706.95
1268,16,2018-08-01,140967.05,1077402.57,161610.39,1098045.91
1269,16,2018-09-01,306623.24,1719649.15,85982.46,1499008.37
1270,16,2018-10-01,530223.74,1281557.17,0.0,751333.43
1271,16,2018-11-01,423414.15,1311906.88,131190.69,1019683.42
1272,16,2018-12-01,472196.5,1497745.29,0.0,1025548.79
1273,16,2019-01-01,491812.03,2064567.49,309685.12,1882440.58
1274,16,2019-02-01,180087.54,1752308.14,0.0,1572220.6
1275,16,2019-03-01,203508.39,1165572.52,0.0,962064.13
1276,16,2019-04-01,313809.54,948831.46,47441.57,682463.49
1277,16,2019-05-01,318456.32,942059.68,141308.95,764912.31
1278,16,2019-06-01,468254.73,1141370.69,57068.53,730184.49
1279,16,2019-07-01,351331.25,1692248.59,169224.86,1510142.2
1280,16,2019-08-01,358948.95,1057969.21,158695.38,857715.64
1281,16,2019-09-01,188151.89,978396.5,97839.65,888084.26
1282,16,2019-10-01,168122.96,1437427.88,0.0,1269304.92
1283,16,2019-11-01,257788.57,1643058.3,0.0,1385269.73
1284,16,2019-12-01,355043.33,1752364.77,175236.48,1572557.92
1285,16,2020-01-01,309230.38,1082053.67,108205.37,881028.66
1286,16,2020-02-01,258711.88,1240759.3,124075.93,1106123.35
1287,16,2020-03-01,358678.3,1521737.72,228260.66,1391320.08
1288,16,2020-04-01,400964.67,1193809.51,0.0,792844.84
1289,16,2020-05-01,389653.19,1435396.16,71769.81,1117512.78
1290,16,2020-06-01,379996.52,1003784.86,100378.49,724166.83
1291,16,2020-07-01,352702.86,1287552.83,64377.64,999227.61
1292,16,2020-08-01,473824.64,986266.52,0.0,512441.88
1293,16,2020-09-01,314516.8,1565484.9,0.0,1250968.1
1294,16,2020-10-01,196807.95,1534358.5,0.0,1337550.55
1295,16,2020-11-01,156457.38,1501728.89,75086.44,1420357.95
1296,16,2020-12-01,412790.28,1126519.53,168977.93,882707.18
1297,16,2021-01-01,392017.86,1270335.08,63516.75,941833.97
1298,16,2021-02-01,283785.19,968032.3,48401.62,732648.73
1299,16,2021-03-01,351870.03,1248255.37,124825.54,1021210.88
1300,16,2021-04-01,356086.81,1201311.49,180196.72,1025421.4
1301,16,2021-05-01,481829.16,1441805.01,0.0,959975.85
1302,16,2021-06-01,393016.0,1035108.76,51755.44,693848.2
1303,16,2021-07-01,412693.55,1789069.29,0.0,1376375.74
1304,16,2021-08-01,424314.45,1928543.73,289281.56,1793510.84
1305,16,2021-09-01,318720.41,1763917.53,264587.63,1709784.75
1306,16,2021-10-01,317727.63,1682851.6,84142.58,1449266.55
1307,16,2021-11-01,261136.26,1836339.89,275450.98,1850654.61
1308,16,2021-12-01,339711.83,1109042.75,55452.14,824783.06
1309,16,2022-01-01,203119.55,1983891.9,297583.78,2078356.13
1310,16,2022-02-01,267526.63,724883.9,108732.59,566089.86
1311,16,2022-03-01,331213.4,1455149.45,0.0,1123936.05
1312,16,2022-04-01,254166.89,1451619.13,72580.96,1270033.2
1313,16,2022-05-01,336949.82,1550577.27,0.0,1213627.45
1314,16,2022-06-01,300833.48,1339255.99,66962.8,1105385.31
1315,16,2022-07-01,349522.53,1066295.48,0.0,716772.95
1316,16,2022-08-01,238668.23,1728461.95,259269.29,1749063.01
1317,16,2022-09-01,279981.04,1755166.22,87758.31,1562943.49
1318,16,2022-10-01,144679.21,973227.11,97322.71,925870.61
1319,16,2022-11-01,275743.61,1793569.12,89678.46,1607503.97
1320,16,2022-12-01,427976.32,888980.52,0.0,461004.2
1321,16,2023-01-01,385571.47,1734541.08,260181.16,1609150.77
1322,16,2023-02-01,193208.69,1525272.43,152527.24,1484590.98
1323,16,2023-03-01,468147.71,1752066.44,175206.64,1459125.37
1324,16,2023-04-01,504028.99,1818698.13,272804.72,1587473.86
1325,16,2023-05-01,404353.21,2006431.37,0.0,1602078.16
1326,16,2023-06-01,256855.01,904004.38,0.0,647149.37
1327,16,2023-07-01,138838.27,1879410.82,93970.54,1834543.09
1328,16,2023-08-01,385277.91,907763.22,45388.16,567873.47
1329,16,2023-09-01,402459.18,895677.12,0.0,493217.94
1330,16,2023-10-01,300765.59,1544543.69,77227.18,1321005.28
1331,16,2023-11-01,371176.58,1173421.89,0.0,802245.31
1332,16,2023-12-01,355153.69,2047914.49,204791.45,1897552.25
1333,16,2024-01-01,267386.64,1779651.45,266947.72,1779212.53
1334,16,2024-02-01,133671.37,1706579.98,0.0,1572908.61
1335,16,2024-03-01,323753.45,1330426.45,199563.97,1206236.97
1336,16,2024-04-01,329185.34,1871029.79,0.0,1541844.45
1337,16,2024-05-01,269845.83,1331173.87,133117.39,1194445.43
1338,16,2024-06-01,293696.81,1851433.09,92571.65,1650307.93
1339,16,2024-07-01,471516.35,1705990.87,170599.09,1405073.61
1340,16,2024-08-01,431511.8,1778851.02,88942.55,1436281.77
1341,16,2024-09-01,283138.3,1301031.18,195154.68,1213047.56
1342,16,2024-10-01,433162.36,1451268.11,145126.81,1163232.56
1343,16,2024-11-01,452615.32,1568320.39,156832.04,1272537.11
1344,16,2024-12-01,174339.53,1677657.69,251648.65,1754966.81
1345,17,2018-01-01,568391.29,1234321.78,185148.27,851078.76
1346,17,2018-02-01,217324.63,1048730.08,52436.5,883841.95
1347,17,2018-03-01,489692.84,1310155.37,196523.31,1016985.84
1348,17,2018-04-01,408462.47,1646844.19,164684.42,1403066.14
1349,17,2018-05-01,475219.65,1593077.14,79653.86,1197511.35
1350,17,2018-06-01,292360.91,1106386.09,0.0,814025.18
1351,17,2018-07-01,350700.6,1967891.2,295183.68,1912374.28
1352,17,2018-08-01,473268.48,1638435.47,0.0,1165166.99
1353,17,2018-09-01,207612.02,2350268.54,235026.85,2377683.37
1354,17,2018-10-01,489086.55,1697999.87,254699.98,1463613.3
1355,17,2018-11-01,439472.26,2355720.19,235572.02,2151819.95
1356,17,2018-12-01,442350.48,1261019.64,0.0,818669.16
1357,17,2019-01-01,209748.06,1655824.55,165582.46,1611658.95
1358,17,2019-02-01,536382.84,2120426.6,0.0,1584043.76
1359,17,2019-03-01,286008.19,1813253.02,271987.95,1799232.78
1360,17,2019-04-01,480847.89,1493193.67,0.0,1012345.78
1361,17,2019-05-01,331822.93,2158460.78,107923.04,1934560.89
1362,17,2019-06-01,299911.59,1203178.69,180476.8,1083743.9
1363,17,2019-07-01,193850.16,1135027.31,0.0,941177.15
1364,17,2019-08-01,563542.76,2212819.83,110640.99,1759918.06
1365,17,2019-09-01,190020.46,1615487.41,161548.74,1587015.69
1366,17,2019-10-01,313317.13,2050798.55,102539.93,1840021.35
1367,17,2019-11-01,426394.04,1471959.89,0.0,1045565.85
1368,17,2019-12-01,180480.77,2339257.53,350888.63,2509665.39
1369,17,2020-01-01,392811.97,1474984.21,221247.63,1303419.87
1370,17,2020-02-01,541160.09,1378740.95,68937.05,906517.91
1371,17,2020-03-01,199387.01,1182447.34,0.0,983060.33
1372,17,2020-04-01,386268.72,1537757.11,153775.71,1305264.1
1373,17,2020-05-01,200230.4,2285907.99,114295.4,2199972.99
1374,17,2020-06-01,454838.52,945675.27,141851.29,632688.04
1375,17,2020-07-01,488763.71,1279718.7,191957.8,982912.79
1376,17,2020-08-01,627241.81,1765237.16,88261.86,1226257.21
1377,17,2020-09-01,593467.68,2286615.21,114330.76,1807478.29
1378,17,2020-10-01,370609.02,2386383.49,0.0,2015774.47
1379,17,2020-11-01,308319.26,2413021.98,361953.3,2466656.02
1380,17,2020-12-01,243286.14,1516070.47,75803.52,1348587.85
1381,17,2021-01-01,555115.96,1800698.99,0.0,1245583.03
1382,17,2021-02-01,369321.81,1800575.82,180057.58,1611311.59
1383,17,2021-03-01,508241.67,2003789.46,300568.42,1796116.21
1384,17,2021-04-01,545394.56,1534854.54,76742.73,1066202.71
1385,17,2021-05-01,238672.73,1725606.88,258841.03,1745775.18
1386,17,2021-06-01,559152.18,1018282.8,101828.28,560958.9
1387,17,2021-07-01,435565.27,1606383.29,240957.49,1411775.51
1388,17,2021-08-01,207642.86,2005578.27,300836.74,2098772.15
1389,17,2021-09-01,288085.25,2248198.75,0.0,1960113.5
1390,17,2021-10-01,376828.12,1402462.32,140246.23,1165880.43
1391,17,2021-11-01,483119.53,2327646.87,0.0,1844527.34
1392,17,2021-12-01,471238.66,1163205.74,58160.29,750127.37
1393,17,2022-01-01,262089.07,1624716.75,81235.84,1443863.52
1394,17,2022-02-01,163510.19,1057203.88,52860.19,946553.88
1395,17,2022-03-01,450096.59,1897104.19,0.0,1447007.6
1396,17,2022-04-01,553744.3,2155387.05,107769.35,1709412.1
1397,17,2022-05-01,401167.69,2171639.67,0.0,1770471.98
1398,17,2022-06-01,357697.01,2327742.71,116387.14,2086432.84
1399,17,2022-07-01,593886.16,1763989.59,264598.44,1434701.87
1400,17,2022-08-01,200756.66,1722375.27,258356.29,1779974.9
1401,17,2022-09-01,366155.05,1491050.02,223657.5,1348552.47
1402,17,2022-10-01,647983.77,2552612.79,127630.64,2032259.66
1403,17,2022-11-01,562745.08,2262270.16,113113.51,1812638.59
1404,17,2022-12-01,461453.16,1706828.97,0.0,1245375.81
1405,17,2023-01-01,608916.81,1408289.12,70414.46,869786.77
1406,17,2023-02-01,335336.53,1703999.21,170399.92,1539062.6
1407,17,2023-03-01,336741.94,2289086.82,114454.34,2066799.22
1408,17,2023-04-01,595150.72,953089.1,47654.46,405592.84
1409,17,2023-05-01,349620.01,1299304.86,0.0,949684.85
1410,17,2023-06-01,300419.46,2330180.22,349527.03,2379287.79
1411,17,2023-07-01,331998.58,2387303.58,0.0,2055305.0
1412,17,2023-08-01,419551.27,2438017.9,121900.9,2140367.53
1413,17,2023-09-01,185838.62,2251435.3,112571.76,2178168.44
1414,17,2023-10-01,250644.2,2143426.58,0.0,1892782.38
1415,17,2023-11-01,185324.16,1317184.27,65859.21,1197719.32
1416,17,2023-12-01,335208.1,1681010.53,252151.58,1597954.01
1417,17,2024-01-01,367453.96,1930081.71,96504.09,1659131.84
1418,17,2024-02-01,287968.0,1705575.21,0.0,1417607.21
1419,17,2024-03-01,228669.25,1845563.99,184556.4,1801451.14
1420,17,2024-04-01,518032.21,2403522.76,240352.28,2125842.83
1421,17,2024-05-01,606349.37,2084852.17,312727.83,1791230.63
1422,17,2024-06-01,421425.2,1542951.54,231442.73,1352969.07
1423,17,2024-07-01,552665.94,1842272.06,276340.81,1565946.93
1424,17,2024-08-01,549995.59,2016300.33,0.0,1466304.74
1425,17,2024-09-01,229921.01,2374327.58,356149.14,2500555.71
1426,17,2024-10-01,455859.6,1673171.18,250975.68,1468287.26
1427,17,2024-11-01,452630.89,2198559.4,109927.97,1855856.48
1428,17,2024-12-01,226190.89,1348472.01,0.0,1122281.12
1429,18,2018-01-01,285434.29,1652712.39,247906.86,1615184.96
1430,18,2018-02-01,401291.11,914691.34,0.0,513400.23
1431,18,2018-03-01,236896.71,1937872.95,0.0,1700976.24
1432,18,2018-04-01,331615.56,2091308.52,313696.28,2073389.24
1433,18,2018-05-01,331216.96,1900830.67,95041.53,1664655.24
1434,18,2018-06-01,331022.67,1054255.94,0.0,723233.27
1435,18,2018-07-01,315051.81,841359.45,84135.95,610443.59
1436,18,2018-08-01,159812.97,389233.87,38923.39,268344.29
1437,18,2018-09-01,61885.05,221866.59,33279.99,193261.53
1438,18,2018-10-01,54011.43,153582.94,23037.44,122608.95
1439,18,2018-11-01,93352.58,454993.53,68249.03,429889.98
1440,18,2018-12-01,238166.48,994543.98,49727.2,806104.7
1441,18,2019-01-01,179392.47,1623044.94,81152.25,1524804.72
1442,18,2019-02-01,450468.21,2445345.36,122267.27,2117144.42
1443,18,2019-03-01,529340.88,2837833.25,141891.66,2450384.03
1444,18,2019-04-01,533753.97,1842379.07,276356.86,1584981.96
1445,18,2019-05-01,691342.07,1956249.01,195624.9,1460531.84
1446,18,2019-06-01,307975.76,788604.45,0.0,480628.69
1447,18,2019-07-01,112019.49,1111980.77,111198.08,1111159.36
1448,18,2019-08-01,185676.45,417872.47,62680.87,294876.89
1449,18,2019-09-01,49018.91,253186.57,0.0,204167.66
1450,18,2019-10-01,89596.51,294752.96,0.0,205156.45
1451,18,2019-11-01,136911.59,644074.81,0.0,507163.22
1452,18,2019-12-01,281206.8,1105368.19,0.0,824161.39
1453,18,2020-01-01,393676.63,1295067.89,129506.79,1030898.05
1454,18,2020-02-01,494556.14,1604862.55,240729.38,1351035.79
1455,18,2020-03-01,677913.41,2107740.02,0.0,1429826.61
1456,18,2020-04-01,456645.17,1503551.63,0.0,1046906.46
1457,18,2020-05-01,337257.98,2007934.75,100396.74,1771073.51
1458,18,2020-06-01,475122.34,1395248.35,209287.25,1129413.26
1459,18,2020-07-01,281133.58,1321645.2,66082.26,1106593.88
1460,18,2020-08-01,80864.53,502089.91,25104.5,446329.88
1461,18,2020-09-01,86831.77,233143.38,0.0,146311.61
1462,18,2020-10-01,98601.74,166835.54,25025.33,93259.13
1463,18,2020-11-01,132663.64,624549.92,0.0,491886.28
1464,18,2020-12-01,294733.61,955376.01,47768.8,708411.2
1465,18,2021-01-01,418549.38,1668188.36,0.0,1249638.98
1466,18,2021-02-01,215745.07,1618260.98,0.0,1402515.91
1467,18,2021-03-01,688288.9,1220899.61,61044.98,593655.69
1468,18,2021-04-01,324300.63,1354598.54,203189.78,1233487.69
1469,18,2021-05-01,201612.54,2523803.48,126190.17,2448381.11
1470,18,2021-06-01,320738.84,1206573.77,0.0,885834.93
1471,18,2021-07-01,118162.92,942655.39,47132.77,871625.24
1472,18,2021-08-01,165820.85,306582.73,30658.27,171420.15
1473,18,2021-09-01,90370.65,299375.25,29937.53,238942.13
1474,18,2021-10-01,114325.02,165091.72,24763.76,75530.46
1475,18,2021-11-01,130092.61,643252.85,0.0,513160.24
1476,18,2021-12-01,363823.82,1149130.37,114913.04,900219.59
1477,18,2022-01-01,188199.58,920316.05,92031.61,824148.08
1478,18,2022-02-01,595001.89,2010882.97,100544.15,1516425.23
1479,18,2022-03-01,346883.16,2325890.85,116294.54,2095302.23
1480,18,2022-04-01,334349.69,2509167.69,0.0,2174818.0
1481,18,2022-05-01,522358.01,2543474.88,127173.74,2148290.61
1482,18,2022-06-01,202247.9,1826271.14,91313.56,1715336.8
1483,18,2022-07-01,89559.42,593065.92,88959.89,592466.39
1484,18,2022-08-01,88757.72,521027.35,26051.37,458321.0
1485,18,2022-09-01,132491.42,500712.65,0.0,368221.23
1486,18,2022-10-01,76422.66,259938.26,38990.74,222506.34
1487,18,2022-11-01,100790.4,732977.95,109946.69,742134.24
1488,18,2022-12-01,358715.34,1426003.49,0.0,1067288.15
1489,18,2023-01-01,415667.82,1522816.38,0.0,1107148.56
1490,18,2023-02-01,184444.28,1112319.46,166847.92,1094723.1
1491,18,2023-03-01,633403.78,2945911.8,0.0,2312508.02
1492,18,2023-04-01,657816.32,2575143.04,386271.46,2303598.18
1493,18,2023-05-01,368376.04,1676332.28,167633.23,1475589.47
1494,18,2023-06-01,504172.55,1157831.89,57891.59,711550.93
1495,18,2023-07-01,264022.32,748053.6,37402.68,521433.96
1496,18,2023-08-01,175529.06,455649.84,45564.98,325685.76
1497,18,2023-09-01,51220.23,258145.64,0.0,206925.41
1498,18,2023-10-01,75870.64,303655.15,0.0,227784.51
1499,18,2023-11-01,145492.37,320992.02,48148.8,223648.45
1500,18,2023-12-01,150793.62,1225948.62,61297.43,1136452.43
1501,18,2024-01-01,521866.18,1372132.5,0.0,850266.32
1502,18,2024-02-01,328458.78,1646686.47,82334.32,1400562.01
1503,18,2024-03-01,630308.71,1637080.29,163708.03,1170479.61
1504,18,2024-04-01,709103.81,1263440.34,0.0,554336.53
1505,18,2024-05-01,605701.28,1726610.71,258991.61,1379901.04
1506,18,2024-06-01,488219.31,1477846.32,147784.63,1137411.64
1507,18,2024-07-01,169064.97,1173558.59,176033.79,1180527.41
1508,18,2024-08-01,71510.57,399052.83,19952.64,347494.9
1509,18,2024-09-01,115704.13,268528.72,0.0,152824.59
1510,18,2024-10-01,113990.95,277330.14,13866.51,177205.7
1511,18,2024-11-01,117017.78,423948.04,0.0,306930.26
1512,18,2024-12-01,321649.37,670126.46,33506.32,381983.41
1513,19,2018-01-01,260095.87,1707499.21,85374.96,1532778.3
1514,19,2018-02-01,299659.75,1879918.66,281987.8,1862246.71
1515,19,2018-03-01,258742.63,989478.04,98947.8,829683.21
1516,19,2018-04-01,178726.05,2122304.47,318345.67,2261924.09
1517,19,2018-05-01,573862.6,1473073.3,0.0,899210.7
1518,19,2018-06-01,160036.11,568336.46,28416.82,436717.17
1519,19,2018-07-01,274241.69,887310.89,88731.09,701800.29
1520,19,2018-08-01,97068.21,487341.74,73101.26,463374.79
1521,19,2018-09-01,60716.22,188030.55,18803.06,146117.39
1522,19,2018-10-01,45063.83,214887.65,21488.76,191312.58
1523,19,2018-11-01,125804.86,449202.7,0.0,323397.84
1524,19,2018-12-01,166602.36,896133.66,44806.68,774337.98
1525,19,2019-01-01,132863.92,1586498.71,79324.94,1532959.73
1526,19,2019-02-01,190883.11,1847581.66,184758.17,1841456.72
1527,19,2019-03-01,481455.81,1330696.75,0.0,849240.94
1528,19,2019-04-01,306291.19,1267650.17,63382.51,1024741.49
1529,19,2019-05-01,203272.41,1213728.98,60686.45,1071143.02
1530,19,2019-06-01,188505.84,1532247.73,0.0,1343741.89
1531,19,2019-07-01,209979.49,993222.26,99322.23,882565.0
1532,19,2019-08-01,74389.64,544120.86,54412.09,524143.31
1533,19,2019-09-01,45119.34,198084.63,9904.23,162869.52
1534,19,2019-10-01,91322.11,306481.13,30648.11,245807.13
1535,19,2019-11-01,107104.49,558676.72,27933.84,479506.07
1536,19,2019-12-01,87279.84,432720.25,64908.04,410348.45
1537,19,2020-01-01,136234.89,1021387.21,51069.36,936221.68
1538,19,2020-02-01,293380.16,1190220.14,59511.01,956350.99
1539,19,2020-03-01,643240.54,1087174.67,0.0,443934.13
1540,19,2020-04-01,244630.22,1611498.25,0.0,1366868.03
1541,19,2020-05-01,397897.26,1290461.83,129046.18,1021610.75
1542,19,2020-06-01,267004.46,922498.45,46124.92,701618.91
1543,19,2020-07-01,122916.06,395337.49,39533.75,311955.18
1544,19,2020-08-01,61030.56,416137.05,62420.56,417527.05
1545,19,2020-09-01,38721.78,247635.21,37145.28,246058.71
1546,19,2020-10-01,59710.88,270315.58,13515.78,224120.48
1547,19,2020-11-01,114840.73,396048.01,19802.4,301009.68
1548,19,2020-12-01,262386.27,810289.25,121543.39,669446.37
1549,19,2021-01-01,205157.74,1701692.5,0.0,1496534.76
1550,19,2021-02-01,377889.63,1108868.06,110886.81,841865.24
1551,19,2021-03-01,176779.24,1192322.09,178848.31,1194391.16
1552,19,2021-04-01,365233.19,1554749.83,155474.98,1344991.62
1553,19,2021-05-01,270397.55,883812.09,0.0,613414.54
1554,19,2021-06-01,131106.62,1556995.94,77849.8,1503739.12
1555,19,2021-07-01,214827.11,893654.59,89365.46,768192.94
1556,19,2021-08-01,122977.16,294661.11,14733.06,186417.01
1557,19,2021-09-01,45539.48,263447.16,39517.07,257424.75
1558,19,2021-10-01,97671.64,157002.39,15700.24,75030.99
1559,19,2021-11-01,128694.44,527082.6,52708.26,451096.42
1560,19,2021-12-01,207034.42,454228.05,45422.81,292616.44
1561,19,2022-01-01,189562.96,1071111.9,0.0,881548.94
1562,19,2022-02-01,358274.96,1025243.4,102524.34,769492.78
1563,19,2022-03-01,231921.83,1124364.92,0.0,892443.09
1564,19,2022-04-01,305771.32,1020183.41,0.0,714412.09
1565,19,2022-05-01,549902.15,1418110.78,141811.08,1010019.71
1566,19,2022-06-01,385819.27,1361128.1,136112.81,1111421.64
1567,19,2022-07-01,213593.75,534354.73,53435.47,374196.45
1568,19,2022-08-01,94332.0,380381.84,0.0,286049.84
1569,19,2022-09-01,105694.64,207810.04,0.0,102115.4
1570,19,2022-10-01,29742.31,176524.8,17652.48,164434.97
1571,19,2022-11-01,155667.83,594840.24,59484.02,498656.43
1572,19,2022-12-01,148696.75,611003.75,61100.38,523407.38
1573,19,2023-01-01,123825.28,1312014.23,0.0,1188188.95
1574,19,2023-02-01,349755.92,1298615.85,0.0,948859.93
1575,19,2023-03-01,435722.42,2395132.81,119756.64,2079167.03
1576,19,2023-04-01,338691.77,1414402.14,212160.32,1287870.69
1577,19,2023-05-01,209990.83,2011673.86,201167.39,2002850.42
1578,19,2023-06-01,175617.63,1081245.97,162186.9,1067815.24
1579,19,2023-07-01,165775.43,637232.23,63723.22,535180.02
1580,19,2023-08-01,125179.59,476898.51,23844.93,375563.85
1581,19,2023-09-01,111329.93,378727.49,37872.75,305270.31
1582,19,2023-10-01,72449.33,209878.88,31481.83,168911.38
1583,19,2023-11-01,85738.24,288188.04,28818.8,231268.6
1584,19,2023-12-01,189992.51,669714.25,33485.71,513207.45
1585,19,2024-01-01,398166.85,1120464.45,112046.45,834344.05
1586,19,2024-02-01,506824.39,2001209.23,300181.38,1794566.22
1587,19,2024-03-01,280547.26,1117487.44,55874.37,892814.55
1588,19,2024-04-01,343565.03,1465706.69,146570.67,1268712.33
1589,19,2024-05-01,373480.81,2229329.86,0.0,1855849.05
1590,19,2024-06-01,328024.37,1041933.25,104193.33,818102.21
1591,19,2024-07-01,232020.57,410729.41,20536.47,199245.31
1592,19,2024-08-01,61766.68,327477.21,49121.58,314832.11
1593,19,2024-09-01,36583.07,304208.26,45631.24,313256.43
1594,19,2024-10-01,46698.54,343155.7,51473.36,347930.52
1595,19,2024-11-01,75920.65,382743.05,19137.15,325959.55
1596,19,2024-12-01,112443.44,951705.72,95170.57,934432.85
1597,20,2018-01-01,390606.71,1923767.31,0.0,1533160.6
1598,20,2018-02-01,370122.44,909693.8,0.0,539571.36
1599,20,2018-03-01,292478.48,1317924.94,131792.49,1157238.95
1600,20,2018-04-01,562871.25,1432820.96,143282.1,1013231.81
1601,20,2018-05-01,476447.84,1300227.03,65011.35,888790.54
1602,20,2018-06-01,472900.65,1291981.53,64599.08,883679.96
1603,20,2018-07-01,601007.73,1785289.7,0.0,1184281.97
1604,20,2018-08-01,442220.98,1551320.62,77566.03,1186665.67
1605,20,2018-09-01,237804.84,2054476.58,0.0,1816671.74
1606,20,2018-10-01,234360.92,1639730.98,163973.1,1569343.16
1607,20,2018-11-01,457759.53,2084918.66,312737.8,1939896.93
1608,20,2018-12-01,405792.08,1602381.29,80119.06,1276708.27
1609,20,2019-01-01,574424.26,1247603.18,187140.48,860319.4
1610,20,2019-02-01,324302.26,1490748.66,223612.3,1390058.7
1611,20,2019-03-01,331842.15,1545998.09,154599.81,1368755.75
1612,20,2019-04-01,407776.39,1918662.55,95933.13,1606819.29
1613,20,2019-05-01,373215.1,1581675.78,158167.58,1366628.26
1614,20,2019-06-01,466091.56,1346066.72,0.0,879975.16
1615,20,2019-07-01,573389.33,2260518.71,339077.81,2026207.19
1616,20,2019-08-01,291835.49,1983190.2,0.0,1691354.71
1617,20,2019-09-01,347078.54,1638730.74,245809.61,1537461.81
1618,20,2019-10-01,377399.77,1208602.3,181290.35,1012492.88
1619,20,2019-11-01,354604.74,1275409.15,191311.37,1112115.78
1620,20,2019-12-01,346632.94,1982403.65,99120.18,1734890.89
1621,20,2020-01-01,337981.17,1165480.11,0.0,827498.94
1622,20,2020-02-01,179596.68,1188587.24,59429.36,1068419.92
1623,20,2020-03-01,179364.85,1489216.7,223382.5,1533234.35
1624,20,2020-04-01,458635.67,1064636.45,53231.82,659232.6
1625,20,2020-05-01,403583.95,2333824.23,0.0,1930240.28
1626,20,2020-06-01,435647.66,1597811.99,159781.2,1321945.53
1627,20,2020-07-01,344802.39,1975642.61,197564.26,1828404.48
1628,20,2020-08-01,275921.92,1058083.17,52904.16,835065.41
1629,20,2020-09-01,419578.84,1289754.53,0.0,870175.69
1630,20,2020-10-01,270856.86,2016826.93,0.0,1745970.07
1631,20,2020-11-01,462106.45,1315583.1,131558.31,985034.96
1632,20,2020-12-01,528499.89,1163481.22,58174.06,693155.39
1633,20,2021-01-01,549056.97,1428017.92,142801.79,1021762.74
1634,20,2021-02-01,417071.42,1783775.67,0.0,1366704.25
1635,20,2021-03-01,298008.05,1282057.46,64102.87,1048152.28
1636,20,2021-04-01,181655.99,1394484.44,209172.67,1422001.12
1637,20,2021-05-01,438915.32,2364163.16,118208.16,2043456.0
1638,20,2021-06-01,317068.33,2375180.45,0.0,2058112.12
1639,20,2021-07-01,481421.56,1216682.18,0.0,735260.62
1640,20,2021-08-01,297782.94,1450607.01,72530.35,1225354.42
1641,20,2021-09-01,405725.42,1987603.7,198760.37,1780638.65
1642,20,2021-10-01,229793.86,1787206.69,89360.33,1646773.16
1643,20,2021-11-01,544728.84,1423172.12,71158.61,949601.89
1644,20,2021-12-01,353840.14,1591765.26,238764.79,1476689.91
1645,20,2022-01-01,482857.49,1611506.27,0.0,1128648.78
1646,20,2022-02-01,491993.89,1208396.51,181259.48,897662.1
1647,20,2022-03-01,269038.79,1367135.44,0.0,1098096.65
1648,20,2022-04-01,529090.27,1619354.19,0.0,1090263.92
1649,20,2022-05-01,561844.69,1277130.01,127713.0,842998.32
1650,20,2022-06-01,257217.43,1141941.94,0.0,884724.51
1651,20,2022-07-01,597483.82,2425933.23,363889.98,2192339.39
1652,20,2022-08-01,483944.31,1793876.57,89693.83,1399626.09
1653,20,2022-09-01,486702.36,2007541.95,0.0,1520839.59
1654,20,2022-10-01,174846.65,1582576.03,79128.8,1486858.18
1655,20,2022-11-01,538176.97,1312416.61,196862.49,971102.13
1656,20,2022-12-01,170872.0,925523.65,46276.18,800927.83
1657,20,2023-01-01,556653.38,2086040.44,312906.07,1842293.13
1658,20,2023-02-01,156484.83,1018781.05,101878.11,964174.33
1659,20,2023-03-01,230621.35,2271985.23,0.0,2041363.88
1660,20,2023-04-01,410458.46,1830864.41,91543.22,1511949.17
1661,20,2023-05-01,317868.77,2393690.75,0.0,2075821.98
1662,20,2023-06-01,504801.65,1015252.57,152287.89,662738.81
1663,20,2023-07-01,616064.91,1109625.34,166443.8,660004.23
1664,20,2023-08-01,315430.34,1988682.35,298302.35,1971554.36
1665,20,2023-09-01,197663.8,1920863.13,288129.47,2011328.8
1666,20,2023-10-01,424622.83,1310367.34,196555.1,1082299.61
1667,20,2023-11-01,441128.65,1253682.12,125368.21,937921.68
1668,20,2023-12-01,289408.18,1886573.22,188657.32,1785822.36
1669,20,2024-01-01,334241.11,1467712.26,220156.84,1353627.99
1670,20,2024-02-01,222175.34,2203618.19,220361.82,2201804.67
1671,20,2024-03-01,614371.17,1258156.8,188723.52,832509.15
1672,20,2024-04-01,420621.49,2076702.21,0.0,1656080.72
1673,20,2024-05-01,604085.9,1732296.68,259844.5,1388055.28
1674,20,2024-06-01,509959.14,2283760.24,0.0,1773801.1
1675,20,2024-07-01,258942.28,2203162.71,330474.41,2274694.84
1676,20,2024-08-01,508896.61,1258136.02,62906.8,812146.21
1677,20,2024-09-01,255867.47,2285176.0,0.0,2029308.53
1678,20,2024-10-01,223588.61,1042532.51,156379.88,975323.78
1679,20,2024-11-01,335150.35,1898865.48,189886.55,1753601.68
1680,20,2024-12-01,383263.47,1410649.09,70532.45,1097918.07
1681,21,2018-01-01,418944.88,2208939.54,0.0,1789994.66
1682,21,2018-02-01,527525.31,1635493.03,0.0,1107967.72
1683,21,2018-03-01,259706.57,1331026.67,66551.33,1137871.43
1684,21,2018-04-01,527304.51,1732969.12,0.0,1205664.61
1685,21,2018-05-01,812791.77,2036337.84,203633.78,1427179.85
1686,21,2018-06-01,238308.74,1950916.28,292637.44,2005244.98
1687,21,2018-07-01,125255.38,921062.47,138159.37,933966.46
1688,21,2018-08-01,209505.35,462384.48,23119.22,275998.35
1689,21,2018-09-01,124190.89,462458.28,46245.83,384513.22
1690,21,2018-10-01,69663.82,242699.41,0.0,173035.59
1691,21,2018-11-01,77628.8,507618.66,25380.93,455370.79
1692,21,2018-12-01,129753.63,975328.0,97532.8,943107.17
1693,21,2019-01-01,365513.85,1167565.57,116756.56,918808.28
1694,21,2019-02-01,343290.45,2800359.2,280035.92,2737104.67
1695,21,2019-03-01,425172.8,1495747.05,149574.71,1220148.96
1696,21,2019-04-01,273354.12,1852723.11,92636.16,1672005.15
1697,21,2019-05-01,619775.71,1869119.55,93455.98,1342799.82
1698,21,2019-06-01,322769.97,2037454.74,101872.74,1816557.51
1699,21,2019-07-01,237149.07,911703.05,45585.15,720139.13
1700,21,2019-08-01,69942.76,495668.87,74350.33,500076.44
1701,21,2019-09-01,90272.82,393601.82,0.0,303329.0
1702,21,2019-10-01,137543.47,320007.29,0.0,182463.82
1703,21,2019-11-01,75508.75,836130.6,41806.53,802428.38
1704,21,2019-12-01,202586.95,669461.63,66946.16,533820.84
1705,21,2020-01-01,533193.3,965735.68,0.0,432542.38
1706,21,2020-02-01,554213.96,1520264.58,228039.69,1194090.31
1707,21,2020-03-01,327750.63,2555192.76,383278.91,2610721.04
1708,21,2020-04-01,557520.24,2638201.34,131910.07,2212591.17
1709,21,2020-05-01,358096.54,3229744.34,161487.22,3033135.02
1710,21,2020-06-01,175543.02,1877432.96,93871.65,1795761.59
1711,21,2020-07-01,294791.82,630271.13,0.0,335479.31
1712,21,2020-08-01,194857.24,489797.28,24489.86,319429.9
1713,21,2020-09-01,71383.82,176564.23,17656.42,122836.83
1714,21,2020-10-01,103999.37,464734.3,46473.43,407208.36
1715,21,2020-11-01,102189.07,563054.05,28152.7,489017.68
1716,21,2020-12-01,430603.7,1397034.74,139703.47,1106134.51
1717,21,2021-01-01,466996.27,2403877.05,360581.56,2297462.34
1718,21,2021-02-01,207219.77,2235113.4,335267.01,2363160.64
1719,21,2021-03-01,816693.3,1375313.5,68765.68,627385.88
1720,21,2021-04-01,675775.37,3040006.05,152000.3,2516230.98
1721,21,2021-05-01,602288.61,2155599.92,107780.0,1661091.31
1722,21,2021-06-01,253947.19,1208426.64,120842.66,1075322.11
1723,21,2021-07-01,274343.08,950963.11,47548.16,724168.19
1724,21,2021-08-01,77986.54,569592.26,28479.61,520085.33
1725,21,2021-09-01,65564.4,326400.8,0.0,260836.4
1726,21,2021-10-01,144603.25,548570.06,82285.51,486252.32
1727,21,2021-11-01,111410.24,313328.78,46999.32,248917.86
1728,21,2021-12-01,345485.22,947569.51,142135.43,744219.72
1729,21,2022-01-01,420132.57,1789150.88,268372.63,1637390.94
1730,21,2022-02-01,610364.89,2029165.23,304374.78,1723175.12
1731,21,2022-03-01,818780.68,1624412.74,162441.27,968073.33
1732,21,2022-04-01,546924.98,2985777.78,447866.67,2886719.47
1733,21,2022-05-01,733899.77,1395101.84,209265.28,870467.35
1734,21,2022-06-01,239572.35,1758289.68,175828.97,1694546.3
1735,21,2022-07-01,296003.79,1059589.14,158938.37,922523.72
1736,21,2022-08-01,114276.31,473007.73,23650.39,382381.81
1737,21,2022-09-01,97373.09,221273.73,0.0,123900.64
1738,21,2022-10-01,49101.3,263314.88,39497.23,253710.81
1739,21,2022-11-01,68935.64,746424.98,37321.25,714810.59
1740,21,2022-12-01,363102.16,1127281.28,112728.13,876907.25
1741,21,2023-01-01,269701.16,1768853.4,0.0,1499152.24
1742,21,2023-02-01,675879.9,1273990.58,0.0,598110.68
1743,21,2023-03-01,846146.4,2102698.37,0.0,1256551.97
1744,21,2023-04-01,659047.97,2810989.09,140549.45,2292490.57
1745,21,2023-05-01,332384.7,1939831.88,193983.19,1801430.37
1746,21,2023-06-01,404271.28,1813574.71,90678.74,1499982.17
1747,21,2023-07-01,237911.45,930709.14,93070.91,785868.6
1748,21,2023-08-01,192435.92,705061.9,105759.29,618385.27
1749,21,2023-09-01,78787.03,489044.86,73356.73,483614.56
1750,21,2023-10-01,62531.79,336452.89,16822.64,290743.74
1751,21,2023-11-01,134755.77,440298.65,0.0,305542.88
1752,21,2023-12-01,238631.09,1600125.91,160012.59,1521507.41
1753,21,2024-01-01,481197.46,1837709.42,183770.94,1540282.9
1754,21,2024-02-01,598774.59,1438598.3,215789.74,1055613.45
1755,21,2024-03-01,629560.65,2990514.8,448577.22,2809531.37
1756,21,2024-04-01,716938.17,1387936.76,69396.84,740395.43
1757,21,2024-05-01,745761.39,1776606.93,0.0,1030845.54
1758,21,2024-06-01,534167.62,1298327.66,0.0,764160.04
1759,21,2024-07-01,393813.46,662036.83,66203.68,334427.05
1760,21,2024-08-01,160889.81,704631.53,0.0,543741.72
1761,21,2024-09-01,98984.31,415996.95,41599.7,358612.34
1762,21,2024-10-01,66837.94,258855.73,25885.57,217903.36
1763,21,2024-11-01,133077.66,817848.61,81784.86,766555.81
1764,21,2024-12-01,223397.04,1509736.62,75486.83,1361826.41
1765,22,2018-01-01,83783.01,350817.1,0.0,267034.09
1766,22,2018-02-01,63908.96,306045.79,45906.87,288043.7
1767,22,2018-03-01,113668.45,740312.82,37015.64,663660.01
1768,22,2018-04-01,173625.87,784155.05,39207.75,649736.93
1769,22,2018-05-01,60671.15,343388.36,17169.42,299886.63
1770,22,2018-06-01,97734.5,398941.67,39894.17,341101.34
1771,22,2018-07-01,80695.41,183485.24,0.0,102789.83
1772,22,2018-08-01,21555.2,132048.96,0.0,110493.76
1773,22,2018-09-01,19031.86,62908.47,6290.85,50167.46
1774,22,2018-10-01,19990.16,93409.28,9340.93,82760.05
1775,22,2018-11-01,53504.18,121615.61,12161.56,80272.99
1776,22,2018-12-01,36284.19,243114.85,12155.74,218986.4
1777,22,2019-01-01,42773.64,504668.46,50466.85,512361.67
1778,22,2019-02-01,112713.04,522423.04,52242.3,461952.3
1779,22,2019-03-01,192164.4,797650.34,119647.55,725133.49
1780,22,2019-04-01,188797.32,421012.62,63151.89,295367.19
1781,22,2019-05-01,141148.39,405756.6,60863.49,325471.7
1782,22,2019-06-01,76830.83,211242.95,0.0,134412.12
1783,22,2019-07-01,83290.13,193394.17,9669.71,119773.75
1784,22,2019-08-01,33809.38,187045.12,0.0,153235.74
1785,22,2019-09-01,21555.72,48411.91,2420.6,29276.79
1786,22,2019-10-01,21445.05,124461.47,12446.15,115462.57
1787,22,2019-11-01,53631.07,222487.88,33373.18,202229.99
1788,22,2019-12-01,37200.57,286969.65,14348.48,264117.56
1789,22,2020-01-01,96083.51,586695.8,29334.79,519947.08
1790,22,2020-02-01,111083.62,448521.77,22426.09,359864.24
1791,22,2020-03-01,120795.53,576036.48,0.0,455240.95
1792,22,2020-04-01,196208.74,362165.35,18108.27,184064.88
1793,22,2020-05-01,123203.61,518751.97,25937.6,421485.96
1794,22,2020-06-01,120160.08,391456.62,0.0,271296.54
1795,22,2020-07-01,55398.5,192967.73,28945.16,166514.39
1796,22,2020-08-01,49066.2,141769.45,14176.95,106880.2
1797,22,2020-09-01,15009.64,59870.02,5987.0,50847.38
1798,22,2020-10-01,24681.86,65917.59,0.0,41235.73
1799,22,2020-11-01,21344.43,161312.21,16131.22,156099.0
1800,22,2020-12-01,69902.76,421049.81,21052.49,372199.54
1801,22,2021-01-01,96277.26,354309.67,0.0,258032.41
1802,22,2021-02-01,50173.12,676973.15,33848.66,660648.69
1803,22,2021-03-01,66124.27,824116.34,41205.82,799197.89
1804,22,2021-04-01,193406.95,570282.4,57028.24,433903.69
1805,22,2021-05-01,179585.23,441555.81,44155.58,306126.16
1806,22,2021-06-01,65622.2,471966.63,47196.66,453541.09
1807,22,2021-07-01,29353.17,340665.12,0.0,311311.95
1808,22,2021-08-01,59514.21,142610.24,21391.54,104487.57
1809,22,2021-09-01,16840.37,67076.22,0.0,50235.85
1810,22,2021-10-01,21580.7,107123.79,0.0,85543.09
1811,22,2021-11-01,44947.9,156213.53,7810.68,119076.31
1812,22,2021-12-01,73898.02,266241.87,39936.28,232280.13
1813,22,2022-01-01,134668.9,329427.84,0.0,194758.94
1814,22,2022-02-01,137308.15,263317.59,0.0,126009.44
1815,22,2022-03-01,113671.92,825727.36,82572.74,794628.18
1816,22,2022-04-01,198375.62,452937.66,22646.88,277208.92
1817,22,2022-05-01,167890.4,368254.22,0.0,200363.82
1818,22,2022-06-01,88256.83,534913.22,0.0,446656.39
1819,22,2022-07-01,82749.0,243867.14,0.0,161118.14
1820,22,2022-08-01,42872.44,75755.92,11363.39,44246.87
1821,22,2022-09-01,31054.82,75831.18,11374.68,56151.04
1822,22,2022-10-01,13237.04,94453.87,9445.39,90662.22
1823,22,2022-11-01,44839.42,138196.85,0.0,93357.43
1824,22,2022-12-01,58125.95,355185.22,17759.26,314818.53
1825,22,2023-01-01,136791.9,346728.42,0.0,209936.52
1826,22,2023-02-01,115790.51,319134.71,47870.21,251214.41
1827,22,2023-03-01,73964.46,524779.54,52477.95,503293.03
1828,22,2023-04-01,160521.69,745347.3,0.0,584825.61
1829,22,2023-05-01,178663.42,725434.5,36271.72,583042.8
1830,22,2023-06-01,127781.23,530934.2,26546.71,429699.68
1831,22,2023-07-01,30334.22,246792.28,24679.23,241137.29
1832,22,2023-08-01,43005.25,194149.09,29122.36,180266.2
1833,22,2023-09-01,40808.49,174714.2,0.0,133905.71
1834,22,2023-10-01,13843.09,81554.81,8155.48,75867.2
1835,22,2023-11-01,30571.03,132543.5,13254.35,115226.82
1836,22,2023-12-01,46805.96,189941.02,9497.05,152632.11
1837,22,2024-01-01,126958.03,600962.1,30048.1,504052.17
1838,22,2024-02-01,96700.67,620571.93,31028.6,554899.86
1839,22,2024-03-01,204513.18,428470.88,64270.63,288228.33
1840,22,2024-04-01,79366.01,781699.69,39084.98,741418.66
1841,22,2024-05-01,151852.34,618886.29,61888.63,528922.58
1842,22,2024-06-01,86964.47,355333.58,53300.04,321669.15
1843,22,2024-07-01,65887.69,169591.33,8479.57,112183.21
1844,22,2024-08-01,48307.2,108294.3,10829.43,70816.53
1845,22,2024-09-01,27694.14,108582.58,5429.13,86317.57
1846,22,2024-10-01,30238.65,58881.78,2944.09,31587.22
1847,22,2024-11-01,45468.14,223679.15,22367.92,200578.93
1848,22,2024-12-01,50915.39,225166.25,0.0,174250.86
1849,23,2018-01-01,227570.41,2441515.35,366227.3,2580172.24
1850,23,2018-02-01,308725.76,1467035.81,146703.58,1305013.63
1851,23,2018-03-01,188920.66,2547363.91,127368.2,2485811.45
1852,23,2018-04-01,508780.06,1085323.56,54266.18,630809.68
1853,23,2018-05-01,425851.85,2243794.64,224379.46,2042322.25
1854,23,2018-06-01,483633.16,1799626.94,269944.04,1585937.82
1855,23,2018-07-01,258652.22,1118678.08,0.0,860025.86
1856,23,2018-08-01,635197.77,2448376.03,122418.8,1935597.06
1857,23,2018-09-01,665451.9,1301391.35,65069.57,701009.02
1858,23,2018-10-01,190294.79,2362757.98,0.0,2172463.19
1859,23,2018-11-01,563985.68,2364880.09,118244.0,1919138.41
1860,23,2018-12-01,185016.04,2364429.9,118221.49,2297635.35
1861,23,2019-01-01,673220.59,2341533.03,234153.3,1902465.74
1862,23,2019-02-01,234803.12,1423528.24,0.0,1188725.12
1863,23,2019-03-01,472482.41,1374646.81,137464.68,1039629.08
1864,23,2019-04-01,391320.76,2323529.95,232353.0,2164562.19
1865,23,2019-05-01,606300.43,2486510.83,124325.54,2004535.94
1866,23,2019-06-01,359662.79,1225985.91,0.0,866323.12
1867,23,2019-07-01,259323.24,1381716.53,0.0,1122393.29
1868,23,2019-08-01,270815.68,1936782.92,193678.29,1859645.53
1869,23,2019-09-01,190824.62,2243791.62,112189.58,2165156.58
1870,23,2019-10-01,616569.07,1654744.18,0.0,1038175.11
1871,23,2019-11-01,602154.69,1372396.65,205859.5,976101.46
1872,23,2019-12-01,489284.76,2413492.15,120674.61,2044882.0
1873,23,2020-01-01,515108.98,2335146.13,350271.92,2170309.07
1874,23,2020-02-01,450594.59,1385475.36,207821.3,1142702.07
1875,23,2020-03-01,178856.28,986126.55,98612.66,905882.93
1876,23,2020-04-01,256366.05,1521724.83,152172.48,1417531.26
1877,23,2020-05-01,243700.85,1595968.86,159596.89,1511864.9
1878,23,2020-06-01,592374.64,1234647.3,185197.1,827469.76
1879,23,2020-07-01,230787.84,1980666.77,198066.68,1947945.61
1880,23,2020-08-01,355530.49,2278504.81,227850.48,2150824.8
1881,23,2020-09-01,452441.95,1171665.58,0.0,719223.63
1882,23,2020-10-01,315774.36,1455564.18,0.0,1139789.82
1883,23,2020-11-01,319878.33,1689554.71,253433.21,1623109.59
1884,23,2020-12-01,606490.68,1925324.65,96266.23,1415100.2
1885,23,2021-01-01,513366.61,1531253.57,229688.04,1247575.0
1886,23,2021-02-01,347005.65,2139795.64,0.0,1792789.99
1887,23,2021-03-01,627026.64,2512915.36,376937.3,2262826.02
1888,23,2021-04-01,559952.58,2295587.82,344338.17,2079973.41
1889,23,2021-05-01,571407.85,1473003.32,0.0,901595.47
1890,23,2021-06-01,217163.36,1001588.94,0.0,784425.58
1891,23,2021-07-01,194567.3,1272916.8,63645.84,1141995.34
1892,23,2021-08-01,366813.46,1212490.29,181873.54,1027550.37
1893,23,2021-09-01,564343.81,1734292.72,86714.64,1256663.55
1894,23,2021-10-01,628029.88,1216302.13,60815.11,649087.36
1895,23,2021-11-01,568397.41,1591136.98,79556.85,1102296.42
1896,23,2021-12-01,549835.32,2069627.12,206962.71,1726754.51
1897,23,2022-01-01,368055.89,2727394.65,0.0,2359338.76
1898,23,2022-02-01,618282.21,1620252.7,162025.27,1163995.76
1899,23,2022-03-01,696115.76,1819974.24,0.0,1123858.48
1900,23,2022-04-01,568622.61,2313861.17,115693.06,1860931.62
1901,23,2022-05-01,478062.5,2081571.23,312235.68,1915744.41
1902,23,2022-06-01,632727.61,2515958.42,0.0,1883230.81
1903,23,2022-07-01,246761.43,2482322.44,0.0,2235561.01
1904,23,2022-08-01,325083.41,1836897.34,91844.87,1603658.8
1905,23,2022-09-01,172345.49,1161336.78,58066.84,1047058.13
1906,23,2022-10-01,578567.92,2708899.54,135444.98,2265776.6
1907,23,2022-11-01,180083.46,2306073.19,0.0,2125989.73
1908,23,2022-12-01,275393.25,1539695.84,76984.79,1341287.38
1909,23,2023-01-01,246057.29,1321264.56,0.0,1075207.27
1910,23,2023-02-01,222992.23,2073645.21,0.0,1850652.98
1911,23,2023-03-01,227933.48,1452489.18,72624.46,1297180.16
1912,23,2023-04-01,325295.63,2101184.23,210118.42,1986007.02
1913,23,2023-05-01,630756.98,1355866.23,0.0,725109.25
1914,23,2023-06-01,320562.75,2101233.44,315185.02,2095855.71
1915,23,2023-07-01,188475.04,1019105.65,101910.57,932541.18
1916,23,2023-08-01,316096.53,1205630.99,0.0,889534.46
1917,23,2023-09-01,280320.77,2054898.57,102744.93,1877322.73
1918,23,2023-10-01,307236.66,2705376.07,135268.8,2533408.21
1919,23,2023-11-01,527498.94,2393792.93,239379.29,2105673.28
1920,23,2023-12-01,253398.33,2194038.66,0.0,1940640.33
1921,23,2024-01-01,277805.29,2143005.37,0.0,1865200.08
1922,23,2024-02-01,487824.09,1525152.68,228772.9,1266101.49
1923,23,2024-03-01,671049.01,1847610.71,92380.54,1268942.24
1924,23,2024-04-01,421560.6,2520986.12,378147.92,2477573.44
1925,23,2024-05-01,246751.32,1630118.27,81505.91,1464872.86
1926,23,2024-06-01,558345.29,2525665.69,378849.85,2346170.25
1927,23,2024-07-01,435617.89,2483583.0,124179.15,2172144.26
1928,23,2024-08-01,578760.42,1072219.94,53611.0,547070.52
1929,23,2024-09-01,570669.86,1838064.8,183806.48,1451201.42
1930,23,2024-10-01,283611.36,1273111.47,127311.15,1116811.26
1931,23,2024-11-01,344394.89,987503.05,148125.46,791233.62
1932,23,2024-12-01,214465.69,1614376.85,242156.53,1642067.69
1933,24,2018-01-01,287266.49,2013221.97,100661.1,1826616.58
1934,24,2018-02-01,532058.86,1182948.61,0.0,650889.75
1935,24,2018-03-01,432933.04,2077820.88,0.0,1644887.84
1936,24,2018-04-01,493655.62,1014354.18,0.0,520698.56
1937,24,2018-05-01,158716.24,1479230.78,0.0,1320514.54
1938,24,2018-06-01,389537.91,1306438.25,0.0,916900.34
1939,24,2018-07-01,382194.35,1422915.33,71145.77,1111866.75
1940,24,2018-08-01,310340.72,1798970.36,0.0,1488629.64
1941,24,2018-09-01,278015.53,1403236.74,210485.51,1335706.72
1942,24,2018-10-01,616138.91,1751328.23,262699.23,1397888.55
1943,24,2018-11-01,390462.37,2324790.73,116239.54,2050567.9
1944,24,2018-12-01,434675.67,1224673.52,122467.35,912465.2
1945,24,2019-01-01,312824.21,2707491.8,0.0,2394667.59
1946,24,2019-02-01,337853.22,1447685.51,217152.83,1326985.12
1947,24,2019-03-01,589045.7,1332083.38,199812.51,942850.19
1948,24,2019-04-01,294657.74,2106210.1,105310.51,1916862.87
1949,24,2019-05-01,367376.43,1223522.97,61176.15,917322.69
1950,24,2019-06-01,316088.98,868478.64,0.0,552389.66
1951,24,2019-07-01,145055.29,1418763.32,0.0,1273708.03
1952,24,2019-08-01,359447.14,1907740.86,190774.09,1739067.81
1953,24,2019-09-01,245481.55,1225771.73,122577.17,1102867.35
1954,24,2019-10-01,577193.51,1370691.4,137069.14,930567.03
1955,24,2019-11-01,316490.91,1305405.8,195810.87,1184725.76
1956,24,2019-12-01,548613.13,1204223.36,120422.34,776032.57
1957,24,2020-01-01,668831.69,2520398.45,0.0,1851566.76
1958,24,2020-02-01,187150.48,1247254.15,187088.12,1247191.79
1959,24,2020-03-01,322799.01,2242522.56,336378.38,2256101.93
1960,24,2020-04-01,561724.16,1280432.29,128043.23,846751.36
1961,24,2020-05-01,243758.23,1266694.77,126669.48,1149606.02
1962,24,2020-06-01,141864.08,1514874.56,75743.73,1448754.21
1963,24,2020-07-01,220964.72,1437658.91,71882.95,1288577.14
1964,24,2020-08-01,188539.58,1396336.86,139633.69,1347430.97
1965,24,2020-09-01,392103.92,1471887.16,73594.36,1153377.6
1966,24,2020-10-01,275783.54,1590035.83,238505.37,1552757.66
1967,24,2020-11-01,447229.88,930322.91,0.0,483093.03
1968,24,2020-12-01,240692.4,2016880.88,100844.04,1877032.52
1969,24,2021-01-01,503754.48,2491564.71,0.0,1987810.23
1970,24,2021-02-01,239533.53,1879255.73,93962.79,1733684.99
1971,24,2021-03-01,523856.15,1226597.99,183989.7,886731.54
1972,24,2021-04-01,368185.68,937943.46,46897.17,616654.95
1973,24,2021-05-01,171833.47,1213271.96,181990.79,1223429.28
1974,24,2021-06-01,443697.52,1475429.69,73771.48,1105503.65
1975,24,2021-07-01,331842.86,1002543.78,50127.19,720828.11
1976,24,2021-08-01,521754.14,2098183.92,104909.2,1681338.98
1977,24,2021-09-01,350900.8,1070116.44,160517.47,879733.11
1978,24,2021-10-01,310623.62,1000224.93,0.0,689601.31
1979,24,2021-11-01,593547.71,1998810.2,0.0,1405262.49
1980,24,2021-12-01,444483.63,1443191.55,144319.15,1143027.07
1981,24,2022-01-01,380839.34,1388640.06,208296.01,1216096.73
1982,24,2022-02-01,290625.02,2414057.58,0.0,2123432.56
1983,24,2022-03-01,260177.63,1842359.12,276353.87,1858535.36
1984,24,2022-04-01,535362.08,1916026.95,191602.7,1572267.57
1985,24,2022-05-01,320777.26,933060.38,93306.04,705589.16
1986,24,2022-06-01,442452.37,870955.47,87095.55,515598.65
1987,24,2022-07-01,432909.3,1626861.19,162686.12,1356638.01
1988,24,2022-08-01,194009.47,906813.73,0.0,712804.26
1989,24,2022-09-01,493887.59,1385947.77,138594.78,1030654.96
1990,24,2022-10-01,530123.6,1939554.03,290933.1,1700363.53
1991,24,2022-11-01,241486.51,2280114.07,228011.41,2266638.97
1992,24,2022-12-01,502223.52,1316798.48,0.0,814574.96
1993,24,2023-01-01,604788.68,1377667.54,206650.13,979528.99
1994,24,2023-02-01,216607.27,1047583.99,0.0,830976.72
1995,24,2023-03-01,210375.39,1069533.23,0.0,859157.84
1996,24,2023-04-01,283775.27,1562895.81,156289.58,1435410.12
1997,24,2023-05-01,333442.51,1697011.34,254551.7,1618120.53
1998,24,2023-06-01,227707.87,946642.34,0.0,718934.47
1999,24,2023-07-01,182470.51,1230745.79,184611.87,1232887.15
2000,24,2023-08-01,179473.2,1612456.3,241868.45,1674851.55
2001,24,2023-09-01,383007.5,2091968.41,313795.26,2022756.17
2002,24,2023-10-01,196833.04,2171984.13,0.0,1975151.09
2003,24,2023-11-01,278157.78,1611820.91,0.0,1333663.13
2004,24,2023-12-01,478391.86,1745960.27,0.0,1267568.41
2005,24,2024-01-01,600784.39,2564080.18,384612.03,2347907.82
2006,24,2024-02-01,411589.91,1572718.49,235907.77,1397036.35
2007,24,2024-03-01,569541.61,1601083.21,160108.32,1191649.92
2008,24,2024-04-01,307110.2,892946.01,0.0,585835.81
2009,24,2024-05-01,354927.42,1306044.87,130604.49,1081721.94
2010,24,2024-06-01,422498.64,1674849.0,167484.9,1419835.26
2011,24,2024-07-01,246947.66,1603016.84,0.0,1356069.18
2012,24,2024-08-01,445496.54,2037411.56,305611.73,1897526.75
2013,24,2024-09-01,271003.88,1122624.08,168393.61,1020013.81
2014,24,2024-10-01,630272.61,1807868.69,180786.87,1358382.95
2015,24,2024-11-01,263193.39,1521819.39,152181.94,1410807.94
2016,24,2024-12-01,429490.4,2502769.66,375415.45,2448694.71
2017,25,2018-01-01,513747.37,1312587.69,65629.38,864469.7
2018,25,2018-02-01,299591.39,2179401.59,108970.08,1988780.28
2019,25,2018-03-01,318054.44,1539331.08,230899.66,1452176.3
2020,25,2018-04-01,654174.21,2301504.03,115075.2,1762405.02
2021,25,2018-05-01,224763.65,998451.42,0.0,773687.77
2022,25,2018-06-01,302277.04,1302296.42,0.0,1000019.38
2023,25,2018-07-01,163938.34,999245.28,99924.53,935231.47
2024,25,2018-08-01,184554.96,406865.49,40686.55,262997.08
2025,25,2018-09-01,66412.44,174040.25,26106.04,133733.85
2026,25,2018-10-01,47970.92,434056.71,43405.67,429491.46
2027,25,2018-11-01,187037.63,427898.2,21394.91,262255.48
2028,25,2018-12-01,243195.15,765769.82,76576.98,599151.65
2029,25,2019-01-01,229201.75,874383.11,43719.16,688900.52
2030,25,2019-02-01,227405.89,1317657.19,197648.58,1287899.88
2031,25,2019-03-01,183079.45,985688.35,49284.42,851893.32
2032,25,2019-04-01,550522.28,1502809.67,225421.45,1177708.84
2033,25,2019-05-01,594462.4,1206527.07,60326.35,672391.02
2034,25,2019-06-01,394237.83,920010.59,138001.59,663774.35
2035,25,2019-07-01,133300.64,551797.08,0.0,418496.44
2036,25,2019-08-01,57294.25,515698.13,51569.81,509973.69
2037,25,2019-09-01,83038.36,339858.26,50978.74,307798.64
2038,25,2019-10-01,59791.31,175821.76,17582.18,133612.63
2039,25,2019-11-01,94514.12,513019.48,0.0,418505.36
2040,25,2019-12-01,103477.54,1040777.76,156116.66,1093416.88
2041,25,2020-01-01,289877.2,1757186.54,263577.98,1730887.32
2042,25,2020-02-01,260050.2,1757363.36,87868.17,1585181.33
2043,25,2020-03-01,184712.63,2507620.3,0.0,2322907.67
2044,25,2020-04-01,484866.2,1143786.8,57189.34,716109.94
2045,25,2020-05-01,433399.8,1534042.85,76702.14,1177345.19
2046,25,2020-06-01,353717.67,1372999.83,205949.97,1225232.13
2047,25,2020-07-01,321101.74,1073497.44,0.0,752395.7
2048,25,2020-08-01,124126.36,268457.08,13422.85,157753.57
2049,25,2020-09-01,68749.86,325953.72,16297.69,273501.55
2050,25,2020-10-01,74836.35,219444.09,21944.41,166552.15
2051,25,2020-11-01,81360.67,309367.07,15468.35,243474.75
2052,25,2020-12-01,141199.89,1085253.5,108525.35,1052578.96
2053,25,2021-01-01,279889.83,1121222.22,0.0,841332.39
2054,25,2021-02-01,510794.07,1262299.04,0.0,751504.97
2055,25,2021-03-01,342859.16,1530694.24,0.0,1187835.08
2056,25,2021-04-01,462611.63,1260098.76,0.0,797487.13
2057,25,2021-05-01,303408.11,2088134.45,208813.45,1993539.79
2058,25,2021-06-01,156884.86,1600849.07,0.0,1443964.21
2059,25,2021-07-01,147703.61,659241.73,32962.09,544500.21
2060,25,2021-08-01,117975.85,358666.89,53800.03,294491.07
2061,25,2021-09-01,77520.29,161222.74,8061.14,91763.59
2062,25,2021-10-01,83521.36,164877.46,16487.75,97843.85
2063,25,2021-11-01,104376.17,415520.91,62328.14,373472.88
2064,25,2021-12-01,268499.61,930266.56,46513.33,708280.28
2065,25,2022-01-01,440858.99,1301953.04,130195.3,991289.35
2066,25,2022-02-01,481275.92,1644203.09,0.0,1162927.17
2067,25,2022-03-01,614587.69,1881133.0,282169.95,1548715.26
2068,25,2022-04-01,245876.02,1711106.39,256665.96,1721896.33
2069,25,2022-05-01,169549.93,1093691.62,54684.58,978826.27
2070,25,2022-06-01,263616.24,1155615.07,0.0,891998.83
2071,25,2022-07-01,256394.29,547360.69,54736.07,345702.47
2072,25,2022-08-01,145453.37,486347.08,0.0,340893.71
2073,25,2022-09-01,85170.51,286364.43,0.0,201193.92
2074,25,2022-10-01,56551.37,387733.36,0.0,331181.99
2075,25,2022-11-01,188183.41,492446.74,49244.67,353508.0
2076,25,2022-12-01,170478.41,809352.59,80935.26,719809.44
2077,25,2023-01-01,179248.01,1655142.3,0.0,1475894.29
2078,25,2023-02-01,513841.95,1339077.08,0.0,825235.13
2079,25,2023-03-01,667475.27,2164222.03,0.0,1496746.76
2080,25,2023-04-01,194570.95,2094821.38,104741.07,2004991.5
2081,25,2023-05-01,524076.15,2004737.89,200473.79,1681135.53
2082,25,2023-06-01,314186.64,952363.08,95236.31,733412.75
2083,25,2023-07-01,246558.06,533965.38,0.0,287407.32
2084,25,2023-08-01,73040.97,552483.13,55248.31,534690.47
2085,25,2023-09-01,49622.14,217042.83,32556.42,199977.11
2086,25,2023-10-01,47339.43,162168.1,0.0,114828.67
2087,25,2023-11-01,155657.54,591684.52,59168.45,495195.43
2088,25,2023-12-01,307117.02,557643.87,0.0,250526.85
2089,25,2024-01-01,285879.18,794037.11,119105.57,627263.5
2090,25,2024-02-01,181572.23,1772112.34,177211.23,1767751.34
2091,25,2024-03-01,616869.26,2488966.86,373345.03,2245442.63
2092,25,2024-04-01,235952.02,1071369.03,53568.45,888985.46
2093,25,2024-05-01,406735.42,1368817.79,205322.67,1167405.04
2094,25,2024-06-01,413735.22,1419834.4,141983.44,1148082.62
2095,25,2024-07-01,291121.58,927393.24,46369.66,682641.32
2096,25,2024-08-01,98886.57,373969.01,56095.35,331177.79
2097,25,2024-09-01,62338.67,233934.52,23393.45,194989.3
2098,25,2024-10-01,69863.29,252204.49,0.0,182341.2
2099,25,2024-11-01,149619.78,481958.1,24097.9,356436.22
2100,25,2024-12-01,120067.5,769481.76,76948.18,726362.44
2101,26,2018-01-01,1407775.83,4480935.84,448093.58,3521253.59
2102,26,2018-02-01,1249642.67,2204920.95,330738.14,1286016.42
2103,26,2018-03-01,1027004.51,5611027.08,280551.35,4864573.92
2104,26,2018-04-01,434598.59,5362451.31,268122.57,5195975.29
2105,26,2018-05-01,762309.85,3737915.09,0.0,2975605.24
2106,26,2018-06-01,966924.14,2356355.94,353453.39,1742885.19
2107,26,2018-07-01,480773.34,5063612.21,759541.83,5342380.7
2108,26,2018-08-01,942410.31,5521052.31,552105.23,5130747.23
2109,26,2018-09-01,708495.44,5141329.5,257066.48,4689900.54
2110,26,2018-10-01,817464.3,3589158.42,179457.92,2951152.04
2111,26,2018-11-01,995764.69,3169644.74,475446.71,2649326.76
2112,26,2018-12-01,788049.52,4637254.2,0.0,3849204.68
2113,26,2019-01-01,619044.83,2352292.58,0.0,1733247.75
2114,26,2019-02-01,841995.19,4444476.72,444447.67,4046929.2
2115,26,2019-03-01,658639.93,3919457.0,587918.55,3848735.62
2116,26,2019-04-01,824304.62,5656346.88,565634.69,5397676.95
2117,26,2019-05-01,570166.84,4552332.65,682849.9,4665015.71
2118,26,2019-06-01,1365719.9,3338924.7,166946.24,2140151.04
2119,26,2019-07-01,1229976.97,3648984.53,182449.23,2601456.79
2120,26,2019-08-01,686762.13,4412824.24,220641.21,3946703.32
2121,26,2019-09-01,944559.74,4722327.14,236116.36,4013883.76
2122,26,2019-10-01,657617.17,4310562.56,646584.38,4299529.77
2123,26,2019-11-01,963919.42,4300575.03,215028.75,3551684.36
2124,26,2019-12-01,488727.48,5994648.21,0.0,5505920.73
2125,26,2020-01-01,735061.28,3137274.45,156863.72,2559076.89
2126,26,2020-02-01,943197.66,3130627.03,469594.05,2657023.42
2127,26,2020-03-01,529266.06,6137262.3,306863.11,5914859.35
2128,26,2020-04-01,733839.79,4710590.11,0.0,3976750.32
2129,26,2020-05-01,939236.29,5345232.24,267261.61,4673257.56
2130,26,2020-06-01,614620.14,3639282.94,363928.29,3388591.09
2131,26,2020-07-01,1022733.12,4226900.07,422690.01,3626856.96
2132,26,2020-08-01,628476.22,5437818.78,815672.82,5625015.38
2133,26,2020-09-01,1143576.86,4747323.96,237366.2,3841113.3
2134,26,2020-10-01,538883.7,4692864.14,0.0,4153980.44
2135,26,2020-11-01,817133.0,4354464.58,217723.23,3755054.81
2136,26,2020-12-01,896491.26,2549178.78,127458.94,1780146.46
2137,26,2021-01-01,1163836.34,4798209.78,719731.47,4354104.91
2138,26,2021-02-01,1136005.9,2331628.78,233162.88,1428785.76
2139,26,2021-03-01,1310355.67,4614245.82,461424.58,3765314.73
2140,26,2021-04-01,413088.52,5226563.14,0.0,4813474.62
2141,26,2021-05-01,975355.47,5989905.38,299495.27,5314045.18
2142,26,2021-06-01,551781.64,5638233.79,845735.07,5932187.22
2143,26,2021-07-01,556883.44,3787693.6,378769.36,3609579.52
2144,26,2021-08-01,928388.07,4578189.74,686728.46,4336530.13
2145,26,2021-09-01,1201676.22,4498121.32,0.0,3296445.1
2146,26,2021-10-01,636933.34,2407173.49,120358.67,1890598.82
2147,26,2021-11-01,401588.46,2858633.68,428795.05,2885840.27
2148,26,2021-12-01,602697.54,3216355.3,0.0,2613657.76
2149,26,2022-01-01,1236417.26,3638277.03,363827.7,2765687.47
2150,26,2022-02-01,711855.22,4855021.81,0.0,4143166.59
2151,26,2022-03-01,1169138.84,2930665.2,439599.78,2201126.14
2152,26,2022-04-01,1210364.02,3255247.86,325524.79,2370408.63
2153,26,2022-05-01,786596.58,2432328.38,364849.26,2010581.06
2154,26,2022-06-01,1403523.64,4398138.93,0.0,2994615.29
2155,26,2022-07-01,865343.34,2842006.26,426300.94,2402963.86
2156,26,2022-08-01,1418938.42,5222798.34,783419.75,4587279.67
2157,26,2022-09-01,1405820.4,5688535.74,853280.36,5135995.7
2158,26,2022-10-01,1588959.12,5149376.12,514937.61,4075354.61
2159,26,2022-11-01,1518209.43,2431468.01,0.0,913258.58
2160,26,2022-12-01,455840.67,5799876.37,579987.64,5924023.34
2161,26,2023-01-01,693007.68,4187174.04,418717.4,3912883.76
2162,26,2023-02-01,871469.92,2899869.53,0.0,2028399.61
2163,26,2023-03-01,680085.98,4327512.25,0.0,3647426.27
2164,26,2023-04-01,544526.32,3875131.08,193756.55,3524361.31
2165,26,2023-05-01,1120109.89,4793344.02,0.0,3673234.13
2166,26,2023-06-01,1306903.88,4862000.16,486200.02,4041296.3
2167,26,2023-07-01,514133.39,4427251.3,442725.13,4355843.04
2168,26,2023-08-01,1177438.65,5544347.55,277217.38,4644126.28
2169,26,2023-09-01,1343537.33,3143312.7,157165.64,1956941.01
2170,26,2023-10-01,799518.8,5049097.84,0.0,4249579.04
2171,26,2023-11-01,1183228.43,2849775.44,142488.77,1809035.78
2172,26,2023-12-01,1359183.93,3511653.32,526748.0,2679217.39
2173,26,2024-01-01,882112.97,3555049.1,533257.36,3206193.49
2174,26,2024-02-01,544493.24,5851721.52,877758.23,6184986.51
2175,26,2024-03-01,851308.24,2767480.3,0.0,1916172.06
2176,26,2024-04-01,470791.9,3191448.61,319144.86,3039801.57
2177,26,2024-05-01,1297408.72,5200976.65,780146.5,4683714.43
2178,26,2024-06-01,1098625.43,5714917.81,0.0,4616292.38
2179,26,2024-07-01,1015872.95,4565152.78,456515.28,4005795.11
2180,26,2024-08-01,1030037.74,2778276.28,416741.44,2164979.98
2181,26,2024-09-01,933405.4,6014705.04,300735.25,5382034.89
2182,26,2024-10-01,1484563.55,4823905.24,723585.79,4062927.48
2183,26,2024-11-01,1048324.31,4517193.47,451719.35,3920588.51
2184,26,2024-12-01,631024.52,5505768.53,275288.43,5150032.44
2185,27,2018-01-01,366185.22,636274.0,31813.7,301902.48
2186,27,2018-02-01,169286.78,616174.18,0.0,446887.4
2187,27,2018-03-01,323623.56,659608.67,98941.3,434926.41
2188,27,2018-04-01,103427.47,864529.45,43226.47,804328.45
2189,27,2018-05-01,114943.57,560263.4,84039.51,529359.34
2190,27,2018-06-01,260503.86,526559.47,52655.95,318711.56
2191,27,2018-07-01,116771.85,788043.15,78804.32,750075.62
2192,27,2018-08-01,241884.61,991707.11,49585.36,799407.86
2193,27,2018-09-01,224683.1,1039994.94,155999.24,971311.08
2194,27,2018-10-01,127339.88,1220938.44,122093.84,1215692.4
2195,27,2018-11-01,208080.69,643051.12,64305.11,499275.54
2196,27,2018-12-01,376374.06,1448459.15,0.0,1072085.09
2197,27,2019-01-01,180588.48,1467448.01,0.0,1286859.53
2198,27,2019-02-01,299796.47,1239933.73,0.0,940137.26
2199,27,2019-03-01,325747.03,918667.88,91866.79,684787.64
2200,27,2019-04-01,330289.45,512068.49,76810.27,258589.31
2201,27,2019-05-01,223385.55,988185.12,49409.26,814208.83
2202,27,2019-06-01,179255.94,478414.38,0.0,299158.44
2203,27,2019-07-01,81147.52,697627.67,34881.38,651361.53
2204,27,2019-08-01,181233.08,1004468.53,0.0,823235.45
2205,27,2019-09-01,225668.28,527871.55,26393.58,328596.85
2206,27,2019-10-01,313364.28,554412.8,0.0,241048.52
2207,27,2019-11-01,200935.45,703827.72,70382.77,573275.04
2208,27,2019-12-01,122473.35,1492882.87,149288.29,1519697.81
2209,27,2020-01-01,122722.81,1301294.11,195194.12,1373765.42
2210,27,2020-02-01,285364.25,1205157.14,0.0,919792.89
2211,27,2020-03-01,350036.54,823600.57,82360.06,555924.09
2212,27,2020-04-01,243135.99,1132417.02,113241.7,1002522.73
2213,27,2020-05-01,254509.94,703085.52,0.0,448575.58
2214,27,2020-06-01,122150.54,821380.03,0.0,699229.49
2215,27,2020-07-01,246179.55,642771.5,32138.58,428730.53
2216,27,2020-08-01,139937.84,1084473.61,54223.68,998759.45
2217,27,2020-09-01,294427.49,941796.0,47089.8,694458.31
2218,27,2020-10-01,149128.58,1212400.69,181860.1,1245132.21
2219,27,2020-11-01,320092.95,719217.02,107882.55,507006.62
2220,27,2020-12-01,154188.19,1403592.49,210538.87,1459943.17
2221,27,2021-01-01,184227.06,752778.77,112916.82,681468.53
2222,27,2021-02-01,230958.73,568272.6,28413.63,365727.5
2223,27,2021-03-01,211003.51,1060014.71,53000.74,902011.94
2224,27,2021-04-01,276003.83,763934.34,114590.15,602520.66
2225,27,2021-05-01,284586.82,1069787.47,0.0,785200.65
2226,27,2021-06-01,207640.99,741708.96,74170.9,608238.87
2227,27,2021-07-01,128040.18,1056516.11,105651.61,1034127.54
2228,27,2021-08-01,281881.82,836073.64,0.0,554191.82
2229,27,2021-09-01,116814.0,1096524.39,109652.44,1089362.83
2230,27,2021-10-01,278518.67,1297486.52,0.0,1018967.85
2231,27,2021-11-01,173102.74,951394.16,142709.12,921000.54
2232,27,2021-12-01,237543.83,1243199.87,124319.99,1129976.03
2233,27,2022-01-01,245100.4,1490568.46,223585.27,1469053.33
2234,27,2022-02-01,344184.37,1211746.08,121174.61,988736.32
2235,27,2022-03-01,132462.69,1161534.52,0.0,1029071.83
2236,27,2022-04-01,135604.96,1273449.76,191017.46,1328862.26
2237,27,2022-05-01,154237.35,684724.04,68472.4,598959.09
2238,27,2022-06-01,121235.9,553513.72,27675.69,459953.51
2239,27,2022-07-01,98250.83,456194.92,45619.49,403563.58
2240,27,2022-08-01,127239.75,887943.1,44397.15,805100.5
2241,27,2022-09-01,81396.96,617442.84,0.0,536045.88
2242,27,2022-10-01,129233.72,1028569.09,51428.45,950763.82
2243,27,2022-11-01,152528.93,1259180.99,125918.1,1232570.16
2244,27,2022-12-01,202884.06,1457166.08,218574.91,1472856.93
2245,27,2023-01-01,278804.02,784175.22,0.0,505371.2
2246,27,2023-02-01,238916.53,839091.08,0.0,600174.55
2247,27,2023-03-01,159145.57,1257672.49,125767.25,1224294.17
2248,27,2023-04-01,173554.86,475884.62,71382.69,373712.45
2249,27,2023-05-01,149221.03,1078866.84,161830.03,1091475.84
2250,27,2023-06-01,83916.7,937326.71,140599.01,994009.02
2251,27,2023-07-01,207585.9,467123.01,23356.15,282893.26
2252,27,2023-08-01,292321.54,937601.92,0.0,645280.38
2253,27,2023-09-01,212538.45,1267863.02,63393.15,1118717.72
2254,27,2023-10-01,169605.37,1370910.73,68545.54,1269850.9
2255,27,2023-11-01,169227.25,1367330.51,136733.05,1334836.31
2256,27,2023-12-01,328554.3,919360.7,0.0,590806.4
2257,27,2024-01-01,347205.74,1040045.28,52002.26,744841.8
2258,27,2024-02-01,263646.36,1201973.54,60098.68,998425.86
2259,27,2024-03-01,103996.59,1354362.89,203154.43,1453520.73
2260,27,2024-04-01,228807.26,1142366.13,114236.61,1027795.48
2261,27,2024-05-01,89390.51,451999.83,0.0,362609.32
2262,27,2024-06-01,282527.33,419225.29,62883.79,199581.75
2263,27,2024-07-01,275523.09,820100.31,123015.05,667592.27
2264,27,2024-08-01,96736.61,842949.77,126442.47,872655.63
2265,27,2024-09-01,272901.91,1027483.43,154122.51,908704.03
2266,27,2024-10-01,131002.5,802766.72,40138.34,711902.56
2267,27,2024-11-01,133050.95,1351445.65,202716.85,1421111.55
2268,27,2024-12-01,337544.66,1121540.23,56077.01,840072.58
2269,28,2018-01-01,823239.97,4552449.62,682867.44,4412077.09
2270,28,2018-02-01,759212.72,3726340.81,186317.04,3153445.13
2271,28,2018-03-01,889675.59,5037124.1,503712.41,4651160.92
2272,28,2018-04-01,1317999.04,4070149.8,203507.49,2955658.25
2273,28,2018-05-01,863804.93,5090814.43,254540.72,4481550.22
2274,28,2018-06-01,1031256.86,4760090.1,0.0,3728833.24
2275,28,2018-07-01,1186351.88,3229039.58,484355.94,2527043.64
2276,28,2018-08-01,1086676.97,2213304.44,331995.67,1458623.14
2277,28,2018-09-01,906741.9,4027431.49,402743.15,3523432.74
2278,28,2018-10-01,919146.03,3687674.46,0.0,2768528.43
2279,28,2018-11-01,1109407.86,2144454.67,214445.47,1249492.28
2280,28,2018-12-01,721859.14,3085173.32,154258.67,2517572.85
2281,28,2019-01-01,754618.14,3010506.93,150525.35,2406414.14
2282,28,2019-02-01,871148.53,3398716.93,339871.69,2867440.09
2283,28,2019-03-01,403226.57,3865913.49,0.0,3462686.92
2284,28,2019-04-01,361886.58,2553566.94,127678.35,2319358.71
2285,28,2019-05-01,1384480.97,2677409.4,401611.41,1694539.84
2286,28,2019-06-01,1126746.85,4913474.28,737021.14,4523748.57
2287,28,2019-07-01,1173768.01,5392368.8,808855.32,5027456.11
2288,28,2019-08-01,861983.63,4566821.46,228341.07,3933178.9
2289,28,2019-09-01,1013067.87,4662488.77,233124.44,3882545.34
2290,28,2019-10-01,424588.75,3389073.19,0.0,2964484.44
2291,28,2019-11-01,1083080.09,4683590.67,468359.07,4068869.65
2292,28,2019-12-01,532841.49,3686536.04,184326.8,3338021.35
2293,28,2020-01-01,1102682.31,2742869.68,411430.45,2051617.82
2294,28,2020-02-01,428670.36,4825633.3,482563.33,4879526.27
2295,28,2020-03-01,777102.36,3095210.83,154760.54,2472869.01
2296,28,2020-04-01,1278689.43,2589640.44,0.0,1310951.01
2297,28,2020-05-01,518601.15,2557740.9,255774.09,2294913.84
2298,28,2020-06-01,1028702.78,3940730.84,0.0,2912028.06
2299,28,2020-07-01,450077.26,4636577.85,463657.78,4650158.37
2300,28,2020-08-01,795023.05,4817061.79,722559.27,4744598.01
2301,28,2020-09-01,879114.25,2534970.59,380245.59,2036101.93
2302,28,2020-10-01,505827.98,2787242.09,139362.1,2420776.21
2303,28,2020-11-01,953230.02,4260271.83,426027.18,3733068.99
2304,28,2020-12-01,854315.61,3978378.1,596756.71,3720819.2
2305,28,2021-01-01,777407.82,2372277.38,118613.87,1713483.43
2306,28,2021-02-01,892683.62,2554114.83,0.0,1661431.21
2307,28,2021-03-01,490896.79,4252918.36,637937.75,4399959.32
2308,28,2021-04-01,879517.74,2153424.14,107671.21,1381577.61
2309,28,2021-05-01,369712.9,3720018.58,186000.93,3536306.61
2310,28,2021-06-01,796471.36,5321963.17,532196.32,5057688.13
2311,28,2021-07-01,1141603.47,4343196.12,434319.61,3635912.26
2312,28,2021-08-01,450896.19,2912877.22,0.0,2461981.03
2313,28,2021-09-01,1126024.62,5313466.05,797019.91,4984461.34
2314,28,2021-10-01,1224854.04,4325608.37,432560.84,3533315.17
2315,28,2021-11-01,718733.43,5219929.09,0.0,4501195.66
2316,28,2021-12-01,900595.26,2591193.09,259119.31,1949717.14
2317,28,2022-01-01,1002563.8,5325749.19,266287.46,4589472.85
2318,28,2022-02-01,624860.81,2189546.76,218954.68,1783640.63
2319,28,2022-03-01,777977.21,2345371.21,117268.56,1684662.56
2320,28,2022-04-01,446767.27,3787868.63,0.0,3341101.36
2321,28,2022-05-01,678566.88,4000596.76,0.0,3322029.88
2322,28,2022-06-01,584133.87,4191872.6,0.0,3607738.73
2323,28,2022-07-01,1386903.0,2772576.4,138628.82,1524302.22
2324,28,2022-08-01,718837.52,3427686.2,342768.62,3051617.3
2325,28,2022-09-01,814826.96,2709804.89,0.0,1894977.93
2326,28,2022-10-01,1394544.03,4782428.16,478242.82,3866126.95
2327,28,2022-11-01,371788.29,4814435.04,722165.26,5164812.01
2328,28,2022-12-01,1365592.24,4550553.38,227527.67,3412488.81
2329,28,2023-01-01,549098.1,2112926.41,105646.32,1669474.63
2330,28,2023-02-01,844284.25,4437616.54,221880.83,3815213.12
2331,28,2023-03-01,796880.38,4241231.43,0.0,3444351.05
2332,28,2023-04-01,1259838.29,3533275.12,0.0,2273436.83
2333,28,2023-05-01,1080044.92,2193605.72,0.0,1113560.8
2334,28,2023-06-01,1112944.09,5221304.19,0.0,4108360.1
2335,28,2023-07-01,1018863.41,4518647.27,0.0,3499783.86
2336,28,2023-08-01,526660.07,2832109.82,141605.49,2447055.24
2337,28,2023-09-01,1080652.7,2892222.63,144611.13,1956181.06
2338,28,2023-10-01,862649.65,2726028.97,272602.9,2135982.22
2339,28,2023-11-01,1192149.03,3127985.14,312798.51,2248634.62
2340,28,2023-12-01,1191316.15,3483214.23,522482.13,2814380.21
2341,28,2024-01-01,692391.95,3760503.27,0.0,3068111.32
2342,28,2024-02-01,419953.92,4731422.58,709713.39,5021182.05
2343,28,2024-03-01,893402.01,2852340.1,285234.01,2244172.1
2344,28,2024-04-01,1245393.86,3018963.2,150948.16,1924517.5
2345,28,2024-05-01,1378120.48,2696060.76,404409.11,1722349.39
2346,28,2024-06-01,1067675.44,2546148.8,254614.88,1733088.24
2347,28,2024-07-01,797286.75,2799848.79,0.0,2002562.04
2348,28,2024-08-01,971108.13,4136342.66,0.0,3165234.53
2349,28,2024-09-01,940776.35,4699217.42,0.0,3758441.07
2350,28,2024-10-01,1329053.26,2057845.39,205784.54,934576.67
2351,28,2024-11-01,1101311.08,4141471.02,0.0,3040159.94
2352,28,2024-12-01,427552.14,4287659.13,0.0,3860106.99
2353,29,2018-01-01,518841.0,1456537.68,145653.77,1083350.45
2354,29,2018-02-01,607196.65,1317311.09,131731.11,841845.55
2355,29,2018-03-01,272169.69,2845254.22,284525.42,2857609.95
2356,29,2018-04-01,351689.37,2587742.76,129387.14,2365440.53
2357,29,2018-05-01,602499.76,1357126.8,67856.34,822483.38
2358,29,2018-06-01,246166.79,1670823.31,83541.17,1508197.69
2359,29,2018-07-01,270415.19,1081688.51,108168.85,919442.17
2360,29,2018-08-01,87608.11,341919.55,17095.98,271407.42
2361,29,2018-09-01,100495.65,356458.63,0.0,255962.98
2362,29,2018-10-01,83486.98,124437.16,12443.72,53393.9
2363,29,2018-11-01,205493.43,715598.56,0.0,510105.13
2364,29,2018-12-01,198967.43,1446535.95,216980.39,1464548.91
2365,29,2019-01-01,409095.42,1985800.3,99290.02,1675994.9
2366,29,2019-02-01,549440.32,1475703.46,221355.52,1147618.66
2367,29,2019-03-01,617317.6,2742147.75,137107.39,2261937.54
2368,29,2019-04-01,848046.54,3421121.85,513168.28,3086243.59
2369,29,2019-05-01,528079.16,1581277.51,237191.63,1290389.98
2370,29,2019-06-01,205768.31,1589764.49,238464.67,1622460.85
2371,29,2019-07-01,312874.68,910293.75,45514.69,642933.76
2372,29,2019-08-01,73040.3,715506.97,71550.7,714017.37
2373,29,2019-09-01,63233.84,257447.28,12872.36,207085.8
2374,29,2019-10-01,127752.0,515138.75,51513.88,438900.63
2375,29,2019-11-01,146342.81,354430.03,0.0,208087.22
2376,29,2019-12-01,349562.17,1351563.02,67578.15,1069579.0
2377,29,2020-01-01,197394.94,1348432.7,67421.63,1218459.39
2378,29,2020-02-01,606815.33,1702984.34,0.0,1096169.01
2379,29,2020-03-01,572890.66,2305335.27,345800.29,2078244.9
2380,29,2020-04-01,528847.81,1628310.69,81415.53,1180878.41
2381,29,2020-05-01,484027.66,1442859.1,0.0,958831.44
2382,29,2020-06-01,319541.94,1527378.56,76368.93,1284205.55
2383,29,2020-07-01,270319.48,1452056.02,72602.8,1254339.34
2384,29,2020-08-01,105767.04,286319.27,0.0,180552.23
2385,29,2020-09-01,59587.1,193544.59,0.0,133957.49
2386,29,2020-10-01,134241.78,347873.75,17393.69,231025.66
2387,29,2020-11-01,220304.23,499243.73,74886.56,353826.06
2388,29,2020-12-01,292614.86,933391.57,140008.74,780785.45
2389,29,2021-01-01,575322.25,1060910.26,159136.54,644724.55
2390,29,2021-02-01,521397.53,1894799.12,284219.87,1657621.46
2391,29,2021-03-01,408904.42,1965642.38,0.0,1556737.96
2392,29,2021-04-01,830572.08,1875984.39,0.0,1045412.31
2393,29,2021-05-01,743757.63,2384851.46,357727.72,1998821.55
2394,29,2021-06-01,498463.21,2128641.71,319296.26,1949474.76
2395,29,2021-07-01,246427.28,1360201.5,136020.15,1249794.37
2396,29,2021-08-01,157360.88,591915.97,29595.8,464150.89
2397,29,2021-09-01,91419.12,145896.83,7294.84,61772.55
2398,29,2021-10-01,88918.09,183949.67,0.0,95031.58
2399,29,2021-11-01,154186.58,423364.67,42336.47,311514.56
2400,29,2021-12-01,153764.05,1405069.37,210760.41,1462065.73
2401,29,2022-01-01,168935.98,2050445.52,205044.55,2086554.09
2402,29,2022-02-01,504272.47,2297535.23,114876.76,1908139.52
2403,29,2022-03-01,264292.5,3100547.74,465082.16,3301337.4
2404,29,2022-04-01,713388.03,3213289.31,160664.47,2660565.75
2405,29,2022-05-01,312085.35,1474939.55,0.0,1162854.2
2406,29,2022-06-01,559833.91,1934824.37,193482.44,1568472.9
2407,29,2022-07-01,334936.04,1066859.28,160028.89,891952.13
2408,29,2022-08-01,96999.39,442649.36,22132.47,367782.44
2409,29,2022-09-01,64755.69,326348.05,16317.4,277909.76
2410,29,2022-10-01,104667.17,362255.13,18112.76,275700.72
2411,29,2022-11-01,190743.26,487388.44,73108.27,369753.45
2412,29,2022-12-01,410326.96,900940.05,0.0,490613.09
2413,29,2023-01-01,210288.04,1064736.69,53236.83,907685.48
2414,29,2023-02-01,270174.78,1404746.85,210712.03,1345284.1
2415,29,2023-03-01,793490.79,3152324.2,157616.21,2516449.62
2416,29,2023-04-01,560490.73,2816814.98,422522.25,2678846.5
2417,29,2023-05-01,497775.39,2684956.43,0.0,2187181.04
2418,29,2023-06-01,573915.57,1439671.67,143967.17,1009723.27
2419,29,2023-07-01,319261.21,1300104.32,65005.22,1045848.33
2420,29,2023-08-01,158394.73,675802.63,101370.39,618778.29
2421,29,2023-09-01,159027.92,515412.57,0.0,356384.65
2422,29,2023-10-01,126143.02,254016.9,0.0,127873.88
2423,29,2023-11-01,137491.1,667936.64,0.0,530445.54
2424,29,2023-12-01,178503.54,1177721.63,176658.24,1175876.33
2425,29,2024-01-01,309774.7,1198509.37,179776.41,1068511.08
2426,29,2024-02-01,723097.86,1954117.07,0.0,1231019.21
2427,29,2024-03-01,571283.26,2433584.18,121679.21,1983980.13
2428,29,2024-04-01,494952.3,2929159.77,146457.99,2580665.46
2429,29,2024-05-01,569722.55,1620590.36,162059.04,1212926.85
2430,29,2024-06-01,408909.87,1784579.55,178457.96,1554127.64
2431,29,2024-07-01,278250.87,1401800.12,70090.01,1193639.26
2432,29,2024-08-01,176796.75,734381.82,36719.09,594304.16
2433,29,2024-09-01,90631.64,297730.81,14886.54,221985.71
2434,29,2024-10-01,70445.94,522689.73,52268.97,504512.76
2435,29,2024-11-01,98788.6,546053.69,54605.37,501870.46
2436,29,2024-12-01,177497.77,1350088.39,0.0,1172590.62
2437,30,2018-01-01,102640.41,206842.43,31026.36,135228.38
2438,30,2018-02-01,73243.96,321541.33,16077.07,264374.44
2439,30,2018-03-01,66907.21,265318.84,39797.83,238209.46
2440,30,2018-04-01,76290.19,223076.89,22307.69,169094.39
2441,30,2018-05-01,85502.93,340554.74,51083.21,306135.02
2442,30,2018-06-01,60425.3,265572.22,39835.83,244982.75
2443,30,2018-07-01,31775.75,220574.18,22057.42,210855.85
2444,30,2018-08-01,29946.42,277564.61,41634.69,289252.88
2445,30,2018-09-01,27554.56,303018.69,0.0,275464.13
2446,30,2018-10-01,80016.95,174604.46,26190.67,120778.18
2447,30,2018-11-01,104347.46,169613.25,8480.66,73746.45
2448,30,2018-12-01,107313.77,408612.16,61291.82,362590.21
2449,30,2019-01-01,90646.66,175468.42,17546.84,102368.6
2450,30,2019-02-01,53830.55,234961.42,23496.14,204627.01
2451,30,2019-03-01,47337.87,175979.61,0.0,128641.74
2452,30,2019-04-01,37503.45,335153.47,16757.67,314407.69
2453,30,2019-05-01,57321.05,275388.67,0.0,218067.62
2454,30,2019-06-01,39976.64,308086.78,30808.68,298918.82
2455,30,2019-07-01,58131.96,139974.93,6998.75,88841.72
2456,30,2019-08-01,45836.38,160846.2,0.0,115009.82
2457,30,2019-09-01,25543.02,186455.24,0.0,160912.22
2458,30,2019-10-01,82572.0,421676.45,0.0,339104.45
2459,30,2019-11-01,78869.66,243004.83,24300.48,188435.65
2460,30,2019-12-01,80458.73,348627.37,0.0,268168.64
2461,30,2020-01-01,103652.22,268849.51,0.0,165197.29
2462,30,2020-02-01,65224.82,306258.31,0.0,241033.49
2463,30,2020-03-01,59274.68,323054.94,16152.75,279933.01
2464,30,2020-04-01,49382.79,346466.54,51969.98,349053.73
2465,30,2020-05-01,46988.08,283882.81,28388.28,265283.01
2466,30,2020-06-01,41567.15,250809.0,37621.35,246863.2
2467,30,2020-07-01,58026.74,205572.04,20557.2,168102.5
2468,30,2020-08-01,57607.64,228259.37,22825.94,193477.67
2469,30,2020-09-01,83307.9,350146.86,35014.69,301853.65
2470,30,2020-10-01,37480.96,302710.54,0.0,265229.58
2471,30,2020-11-01,38221.62,258803.9,0.0,220582.28
2472,30,2020-12-01,30890.42,267417.7,13370.89,249898.17
2473,30,2021-01-01,56423.55,294314.94,44147.24,282038.63
2474,30,2021-02-01,91505.87,265358.06,39803.71,213655.9
2475,30,2021-03-01,73906.97,351010.11,0.0,277103.14
2476,30,2021-04-01,78735.08,163249.01,24487.35,109001.28
2477,30,2021-05-01,52310.87,182781.87,18278.19,148749.19
2478,30,2021-06-01,58307.29,270433.37,40565.01,252691.09
2479,30,2021-07-01,37831.34,232482.66,11624.13,206275.45
2480,30,2021-08-01,64126.71,143492.7,7174.64,86540.63
2481,30,2021-09-01,90780.41,327575.91,49136.39,285931.89
2482,30,2021-10-01,34439.71,378074.08,18903.7,362538.07
2483,30,2021-11-01,43514.64,364736.08,18236.8,339458.24
2484,30,2021-12-01,82239.25,209526.21,10476.31,137763.27
2485,30,2022-01-01,77811.18,446117.25,22305.86,390611.93
2486,30,2022-02-01,70949.06,370944.75,0.0,299995.69
2487,30,2022-03-01,75052.28,285513.69,14275.68,224737.09
2488,30,2022-04-01,76861.66,344842.23,51726.33,319706.9
2489,30,2022-05-01,68206.88,188106.36,28215.95,148115.43
2490,30,2022-06-01,48694.33,237472.3,0.0,188777.97
2491,30,2022-07-01,66381.11,157785.88,15778.59,107183.36
2492,30,2022-08-01,47536.5,239265.49,0.0,191728.99
2493,30,2022-09-01,92249.68,246759.16,24675.92,179185.4
2494,30,2022-10-01,62248.64,270943.53,27094.35,235789.24
2495,30,2022-11-01,76144.69,230064.65,34509.7,188429.66
2496,30,2022-12-01,110152.64,344416.72,17220.84,251484.92
2497,30,2023-01-01,54552.25,351599.97,0.0,297047.72
2498,30,2023-02-01,45274.27,205809.41,30871.41,191406.55
2499,30,2023-03-01,55274.35,216486.83,10824.34,172036.82
2500,30,2023-04-01,62008.96,285139.42,0.0,223130.46
2501,30,2023-05-01,48507.89,207011.26,10350.56,168853.93
2502,30,2023-06-01,22265.72,264360.26,26436.03,268530.57
2503,30,2023-07-01,22950.22,220015.55,22001.56,219066.89
2504,30,2023-08-01,23454.34,199814.07,29972.11,206331.84
2505,30,2023-09-01,32962.54,207473.36,31121.0,205631.82
2506,30,2023-10-01,55163.39,152777.24,0.0,97613.85
2507,30,2023-11-01,67778.86,236939.3,35540.89,204701.33
2508,30,2023-12-01,106058.13,352755.76,17637.79,264335.42
2509,30,2024-01-01,95258.03,243678.52,12183.93,160604.42
2510,30,2024-02-01,80895.04,292505.41,29250.54,240860.91
2511,30,2024-03-01,90033.0,274503.77,27450.38,211921.15
2512,30,2024-04-01,34894.75,234718.13,35207.72,235031.1
2513,30,2024-05-01,68861.22,194010.81,0.0,125149.59
2514,30,2024-06-01,37203.39,232771.98,0.0,195568.59
2515,30,2024-07-01,46862.76,213094.76,21309.48,187541.48
2516,30,2024-08-01,30450.4,328014.88,49202.23,346766.71
2517,30,2024-09-01,69481.93,239878.49,35981.77,206378.33
2518,30,2024-10-01,99128.79,184552.9,18455.29,103879.4
2519,30,2024-11-01,76925.5,365275.18,54791.28,343140.96
2520,30,2024-12-01,76609.91,171953.44,17195.34,112538.87
