SnapshotID,Region,SnapshotDate,AvgTemperature,SolarRadiation,WindSpeed,RainfallMM
1,North,2018-01-01,17.39,603.05,7.14,0.0
2,North,2018-01-02,20.62,598.04,8.8,0.03
3,North,2018-01-03,18.84,465.43,9.55,0.38
4,North,2018-01-04,19.63,415.1,7.38,0.23
5,North,2018-01-05,19.18,509.55,9.35,0.06
6,North,2018-01-06,24.26,466.93,8.17,0.23
7,North,2018-01-07,20.7,530.98,7.8,0.31
8,North,2018-01-08,18.78,640.18,7.66,0.07
9,North,2018-01-09,22.71,509.71,9.1,0.01
10,North,2018-01-10,18.8,547.96,8.46,0.54
11,North,2018-01-11,21.82,561.11,11.38,0.08
12,North,2018-01-12,17.66,629.41,6.68,0.02
13,North,2018-01-13,19.09,386.83,8.73,0.14
14,North,2018-01-14,22.3,523.07,7.15,0.29
15,North,2018-01-15,23.55,593.51,6.63,0.05
16,North,2018-01-16,22.59,677.59,7.91,0.06
17,North,2018-01-17,22.18,547.19,8.12,0.06
18,North,2018-01-18,21.97,441.35,12.28,0.96
19,North,2018-01-19,19.78,645.96,7.62,0.04
20,North,2018-01-20,21.46,550.43,6.19,0.17
21,North,2018-01-21,22.14,510.93,8.28,0.52
22,North,2018-01-22,25.34,560.97,4.75,0.16
23,North,2018-01-23,24.07,600.94,7.71,0.71
24,North,2018-01-24,20.01,572.07,7.86,0.59
25,North,2018-01-25,24.34,448.71,9.01,0.43
26,North,2018-01-26,23.08,701.6,9.26,0.05
27,North,2018-01-27,22.65,736.46,7.03,0.2
28,North,2018-01-28,25.38,691.19,7.55,0.29
29,North,2018-01-29,26.37,552.61,6.61,0.85
30,North,2018-01-30,26.32,632.01,6.05,0.04
31,North,2018-01-31,22.93,652.08,8.19,0.29
32,North,2018-02-01,24.14,704.93,5.79,0.08
33,North,2018-02-02,25.57,714.87,7.06,0.04
34,North,2018-02-03,27.0,607.0,6.17,0.11
35,North,2018-02-04,24.23,676.57,8.47,0.32
36,North,2018-02-05,24.96,710.82,10.33,0.13
37,North,2018-02-06,23.26,794.88,5.66,0.15
38,North,2018-02-07,23.22,738.9,4.81,1.07
39,North,2018-02-08,27.37,749.74,7.38,0.1
40,North,2018-02-09,28.59,697.34,7.57,0.19
41,North,2018-02-10,25.87,807.43,7.85,0.09
42,North,2018-02-11,28.15,731.27,6.83,0.1
43,North,2018-02-12,26.99,633.45,7.18,0.24
44,North,2018-02-13,25.1,818.39,8.0,0.56
45,North,2018-02-14,27.24,765.67,8.99,0.16
46,North,2018-02-15,29.72,678.05,4.47,0.29
47,North,2018-02-16,26.69,678.73,6.83,0.02
48,North,2018-02-17,30.01,744.35,7.68,0.05
49,North,2018-02-18,21.75,761.15,5.95,0.14
50,North,2018-02-19,28.75,743.28,9.9,0.0
51,North,2018-02-20,27.39,755.73,6.32,0.06
52,North,2018-02-21,26.73,870.09,7.19,0.73
53,North,2018-02-22,27.62,823.01,8.06,0.0
54,North,2018-02-23,23.56,755.66,6.31,0.06
55,North,2018-02-24,27.2,818.77,4.4,0.14
56,North,2018-02-25,28.45,663.84,6.5,0.17
57,North,2018-02-26,30.79,781.19,8.66,0.52
58,North,2018-02-27,26.89,896.93,6.58,0.21
59,North,2018-02-28,26.41,737.5,5.78,0.11
60,North,2018-03-01,27.11,689.82,8.41,0.53
61,North,2018-03-02,30.03,708.07,6.5,0.31
62,North,2018-03-03,28.94,675.6,6.2,0.04
63,North,2018-03-04,27.31,702.44,7.16,0.03
64,North,2018-03-05,29.47,737.95,8.06,0.23
65,North,2018-03-06,28.71,657.44,10.45,0.16
66,North,2018-03-07,30.53,773.35,8.08,0.31
67,North,2018-03-08,27.26,846.42,8.55,1.34
68,North,2018-03-09,28.08,703.67,6.02,0.2
69,North,2018-03-10,28.02,899.81,5.21,0.86
70,North,2018-03-11,25.94,821.01,6.81,0.15
71,North,2018-03-12,29.51,864.4,6.84,0.02
72,North,2018-03-13,29.5,731.05,5.03,0.35
73,North,2018-03-14,29.04,853.68,6.36,0.06
74,North,2018-03-15,28.62,699.52,7.18,1.5
75,North,2018-03-16,26.3,859.56,7.09,0.63
76,North,2018-03-17,28.34,803.47,7.28,0.24
77,North,2018-03-18,28.54,835.28,6.92,0.18
78,North,2018-03-19,27.66,698.18,5.69,0.12
79,North,2018-03-20,28.98,721.75,5.65,0.09
80,North,2018-03-21,30.15,842.17,4.59,0.44
81,North,2018-03-22,33.14,719.47,9.03,0.2
82,North,2018-03-23,29.75,833.26,6.34,0.28
83,North,2018-03-24,29.94,687.61,5.95,0.23
84,North,2018-03-25,29.3,865.52,4.86,0.04
85,North,2018-03-26,25.63,699.66,10.62,0.14
86,North,2018-03-27,29.43,842.96,4.57,0.31
87,North,2018-03-28,29.62,849.25,5.5,0.13
88,North,2018-03-29,34.43,743.79,6.74,0.15
89,North,2018-03-30,29.13,846.34,6.98,0.29
90,North,2018-03-31,30.12,820.77,7.48,0.22
91,North,2018-04-01,29.45,756.89,8.72,0.11
92,North,2018-04-02,27.19,719.29,6.73,0.45
93,North,2018-04-03,31.81,642.85,4.36,0.04
94,North,2018-04-04,31.02,827.64,5.52,1.08
95,North,2018-04-05,31.09,674.19,6.33,0.03
96,North,2018-04-06,27.67,806.63,8.94,0.0
97,North,2018-04-07,32.28,777.46,3.71,0.44
98,North,2018-04-08,26.65,852.31,7.57,0.06
99,North,2018-04-09,30.61,773.17,6.0,0.26
100,North,2018-04-10,33.79,770.25,6.96,0.33
101,North,2018-04-11,27.4,854.33,5.51,0.39
102,North,2018-04-12,28.22,821.68,4.37,0.96
103,North,2018-04-13,29.52,819.18,6.72,0.07
104,North,2018-04-14,28.28,830.34,6.55,0.25
105,North,2018-04-15,26.14,668.79,6.99,0.02
106,North,2018-04-16,29.34,850.92,5.48,0.1
107,North,2018-04-17,27.03,838.04,4.56,0.38
108,North,2018-04-18,30.06,706.28,3.09,0.09
109,North,2018-04-19,27.22,766.58,6.63,0.89
110,North,2018-04-20,32.11,781.36,6.0,0.7
111,North,2018-04-21,27.39,772.07,3.88,0.21
112,North,2018-04-22,28.25,807.77,4.49,0.72
113,North,2018-04-23,30.46,893.73,4.57,0.01
114,North,2018-04-24,26.31,863.83,3.01,0.17
115,North,2018-04-25,29.15,670.3,3.98,0.4
116,North,2018-04-26,31.24,822.95,3.47,0.13
117,North,2018-04-27,25.34,877.32,4.52,0.02
118,North,2018-04-28,28.85,799.7,4.0,0.16
119,North,2018-04-29,28.92,853.7,2.64,0.08
120,North,2018-04-30,29.89,924.99,8.08,0.03
121,North,2018-05-01,25.77,843.41,6.9,0.38
122,North,2018-05-02,25.51,778.89,3.82,0.15
123,North,2018-05-03,29.11,839.9,5.37,0.54
124,North,2018-05-04,28.57,765.17,5.56,0.33
125,North,2018-05-05,28.38,752.69,6.69,0.24
126,North,2018-05-06,28.48,719.79,3.65,0.0
127,North,2018-05-07,26.33,870.03,6.48,0.11
128,North,2018-05-08,28.05,676.47,4.0,0.04
129,North,2018-05-09,28.07,861.44,2.79,0.48
130,North,2018-05-10,25.95,775.68,5.85,0.04
131,North,2018-05-11,31.0,620.52,6.67,0.07
132,North,2018-05-12,28.11,758.58,8.59,0.15
133,North,2018-05-13,24.67,557.8,2.88,0.06
134,North,2018-05-14,28.25,772.41,5.71,0.05
135,North,2018-05-15,24.87,789.69,4.02,0.91
136,North,2018-05-16,28.27,667.91,5.78,0.02
137,North,2018-05-17,28.9,721.56,2.38,0.01
138,North,2018-05-18,24.82,864.32,2.66,0.09
139,North,2018-05-19,28.26,663.77,3.37,0.26
140,North,2018-05-20,27.03,615.71,4.63,0.16
141,North,2018-05-21,27.72,815.08,3.53,0.11
142,North,2018-05-22,29.74,849.62,5.46,0.17
143,North,2018-05-23,25.32,688.92,5.99,0.09
144,North,2018-05-24,24.17,765.5,5.32,0.55
145,North,2018-05-25,23.76,787.81,6.83,0.01
146,North,2018-05-26,23.77,616.94,5.01,0.22
147,North,2018-05-27,25.11,633.31,2.54,0.44
148,North,2018-05-28,25.8,766.35,6.39,0.33
149,North,2018-05-29,25.53,798.37,3.42,0.2
150,North,2018-05-30,26.49,704.25,5.67,0.07
151,North,2018-05-31,24.71,584.43,6.65,0.25
152,North,2018-06-01,27.44,809.34,4.95,0.02
153,North,2018-06-02,23.86,603.4,2.01,0.33
154,North,2018-06-03,29.68,614.54,2.86,0.25
155,North,2018-06-04,25.33,664.16,6.2,0.26
156,North,2018-06-05,22.21,756.49,3.95,0.11
157,North,2018-06-06,21.63,695.82,4.31,0.25
158,North,2018-06-07,24.58,656.0,5.31,0.23
159,North,2018-06-08,23.01,655.14,5.21,0.36
160,North,2018-06-09,24.73,616.79,4.57,0.01
161,North,2018-06-10,24.09,653.17,3.82,0.0
162,North,2018-06-11,22.83,401.32,3.65,0.09
163,North,2018-06-12,21.12,575.09,5.4,0.03
164,North,2018-06-13,19.63,613.24,4.93,0.16
165,North,2018-06-14,21.6,496.93,3.7,0.5
166,North,2018-06-15,24.04,614.98,5.7,0.1
167,North,2018-06-16,22.59,562.74,3.88,0.37
168,North,2018-06-17,19.5,714.54,2.78,0.0
169,North,2018-06-18,22.17,694.93,2.92,0.04
170,North,2018-06-19,22.43,526.79,2.58,0.01
171,North,2018-06-20,19.72,546.93,3.63,0.08
172,North,2018-06-21,21.63,548.01,5.88,0.48
173,North,2018-06-22,21.27,512.71,2.82,0.02
174,North,2018-06-23,18.7,559.34,4.3,0.19
175,North,2018-06-24,21.53,477.96,3.03,0.12
176,North,2018-06-25,21.76,443.05,3.62,0.56
177,North,2018-06-26,22.64,578.18,1.74,0.03
178,North,2018-06-27,22.41,573.58,3.68,0.05
179,North,2018-06-28,17.37,453.72,3.71,0.01
180,North,2018-06-29,18.08,584.54,4.81,0.11
181,North,2018-06-30,20.81,457.22,4.34,0.07
182,North,2018-07-01,20.64,522.84,2.2,0.41
183,North,2018-07-02,20.47,563.05,5.63,0.93
184,North,2018-07-03,26.97,489.57,4.32,0.19
185,North,2018-07-04,20.24,523.47,4.3,0.15
186,North,2018-07-05,21.19,440.62,3.99,0.02
187,North,2018-07-06,20.66,461.07,3.23,0.59
188,North,2018-07-07,19.88,455.17,4.34,1.52
189,North,2018-07-08,17.78,406.78,4.73,0.36
190,North,2018-07-09,19.75,447.23,1.4,0.45
191,North,2018-07-10,16.52,332.37,3.21,1.73
192,North,2018-07-11,17.42,411.87,3.64,0.02
193,North,2018-07-12,16.76,423.28,4.42,0.05
194,North,2018-07-13,17.72,420.5,5.83,0.0
195,North,2018-07-14,22.02,416.62,2.89,0.07
196,North,2018-07-15,13.49,425.97,3.31,0.02
197,North,2018-07-16,18.43,464.25,3.29,0.13
198,North,2018-07-17,13.66,490.86,2.87,1.13
199,North,2018-07-18,15.78,363.95,3.56,0.42
200,North,2018-07-19,18.73,314.73,5.25,0.28
201,North,2018-07-20,16.52,322.7,2.52,0.56
202,North,2018-07-21,14.07,362.2,4.75,0.01
203,North,2018-07-22,14.64,368.16,1.57,0.0
204,North,2018-07-23,17.27,329.89,3.29,0.22
205,North,2018-07-24,14.29,283.0,3.65,0.34
206,North,2018-07-25,16.02,345.43,6.67,0.06
207,North,2018-07-26,15.52,391.71,3.76,0.08
208,North,2018-07-27,13.97,420.1,0.89,0.06
209,North,2018-07-28,19.41,323.25,1.21,0.14
210,North,2018-07-29,16.23,330.19,4.27,0.12
211,North,2018-07-30,10.76,284.52,5.16,0.14
212,North,2018-07-31,15.03,351.6,4.82,0.22
213,North,2018-08-01,13.19,281.75,4.52,0.1
214,North,2018-08-02,16.07,391.03,6.03,0.06
215,North,2018-08-03,12.63,197.91,3.5,0.04
216,North,2018-08-04,13.84,307.66,5.67,0.09
217,North,2018-08-05,14.94,356.21,1.89,0.27
218,North,2018-08-06,15.52,342.58,3.0,0.28
219,North,2018-08-07,11.25,539.11,1.67,0.22
220,North,2018-08-08,12.84,347.5,3.99,0.05
221,North,2018-08-09,12.42,235.09,4.35,0.18
222,North,2018-08-10,11.93,303.73,4.62,0.17
223,North,2018-08-11,16.63,165.28,4.56,0.13
224,North,2018-08-12,13.78,297.01,3.1,0.8
225,North,2018-08-13,10.32,232.94,4.23,0.14
226,North,2018-08-14,14.55,369.0,2.29,0.17
227,North,2018-08-15,16.84,248.05,6.6,0.25
228,North,2018-08-16,14.53,278.98,4.13,0.12
229,North,2018-08-17,9.31,233.85,3.87,0.28
230,North,2018-08-18,11.26,420.24,7.02,0.15
231,North,2018-08-19,14.65,251.93,2.79,0.07
232,North,2018-08-20,10.58,420.8,2.99,0.75
233,North,2018-08-21,12.77,335.97,3.06,0.63
234,North,2018-08-22,13.32,306.1,4.63,0.01
235,North,2018-08-23,9.81,293.8,5.41,0.12
236,North,2018-08-24,11.44,292.65,5.9,0.21
237,North,2018-08-25,4.98,103.84,8.68,0.13
238,North,2018-08-26,9.31,232.73,1.47,0.35
239,North,2018-08-27,10.76,319.71,5.79,0.6
240,North,2018-08-28,8.67,245.31,4.07,0.2
241,North,2018-08-29,14.34,134.01,4.05,0.09
242,North,2018-08-30,8.12,239.51,4.03,0.18
243,North,2018-08-31,10.01,377.39,3.63,0.37
244,North,2018-09-01,11.07,338.24,7.55,2.41
245,North,2018-09-02,13.61,231.04,6.31,0.41
246,North,2018-09-03,7.77,309.7,5.12,0.16
247,North,2018-09-04,12.89,201.93,7.14,0.08
248,North,2018-09-05,10.51,92.68,2.87,0.07
249,North,2018-09-06,8.45,152.86,3.18,0.01
250,North,2018-09-07,11.27,349.76,1.94,0.34
251,North,2018-09-08,10.68,200.79,4.19,0.12
252,North,2018-09-09,9.02,201.31,5.51,0.08
253,North,2018-09-10,10.29,194.95,5.45,0.13
254,North,2018-09-11,9.33,369.5,5.56,0.34
255,North,2018-09-12,10.27,345.57,3.25,0.03
256,North,2018-09-13,11.31,391.4,6.6,0.39
257,North,2018-09-14,13.11,199.66,5.79,0.46
258,North,2018-09-15,7.41,234.61,6.56,0.59
259,North,2018-09-16,14.11,88.29,2.66,0.1
260,North,2018-09-17,5.9,326.52,6.0,0.05
261,North,2018-09-18,9.46,113.77,3.78,0.09
262,North,2018-09-19,10.9,223.46,5.0,0.08
263,North,2018-09-20,10.26,117.34,6.43,0.04
264,North,2018-09-21,8.42,157.11,5.8,0.19
265,North,2018-09-22,9.22,136.42,4.42,0.13
266,North,2018-09-23,8.63,154.04,5.74,0.4
267,North,2018-09-24,8.41,158.89,3.47,0.01
268,North,2018-09-25,11.27,157.61,7.53,0.21
269,North,2018-09-26,10.27,267.67,5.53,0.29
270,North,2018-09-27,8.16,112.24,7.55,0.28
271,North,2018-09-28,11.33,217.98,5.12,2.17
272,North,2018-09-29,10.14,297.57,5.15,0.26
273,North,2018-09-30,11.15,158.97,4.83,0.53
274,North,2018-10-01,10.78,142.57,7.32,0.08
275,North,2018-10-02,7.87,181.63,4.98,0.14
276,North,2018-10-03,8.41,294.6,7.04,0.0
277,North,2018-10-04,11.03,216.0,5.54,0.0
278,North,2018-10-05,10.77,158.31,3.18,0.05
279,North,2018-10-06,9.52,239.93,5.33,0.02
280,North,2018-10-07,9.82,113.55,4.45,0.3
281,North,2018-10-08,12.16,256.84,6.3,0.04
282,North,2018-10-09,8.44,235.71,4.5,0.01
283,North,2018-10-10,10.74,179.17,7.71,0.48
284,North,2018-10-11,9.27,137.57,6.21,0.0
285,North,2018-10-12,9.28,134.67,6.12,0.27
286,North,2018-10-13,11.94,249.43,7.4,0.03
287,North,2018-10-14,11.43,306.09,7.9,0.49
288,North,2018-10-15,11.45,158.0,6.46,0.45
289,North,2018-10-16,12.48,246.95,5.36,0.21
290,North,2018-10-17,9.95,44.7,3.89,0.22
291,North,2018-10-18,11.33,166.36,5.56,0.0
292,North,2018-10-19,9.39,212.2,5.69,0.84
293,North,2018-10-20,10.72,143.55,6.81,0.42
294,North,2018-10-21,9.87,143.12,6.17,0.45
295,North,2018-10-22,10.38,166.43,7.75,0.22
296,North,2018-10-23,11.44,245.11,5.83,0.08
297,North,2018-10-24,8.68,208.72,6.69,0.45
298,North,2018-10-25,14.57,46.7,8.59,0.34
299,North,2018-10-26,8.44,58.24,7.35,0.83
300,North,2018-10-27,8.1,181.56,6.78,0.02
301,North,2018-10-28,12.92,269.02,6.0,0.51
302,North,2018-10-29,12.27,14.98,5.98,0.03
303,North,2018-10-30,12.01,197.25,5.69,0.05
304,North,2018-10-31,12.11,197.66,6.18,0.16
305,North,2018-11-01,10.91,353.44,8.16,0.29
306,North,2018-11-02,9.23,214.25,6.72,0.19
307,North,2018-11-03,11.27,278.45,5.06,0.05
308,North,2018-11-04,9.86,261.95,9.76,0.0
309,North,2018-11-05,13.26,83.11,7.62,0.28
310,North,2018-11-06,11.11,317.99,5.06,0.84
311,North,2018-11-07,9.86,276.82,6.53,0.33
312,North,2018-11-08,10.97,303.38,7.39,0.12
313,North,2018-11-09,12.55,580.01,9.81,0.47
314,North,2018-11-10,10.7,102.45,5.62,0.11
315,North,2018-11-11,10.3,410.48,8.77,0.74
316,North,2018-11-12,12.54,252.91,9.43,0.13
317,North,2018-11-13,12.66,302.36,6.41,0.12
318,North,2018-11-14,11.27,279.27,6.96,0.3
319,North,2018-11-15,11.47,252.56,5.85,0.15
320,North,2018-11-16,12.99,244.58,7.12,0.38
321,North,2018-11-17,9.76,320.24,7.4,0.06
322,North,2018-11-18,9.96,176.29,8.47,0.01
323,North,2018-11-19,11.47,361.56,9.13,0.18
324,North,2018-11-20,12.61,272.12,6.4,0.05
325,North,2018-11-21,13.79,218.96,4.59,0.03
326,North,2018-11-22,16.25,277.38,7.53,0.21
327,North,2018-11-23,15.15,418.03,8.03,0.23
328,North,2018-11-24,13.26,278.76,7.98,0.28
329,North,2018-11-25,13.68,354.44,7.14,0.14
330,North,2018-11-26,11.85,271.51,7.83,0.45
331,North,2018-11-27,13.96,394.9,9.94,0.55
332,North,2018-11-28,13.57,393.44,8.26,0.33
333,North,2018-11-29,14.94,490.86,7.14,0.2
334,North,2018-11-30,12.78,333.35,6.97,0.07
335,North,2018-12-01,15.62,405.36,7.48,4.07
336,North,2018-12-02,17.8,364.23,10.21,0.32
337,North,2018-12-03,14.67,464.6,7.5,0.05
338,North,2018-12-04,15.85,308.02,7.76,0.12
339,North,2018-12-05,16.58,429.77,7.08,0.01
340,North,2018-12-06,14.55,359.27,9.47,0.77
341,North,2018-12-07,15.96,374.42,10.77,0.18
342,North,2018-12-08,15.69,391.64,8.52,0.16
343,North,2018-12-09,16.02,409.26,7.98,0.21
344,North,2018-12-10,14.44,384.6,7.93,0.14
345,North,2018-12-11,16.2,415.92,4.31,0.01
346,North,2018-12-12,17.31,529.87,9.01,0.19
347,North,2018-12-13,19.38,487.36,8.11,0.25
348,North,2018-12-14,18.56,482.99,8.56,0.11
349,North,2018-12-15,21.11,381.97,6.86,0.28
350,North,2018-12-16,15.44,352.25,7.36,0.05
351,North,2018-12-17,18.88,504.82,7.33,0.05
352,North,2018-12-18,17.67,503.51,9.48,0.04
353,North,2018-12-19,21.85,556.28,7.39,0.09
354,North,2018-12-20,16.03,395.21,11.09,0.38
355,North,2018-12-21,16.13,430.25,8.62,0.35
356,North,2018-12-22,16.78,322.55,6.06,0.1
357,North,2018-12-23,13.9,427.42,7.79,0.18
358,North,2018-12-24,17.27,543.66,7.01,0.26
359,North,2018-12-25,16.97,431.75,4.7,0.06
360,North,2018-12-26,18.97,525.45,10.39,0.04
361,North,2018-12-27,19.52,464.12,9.05,3.58
362,North,2018-12-28,22.76,510.44,8.8,0.19
363,North,2018-12-29,21.08,397.86,8.25,0.8
364,North,2018-12-30,18.2,501.65,5.93,0.08
365,North,2018-12-31,17.73,260.71,7.27,0.24
366,North,2019-01-01,20.68,490.21,9.26,0.05
367,North,2019-01-02,17.23,379.89,6.42,0.06
368,North,2019-01-03,23.7,611.97,4.2,0.14
369,North,2019-01-04,22.57,582.83,7.65,0.08
370,North,2019-01-05,19.45,563.12,7.78,0.04
371,North,2019-01-06,17.13,652.61,8.19,0.06
372,North,2019-01-07,23.43,460.15,9.08,0.01
373,North,2019-01-08,20.67,680.97,8.94,0.24
374,North,2019-01-09,23.54,620.87,8.36,0.68
375,North,2019-01-10,18.05,532.46,9.76,0.1
376,North,2019-01-11,20.21,647.32,5.69,0.04
377,North,2019-01-12,21.59,473.03,8.71,0.11
378,North,2019-01-13,21.84,500.62,8.89,0.19
379,North,2019-01-14,21.01,522.91,6.08,0.02
380,North,2019-01-15,23.32,534.29,5.68,0.28
381,North,2019-01-16,20.11,497.06,6.81,0.0
382,North,2019-01-17,22.12,684.39,6.92,0.06
383,North,2019-01-18,22.81,570.77,9.03,0.44
384,North,2019-01-19,23.77,624.58,6.97,0.25
385,North,2019-01-20,24.32,555.63,6.6,0.02
386,North,2019-01-21,20.81,460.45,6.95,0.34
387,North,2019-01-22,20.15,632.52,9.54,0.14
388,North,2019-01-23,25.94,462.72,7.86,0.38
389,North,2019-01-24,24.2,614.96,7.56,0.18
390,North,2019-01-25,22.2,515.69,7.65,0.23
391,North,2019-01-26,26.95,788.81,9.74,1.01
392,North,2019-01-27,24.24,707.38,6.66,0.05
393,North,2019-01-28,26.52,647.53,9.75,0.2
394,North,2019-01-29,24.45,744.72,8.07,0.12
395,North,2019-01-30,28.58,580.43,7.5,0.01
396,North,2019-01-31,28.12,696.08,11.47,0.0
397,North,2019-02-01,24.26,673.01,6.12,0.03
398,North,2019-02-02,26.85,682.52,7.16,0.21
399,North,2019-02-03,26.34,767.52,5.82,0.17
400,North,2019-02-04,27.93,728.61,9.08,0.16
401,North,2019-02-05,23.4,697.34,10.16,0.01
402,North,2019-02-06,26.84,546.03,10.11,0.13
403,North,2019-02-07,27.73,605.74,9.42,0.52
404,North,2019-02-08,22.23,676.8,7.27,0.1
405,North,2019-02-09,23.51,698.1,7.0,0.2
406,North,2019-02-10,21.93,604.17,5.02,0.3
407,North,2019-02-11,25.6,891.42,10.55,0.31
408,North,2019-02-12,27.7,823.64,8.18,0.15
409,North,2019-02-13,29.4,754.29,6.72,0.39
410,North,2019-02-14,26.67,715.6,9.42,0.1
411,North,2019-02-15,29.9,696.52,5.95,0.44
412,North,2019-02-16,24.0,640.94,7.99,0.05
413,North,2019-02-17,23.47,726.82,7.1,0.07
414,North,2019-02-18,26.88,744.71,8.29,0.01
415,North,2019-02-19,27.88,628.15,7.21,0.32
416,North,2019-02-20,27.15,757.56,5.1,0.11
417,North,2019-02-21,23.19,721.67,7.36,0.05
418,North,2019-02-22,27.26,584.66,8.8,0.05
419,North,2019-02-23,24.93,671.58,7.15,0.46
420,North,2019-02-24,28.98,710.37,8.33,1.8
421,North,2019-02-25,28.47,897.46,5.57,0.16
422,North,2019-02-26,25.96,793.88,7.07,0.19
423,North,2019-02-27,26.9,645.35,6.15,0.64
424,North,2019-02-28,25.9,793.83,8.17,0.1
425,North,2019-03-01,27.99,633.84,7.07,2.47
426,North,2019-03-02,30.11,846.85,8.03,0.03
427,North,2019-03-03,26.31,725.08,8.6,0.11
428,North,2019-03-04,29.37,757.73,7.97,0.08
429,North,2019-03-05,27.38,873.66,7.31,0.14
430,North,2019-03-06,26.93,666.92,5.38,0.12
431,North,2019-03-07,28.38,660.33,6.84,0.15
432,North,2019-03-08,26.59,727.55,6.01,0.03
433,North,2019-03-09,27.63,859.36,6.26,0.14
434,North,2019-03-10,26.4,656.71,6.19,0.06
435,North,2019-03-11,32.79,553.58,5.25,0.04
436,North,2019-03-12,28.99,745.86,3.75,0.01
437,North,2019-03-13,27.58,827.82,5.65,0.29
438,North,2019-03-14,29.46,881.34,6.91,0.11
439,North,2019-03-15,28.86,749.82,4.56,0.2
440,North,2019-03-16,28.69,755.42,6.58,0.26
441,North,2019-03-17,30.41,882.03,9.37,0.23
442,North,2019-03-18,30.74,641.44,8.02,0.13
443,North,2019-03-19,28.2,761.15,8.92,0.1
444,North,2019-03-20,28.15,808.59,7.01,0.09
445,North,2019-03-21,28.79,830.33,8.14,0.2
446,North,2019-03-22,24.76,754.56,5.27,0.14
447,North,2019-03-23,26.37,798.96,5.35,0.38
448,North,2019-03-24,32.16,597.91,2.17,0.42
449,North,2019-03-25,32.74,745.01,8.03,0.04
450,North,2019-03-26,28.97,834.55,8.53,0.15
451,North,2019-03-27,30.64,720.19,5.35,0.2
452,North,2019-03-28,30.12,803.92,5.77,0.07
453,North,2019-03-29,35.67,835.28,4.98,0.0
454,North,2019-03-30,31.76,772.37,6.65,2.2
455,North,2019-03-31,29.27,813.57,7.73,0.05
456,North,2019-04-01,27.61,722.98,3.39,0.53
457,North,2019-04-02,26.31,783.45,6.59,1.26
458,North,2019-04-03,29.93,848.68,5.52,0.29
459,North,2019-04-04,28.0,812.22,6.08,0.04
460,North,2019-04-05,26.66,752.45,6.56,0.05
461,North,2019-04-06,28.2,816.93,5.55,0.15
462,North,2019-04-07,27.31,855.7,5.65,0.04
463,North,2019-04-08,32.83,633.98,5.45,0.07
464,North,2019-04-09,31.2,890.06,7.19,0.08
465,North,2019-04-10,29.39,769.7,6.33,0.03
466,North,2019-04-11,32.34,829.82,6.0,0.05
467,North,2019-04-12,29.51,890.66,3.73,0.31
468,North,2019-04-13,27.6,684.15,5.03,0.04
469,North,2019-04-14,32.33,736.05,6.91,0.01
470,North,2019-04-15,30.32,768.55,5.59,0.2
471,North,2019-04-16,27.13,727.68,6.49,0.75
472,North,2019-04-17,28.78,927.84,8.11,0.08
473,North,2019-04-18,27.36,719.07,6.99,0.03
474,North,2019-04-19,26.3,741.66,5.54,0.17
475,North,2019-04-20,30.86,800.86,4.6,0.47
476,North,2019-04-21,32.77,686.66,1.5,0.31
477,North,2019-04-22,26.1,749.41,5.05,0.19
478,North,2019-04-23,29.96,804.61,4.78,0.08
479,North,2019-04-24,27.47,750.66,5.82,0.16
480,North,2019-04-25,27.73,767.8,4.97,0.02
481,North,2019-04-26,27.45,730.83,4.69,0.23
482,North,2019-04-27,26.83,649.85,2.47,0.26
483,North,2019-04-28,28.58,794.48,3.7,0.67
484,North,2019-04-29,26.74,906.81,5.8,0.06
485,North,2019-04-30,28.87,765.48,7.62,0.0
486,North,2019-05-01,28.14,779.53,4.87,0.16
487,North,2019-05-02,27.68,814.36,5.48,0.25
488,North,2019-05-03,26.25,654.75,6.39,0.31
489,North,2019-05-04,26.82,889.78,3.71,0.04
490,North,2019-05-05,29.39,766.96,5.45,0.3
491,North,2019-05-06,28.79,878.45,3.76,0.14
492,North,2019-05-07,25.73,686.32,6.14,0.08
493,North,2019-05-08,27.79,887.39,5.04,0.39
494,North,2019-05-09,28.99,800.87,5.24,0.13
495,North,2019-05-10,24.04,779.94,3.59,0.32
496,North,2019-05-11,28.36,751.19,5.8,0.17
497,North,2019-05-12,25.84,709.28,7.84,0.3
498,North,2019-05-13,28.19,821.84,3.17,0.08
499,North,2019-05-14,25.41,733.6,4.15,0.36
500,North,2019-05-15,23.21,561.5,4.98,0.06
501,North,2019-05-16,23.45,625.93,5.79,0.16
502,North,2019-05-17,26.68,696.81,3.74,0.05
503,North,2019-05-18,26.98,732.78,0.31,0.13
504,North,2019-05-19,24.52,699.7,6.57,0.08
505,North,2019-05-20,27.48,797.94,5.65,0.31
506,North,2019-05-21,22.75,540.46,1.87,0.68
507,North,2019-05-22,25.81,704.1,3.56,0.17
508,North,2019-05-23,23.39,543.19,6.8,0.31
509,North,2019-05-24,24.37,745.36,6.6,0.83
510,North,2019-05-25,25.64,672.93,5.81,0.0
511,North,2019-05-26,23.68,709.9,4.12,0.24
512,North,2019-05-27,24.49,603.02,4.49,0.06
513,North,2019-05-28,27.13,770.23,4.15,0.01
514,North,2019-05-29,23.82,746.91,6.02,0.1
515,North,2019-05-30,26.5,705.9,2.99,0.55
516,North,2019-05-31,22.43,644.46,3.08,0.0
517,North,2019-06-01,25.6,696.76,5.78,0.89
518,North,2019-06-02,27.27,589.33,4.19,0.7
519,North,2019-06-03,19.29,709.79,6.3,0.41
520,North,2019-06-04,22.49,768.73,3.21,0.02
521,North,2019-06-05,25.08,717.8,4.12,0.23
522,North,2019-06-06,23.37,569.13,2.81,0.23
523,North,2019-06-07,24.36,651.72,4.19,0.22
524,North,2019-06-08,22.25,514.63,1.94,0.57
525,North,2019-06-09,23.47,659.1,3.42,0.35
526,North,2019-06-10,22.83,644.56,1.98,0.01
527,North,2019-06-11,25.32,454.1,5.16,0.13
528,North,2019-06-12,23.33,505.88,5.19,0.1
529,North,2019-06-13,23.33,571.28,1.51,0.07
530,North,2019-06-14,21.67,564.95,6.09,0.12
531,North,2019-06-15,21.35,487.31,7.83,0.48
532,North,2019-06-16,21.3,610.22,4.14,0.11
533,North,2019-06-17,22.78,594.22,3.1,0.78
534,North,2019-06-18,20.99,553.55,8.29,0.02
535,North,2019-06-19,22.24,503.59,2.07,0.51
536,North,2019-06-20,25.64,642.9,4.07,0.13
537,North,2019-06-21,23.06,686.36,4.3,0.2
538,North,2019-06-22,20.5,510.16,6.04,0.35
539,North,2019-06-23,23.38,494.77,4.56,0.09
540,North,2019-06-24,20.0,577.92,3.27,0.11
541,North,2019-06-25,16.56,504.86,2.59,0.11
542,North,2019-06-26,18.45,517.21,3.5,0.09
543,North,2019-06-27,16.56,582.39,2.5,0.52
544,North,2019-06-28,19.42,365.32,4.08,0.35
545,North,2019-06-29,19.99,618.37,3.16,0.02
546,North,2019-06-30,23.14,513.56,1.76,0.02
547,North,2019-07-01,20.26,469.66,5.88,0.11
548,North,2019-07-02,19.0,490.28,3.25,0.02
549,North,2019-07-03,20.92,489.25,2.1,0.19
550,North,2019-07-04,14.67,348.6,3.75,0.03
551,North,2019-07-05,19.39,601.53,4.11,0.15
552,North,2019-07-06,20.29,480.09,1.39,0.01
553,North,2019-07-07,15.62,507.08,4.51,0.08
554,North,2019-07-08,20.69,542.63,2.44,0.23
555,North,2019-07-09,18.91,379.68,6.58,0.13
556,North,2019-07-10,17.24,494.14,4.81,0.77
557,North,2019-07-11,19.16,429.75,3.43,0.41
558,North,2019-07-12,22.27,513.81,2.91,0.09
559,North,2019-07-13,17.92,270.82,3.88,0.01
560,North,2019-07-14,17.89,428.02,4.97,0.37
561,North,2019-07-15,16.3,382.68,4.02,0.48
562,North,2019-07-16,15.35,460.47,3.74,0.34
563,North,2019-07-17,18.55,458.5,4.16,0.03
564,North,2019-07-18,15.01,359.32,3.17,1.23
565,North,2019-07-19,16.7,354.01,3.58,0.06
566,North,2019-07-20,15.44,397.21,0.97,0.26
567,North,2019-07-21,17.19,329.45,5.57,0.48
568,North,2019-07-22,16.74,463.68,4.57,0.05
569,North,2019-07-23,17.98,361.95,2.98,0.48
570,North,2019-07-24,14.73,154.13,7.0,0.07
571,North,2019-07-25,15.05,351.94,4.29,0.75
572,North,2019-07-26,13.47,294.11,2.62,0.07
573,North,2019-07-27,14.39,242.0,5.47,0.61
574,North,2019-07-28,15.87,268.85,4.8,0.01
575,North,2019-07-29,16.48,371.98,4.81,0.25
576,North,2019-07-30,12.97,464.94,3.6,0.15
577,North,2019-07-31,16.4,379.17,4.93,0.65
578,North,2019-08-01,17.22,301.11,3.88,0.05
579,North,2019-08-02,15.19,381.65,5.12,0.24
580,North,2019-08-03,17.97,304.05,1.45,0.04
581,North,2019-08-04,12.52,280.86,3.67,0.16
582,North,2019-08-05,11.44,239.77,6.93,0.06
583,North,2019-08-06,10.23,187.72,3.21,0.62
584,North,2019-08-07,16.64,292.47,3.48,0.01
585,North,2019-08-08,14.82,332.16,3.73,0.04
586,North,2019-08-09,13.26,307.68,2.6,0.06
587,North,2019-08-10,13.8,278.09,1.13,0.11
588,North,2019-08-11,10.85,231.72,4.12,0.05
589,North,2019-08-12,17.86,352.11,4.69,0.68
590,North,2019-08-13,13.1,194.21,4.43,0.41
591,North,2019-08-14,12.94,357.85,4.32,0.25
592,North,2019-08-15,14.04,211.84,4.62,0.17
593,North,2019-08-16,13.43,228.13,6.12,0.02
594,North,2019-08-17,12.8,167.35,4.32,0.24
595,North,2019-08-18,10.65,241.02,3.77,0.04
596,North,2019-08-19,13.05,355.66,4.24,0.31
597,North,2019-08-20,15.76,315.45,5.55,0.06
598,North,2019-08-21,14.58,349.11,6.83,0.11
599,North,2019-08-22,14.96,309.31,3.79,0.09
600,North,2019-08-23,10.65,176.01,4.91,0.39
601,North,2019-08-24,9.58,234.68,5.3,0.03
602,North,2019-08-25,11.21,195.64,3.33,0.17
603,North,2019-08-26,11.47,361.48,4.88,0.15
604,North,2019-08-27,13.45,156.35,2.68,0.24
605,North,2019-08-28,7.78,320.72,2.25,0.47
606,North,2019-08-29,14.13,317.86,5.48,0.57
607,North,2019-08-30,10.66,390.07,4.38,0.13
608,North,2019-08-31,10.04,208.28,5.29,0.52
609,North,2019-09-01,8.78,295.47,4.99,0.15
610,North,2019-09-02,7.41,418.53,3.59,0.13
611,North,2019-09-03,12.29,184.17,5.01,0.17
612,North,2019-09-04,10.71,108.44,3.26,0.23
613,North,2019-09-05,7.91,78.59,7.23,0.02
614,North,2019-09-06,7.83,283.84,3.14,0.34
615,North,2019-09-07,9.68,74.07,4.91,0.11
616,North,2019-09-08,13.62,192.93,3.67,0.02
617,North,2019-09-09,9.7,255.77,6.12,0.31
618,North,2019-09-10,7.15,233.75,4.8,0.09
619,North,2019-09-11,9.6,251.21,4.56,0.02
620,North,2019-09-12,9.49,233.27,6.65,0.2
621,North,2019-09-13,4.59,316.2,5.44,0.42
622,North,2019-09-14,9.83,136.2,6.21,2.19
623,North,2019-09-15,9.43,156.8,3.99,0.63
624,North,2019-09-16,11.24,147.81,3.39,0.4
625,North,2019-09-17,13.5,274.78,5.69,0.0
626,North,2019-09-18,12.02,279.23,5.09,0.1
627,North,2019-09-19,9.19,242.21,6.54,0.34
628,North,2019-09-20,7.48,299.8,5.51,0.09
629,North,2019-09-21,14.81,109.97,5.97,0.18
630,North,2019-09-22,9.76,336.77,3.26,0.19
631,North,2019-09-23,9.64,324.52,8.57,0.09
632,North,2019-09-24,9.54,260.87,5.52,0.47
633,North,2019-09-25,9.97,344.01,6.85,0.14
634,North,2019-09-26,9.27,68.47,4.58,0.13
635,North,2019-09-27,8.4,158.67,6.33,1.2
636,North,2019-09-28,8.44,141.51,3.95,0.14
637,North,2019-09-29,9.46,257.85,6.62,0.04
638,North,2019-09-30,8.44,116.01,5.44,0.14
639,North,2019-10-01,8.1,260.6,6.05,0.34
640,North,2019-10-02,9.74,309.71,7.09,0.3
641,North,2019-10-03,9.02,255.84,4.23,1.55
642,North,2019-10-04,12.55,223.17,5.09,0.25
643,North,2019-10-05,4.25,121.77,6.83,0.06
644,North,2019-10-06,11.75,133.48,9.33,0.4
645,North,2019-10-07,12.07,301.7,6.01,0.45
646,North,2019-10-08,5.46,264.68,7.14,0.22
647,North,2019-10-09,8.94,199.9,6.12,0.03
648,North,2019-10-10,8.91,170.36,9.23,0.74
649,North,2019-10-11,6.86,42.59,3.73,0.41
650,North,2019-10-12,8.16,119.94,6.53,0.45
651,North,2019-10-13,7.52,359.56,3.98,0.43
652,North,2019-10-14,13.29,105.33,2.69,0.16
653,North,2019-10-15,11.69,224.14,6.93,1.04
654,North,2019-10-16,12.41,290.87,6.73,0.16
655,North,2019-10-17,11.36,111.27,6.12,0.01
656,North,2019-10-18,7.7,227.91,6.43,0.27
657,North,2019-10-19,8.96,289.72,11.27,0.14
658,North,2019-10-20,11.05,217.32,6.26,0.21
659,North,2019-10-21,7.68,447.52,7.45,0.14
660,North,2019-10-22,11.61,86.36,5.74,0.14
661,North,2019-10-23,9.77,306.44,7.19,0.04
662,North,2019-10-24,9.56,209.88,6.42,0.07
663,North,2019-10-25,11.8,287.52,6.2,0.03
664,North,2019-10-26,11.34,263.2,9.57,0.22
665,North,2019-10-27,9.81,171.46,8.64,3.61
666,North,2019-10-28,12.92,250.73,7.11,0.03
667,North,2019-10-29,8.52,86.15,3.48,0.06
668,North,2019-10-30,12.0,285.49,6.42,0.89
669,North,2019-10-31,12.04,263.62,11.05,0.19
670,North,2019-11-01,10.32,293.46,6.68,0.03
671,North,2019-11-02,11.68,329.7,8.71,0.32
672,North,2019-11-03,8.62,277.22,9.25,0.31
673,North,2019-11-04,13.06,262.5,7.44,0.05
674,North,2019-11-05,10.94,183.07,5.88,0.07
675,North,2019-11-06,10.36,199.56,3.52,0.56
676,North,2019-11-07,13.61,354.53,8.22,0.35
677,North,2019-11-08,10.21,377.62,6.0,0.24
678,North,2019-11-09,8.9,246.86,7.52,0.02
679,North,2019-11-10,8.72,272.86,5.4,0.11
680,North,2019-11-11,13.15,200.14,6.91,0.82
681,North,2019-11-12,9.49,369.73,7.38,0.21
682,North,2019-11-13,15.68,332.61,7.76,0.12
683,North,2019-11-14,8.12,438.2,5.71,0.18
684,North,2019-11-15,15.8,216.24,9.2,0.08
685,North,2019-11-16,12.95,259.92,6.53,0.3
686,North,2019-11-17,12.46,312.4,4.94,1.84
687,North,2019-11-18,11.69,349.39,7.31,0.08
688,North,2019-11-19,13.71,284.26,7.55,0.36
689,North,2019-11-20,12.96,235.57,7.76,0.02
690,North,2019-11-21,15.38,379.88,9.59,0.36
691,North,2019-11-22,13.53,371.08,7.21,0.17
692,North,2019-11-23,13.74,244.16,7.41,0.02
693,North,2019-11-24,12.85,430.02,5.95,1.03
694,North,2019-11-25,13.6,419.38,8.86,0.13
695,North,2019-11-26,14.47,340.73,7.92,0.48
696,North,2019-11-27,10.58,340.64,7.04,0.45
697,North,2019-11-28,11.45,382.92,4.83,0.07
698,North,2019-11-29,15.78,274.04,9.87,0.14
699,North,2019-11-30,14.78,349.8,5.88,0.12
700,North,2019-12-01,14.22,179.68,6.85,0.08
701,North,2019-12-02,14.77,426.5,8.29,0.24
702,North,2019-12-03,15.58,236.02,5.98,0.29
703,North,2019-12-04,13.96,485.8,5.55,1.92
704,North,2019-12-05,13.64,343.76,4.62,0.72
705,North,2019-12-06,15.74,357.91,8.9,0.31
706,North,2019-12-07,13.55,329.33,7.01,0.25
707,North,2019-12-08,16.48,361.26,12.24,0.1
708,North,2019-12-09,12.42,502.57,6.37,1.13
709,North,2019-12-10,18.05,194.87,6.49,0.13
710,North,2019-12-11,17.09,500.9,7.03,1.02
711,North,2019-12-12,16.82,430.66,8.26,0.26
712,North,2019-12-13,18.44,311.96,7.2,0.61
713,North,2019-12-14,19.97,327.43,8.83,0.36
714,North,2019-12-15,18.83,552.52,6.46,0.47
715,North,2019-12-16,13.29,347.75,5.86,0.34
716,North,2019-12-17,14.58,336.13,5.24,0.12
717,North,2019-12-18,16.06,524.41,4.61,0.06
718,North,2019-12-19,17.53,465.55,7.18,0.09
719,North,2019-12-20,18.68,368.5,7.51,0.0
720,North,2019-12-21,16.36,465.94,7.02,0.15
721,North,2019-12-22,18.35,371.65,9.84,0.14
722,North,2019-12-23,16.64,546.88,9.82,0.15
723,North,2019-12-24,17.1,548.85,7.48,0.73
724,North,2019-12-25,15.68,511.63,5.3,0.48
725,North,2019-12-26,16.82,503.14,7.14,0.04
726,North,2019-12-27,16.13,620.25,7.1,0.09
727,North,2019-12-28,17.06,484.49,7.01,0.11
728,North,2019-12-29,21.29,395.12,6.95,0.09
729,North,2019-12-30,17.45,530.79,7.02,1.6
730,North,2019-12-31,24.79,666.88,7.42,0.74
731,North,2020-01-01,20.68,423.98,7.05,0.17
732,North,2020-01-02,20.24,481.41,8.31,0.38
733,North,2020-01-03,18.32,548.8,8.54,0.33
734,North,2020-01-04,21.61,516.33,6.63,0.03
735,North,2020-01-05,19.23,447.21,9.9,0.25
736,North,2020-01-06,20.8,620.68,6.52,0.11
737,North,2020-01-07,25.85,721.67,5.56,0.35
738,North,2020-01-08,20.7,556.87,8.55,0.05
739,North,2020-01-09,23.37,473.97,6.75,0.13
740,North,2020-01-10,19.83,427.47,8.45,0.09
741,North,2020-01-11,21.34,577.11,4.36,0.06
742,North,2020-01-12,25.12,649.84,10.05,0.24
743,North,2020-01-13,20.49,604.59,8.96,0.29
744,North,2020-01-14,25.54,571.41,5.69,0.06
745,North,2020-01-15,23.49,529.46,5.72,0.01
746,North,2020-01-16,21.12,494.21,10.43,0.38
747,North,2020-01-17,23.67,653.32,6.81,0.0
748,North,2020-01-18,24.52,664.58,6.65,0.55
749,North,2020-01-19,23.98,472.72,4.49,0.2
750,North,2020-01-20,19.76,728.44,7.36,0.08
751,North,2020-01-21,21.61,652.03,7.53,0.06
752,North,2020-01-22,22.73,722.88,8.93,0.0
753,North,2020-01-23,23.23,508.33,5.75,0.05
754,North,2020-01-24,24.78,511.18,5.55,0.03
755,North,2020-01-25,24.05,613.24,8.49,0.19
756,North,2020-01-26,21.18,670.06,9.31,0.04
757,North,2020-01-27,24.77,778.18,5.43,0.15
758,North,2020-01-28,25.38,695.55,9.39,0.89
759,North,2020-01-29,25.43,624.21,7.81,0.07
760,North,2020-01-30,26.62,566.02,9.38,0.01
761,North,2020-01-31,26.28,751.0,7.62,0.04
762,North,2020-02-01,25.68,579.85,3.92,0.01
763,North,2020-02-02,24.76,791.68,7.46,0.27
764,North,2020-02-03,21.73,642.98,9.26,0.08
765,North,2020-02-04,26.05,797.26,6.31,0.32
766,North,2020-02-05,25.75,728.55,7.05,0.11
767,North,2020-02-06,26.01,667.46,7.34,0.12
768,North,2020-02-07,23.06,640.99,3.24,0.14
769,North,2020-02-08,23.58,659.34,10.07,0.25
770,North,2020-02-09,27.98,724.9,6.19,0.06
771,North,2020-02-10,25.93,700.76,8.28,0.03
772,North,2020-02-11,27.5,650.99,7.37,0.16
773,North,2020-02-12,26.33,689.08,9.36,0.08
774,North,2020-02-13,26.45,712.4,8.06,0.12
775,North,2020-02-14,28.4,539.54,7.08,0.21
776,North,2020-02-15,25.61,750.15,6.06,0.14
777,North,2020-02-16,26.95,638.72,8.58,0.19
778,North,2020-02-17,25.95,628.36,4.55,0.16
779,North,2020-02-18,26.12,589.1,8.3,0.27
780,North,2020-02-19,26.49,583.98,5.66,0.24
781,North,2020-02-20,27.66,622.39,9.16,0.15
782,North,2020-02-21,26.37,677.37,7.49,0.23
783,North,2020-02-22,29.95,893.54,8.19,0.41
784,North,2020-02-23,25.75,698.34,7.32,0.11
785,North,2020-02-24,27.27,757.68,4.54,0.11
786,North,2020-02-25,26.86,778.48,5.85,0.29
787,North,2020-02-26,30.73,759.84,8.12,0.17
788,North,2020-02-27,28.32,745.99,7.33,0.01
789,North,2020-02-28,30.09,659.32,8.83,2.23
790,North,2020-02-29,25.14,873.7,7.63,0.01
791,North,2020-03-01,28.73,904.81,5.54,0.28
792,North,2020-03-02,30.06,628.15,5.77,0.28
793,North,2020-03-03,28.53,683.3,7.09,0.61
794,North,2020-03-04,30.57,745.21,3.43,0.01
795,North,2020-03-05,27.49,692.73,9.38,0.18
796,North,2020-03-06,31.41,812.58,7.5,0.11
797,North,2020-03-07,33.26,715.98,8.65,0.08
798,North,2020-03-08,28.01,949.5,4.41,0.02
799,North,2020-03-09,27.91,873.51,8.61,0.17
800,North,2020-03-10,31.77,797.16,10.06,0.13
801,North,2020-03-11,32.08,864.12,4.7,0.11
802,North,2020-03-12,27.93,872.15,7.81,0.19
803,North,2020-03-13,28.19,740.2,6.62,0.27
804,North,2020-03-14,28.52,721.57,4.27,0.29
805,North,2020-03-15,26.45,794.59,7.29,0.47
806,North,2020-03-16,27.34,858.65,7.77,0.11
807,North,2020-03-17,27.22,802.14,5.58,0.61
808,North,2020-03-18,27.73,666.07,8.2,0.4
809,North,2020-03-19,29.23,729.13,3.92,0.07
810,North,2020-03-20,29.81,788.47,4.14,0.03
811,North,2020-03-21,32.47,789.29,6.56,0.11
812,North,2020-03-22,27.4,954.01,6.36,0.1
813,North,2020-03-23,31.39,686.1,5.21,0.17
814,North,2020-03-24,29.02,838.11,7.46,0.18
815,North,2020-03-25,29.37,917.39,7.01,0.28
816,North,2020-03-26,30.83,980.49,7.47,0.71
817,North,2020-03-27,27.25,766.85,5.96,0.02
818,North,2020-03-28,30.27,838.84,7.02,0.39
819,North,2020-03-29,29.85,845.36,5.41,0.07
820,North,2020-03-30,30.51,815.57,9.12,0.71
821,North,2020-03-31,30.1,792.09,4.79,0.03
822,North,2020-04-01,34.43,834.85,9.13,0.64
823,North,2020-04-02,28.24,597.28,5.99,0.02
824,North,2020-04-03,28.45,854.23,3.84,0.05
825,North,2020-04-04,28.26,809.47,7.92,0.05
826,North,2020-04-05,28.38,781.2,6.03,1.22
827,North,2020-04-06,28.2,962.28,7.08,0.38
828,North,2020-04-07,31.83,743.98,7.6,0.11
829,North,2020-04-08,32.28,765.09,6.24,2.64
830,North,2020-04-09,28.27,955.93,4.81,0.18
831,North,2020-04-10,27.72,729.22,7.13,0.2
832,North,2020-04-11,30.3,750.87,5.63,0.37
833,North,2020-04-12,28.22,782.12,6.63,0.07
834,North,2020-04-13,30.55,860.06,2.33,0.09
835,North,2020-04-14,29.65,808.26,6.2,0.47
836,North,2020-04-15,26.17,686.97,4.54,0.46
837,North,2020-04-16,32.25,746.47,7.94,0.75
838,North,2020-04-17,32.7,739.03,6.37,0.46
839,North,2020-04-18,27.84,779.93,5.76,0.03
840,North,2020-04-19,28.23,818.58,6.1,0.35
841,North,2020-04-20,29.52,816.28,3.84,0.53
842,North,2020-04-21,29.56,638.98,7.74,0.94
843,North,2020-04-22,30.15,864.33,8.26,0.64
844,North,2020-04-23,32.79,797.49,5.83,0.16
845,North,2020-04-24,28.35,886.04,7.59,0.15
846,North,2020-04-25,27.03,808.72,4.32,0.08
847,North,2020-04-26,25.8,859.11,3.95,0.08
848,North,2020-04-27,27.02,806.08,5.17,0.45
849,North,2020-04-28,28.34,874.12,5.73,0.32
850,North,2020-04-29,31.91,805.78,4.46,0.03
851,North,2020-04-30,27.21,753.68,5.83,0.3
852,North,2020-05-01,28.6,940.74,5.45,0.2
853,North,2020-05-02,28.03,827.42,3.46,0.11
854,North,2020-05-03,30.35,799.47,5.71,0.06
855,North,2020-05-04,32.94,648.67,6.2,1.96
856,North,2020-05-05,26.73,644.84,5.13,1.2
857,North,2020-05-06,26.71,768.38,6.57,0.16
858,North,2020-05-07,29.68,753.59,2.99,0.19
859,North,2020-05-08,28.85,689.73,5.49,0.1
860,North,2020-05-09,31.07,746.97,3.01,0.13
861,North,2020-05-10,28.44,859.56,3.06,0.04
862,North,2020-05-11,26.44,784.8,3.76,0.05
863,North,2020-05-12,28.23,634.52,3.27,0.22
864,North,2020-05-13,29.15,713.45,3.84,0.48
865,North,2020-05-14,28.46,654.47,4.31,0.1
866,North,2020-05-15,27.72,684.29,5.86,0.05
867,North,2020-05-16,28.71,678.59,4.1,1.05
868,North,2020-05-17,28.8,669.77,2.18,0.41
869,North,2020-05-18,29.1,603.82,6.25,1.38
870,North,2020-05-19,27.5,690.21,3.26,0.41
871,North,2020-05-20,25.74,651.7,4.4,0.15
872,North,2020-05-21,26.24,458.26,5.14,0.28
873,North,2020-05-22,28.22,852.87,4.74,0.03
874,North,2020-05-23,24.04,771.69,6.06,0.09
875,North,2020-05-24,26.28,650.38,5.12,0.1
876,North,2020-05-25,24.62,677.84,3.09,0.14
877,North,2020-05-26,25.32,578.4,7.63,0.53
878,North,2020-05-27,27.68,803.53,4.63,0.41
879,North,2020-05-28,25.36,815.36,4.1,0.03
880,North,2020-05-29,24.92,671.75,5.75,0.04
881,North,2020-05-30,21.96,736.7,4.66,0.09
882,North,2020-05-31,26.03,664.4,4.87,0.07
883,North,2020-06-01,25.68,538.94,7.99,0.19
884,North,2020-06-02,28.56,608.4,3.82,2.33
885,North,2020-06-03,23.47,647.33,3.74,3.28
886,North,2020-06-04,24.37,595.79,4.38,0.21
887,North,2020-06-05,24.27,610.01,5.8,0.36
888,North,2020-06-06,26.77,615.49,1.92,0.15
889,North,2020-06-07,23.27,611.61,1.21,0.05
890,North,2020-06-08,23.86,617.49,3.27,0.15
891,North,2020-06-09,24.36,523.67,1.68,0.16
892,North,2020-06-10,23.35,546.32,3.49,0.27
893,North,2020-06-11,21.93,496.06,4.87,0.05
894,North,2020-06-12,23.04,672.16,2.76,0.09
895,North,2020-06-13,24.64,420.56,1.95,0.09
896,North,2020-06-14,20.27,676.36,4.18,3.2
897,North,2020-06-15,22.43,690.01,5.36,0.12
898,North,2020-06-16,20.59,549.93,1.52,0.28
899,North,2020-06-17,24.22,360.84,5.28,0.28
900,North,2020-06-18,18.61,535.15,5.27,0.06
901,North,2020-06-19,20.37,553.87,5.47,0.17
902,North,2020-06-20,22.08,473.08,5.86,0.45
903,North,2020-06-21,24.28,507.62,7.33,0.13
904,North,2020-06-22,20.85,666.16,3.49,2.9
905,North,2020-06-23,19.7,591.82,4.18,0.05
906,North,2020-06-24,24.4,459.53,3.39,0.02
907,North,2020-06-25,17.57,400.55,4.01,0.44
908,North,2020-06-26,15.9,497.05,6.31,0.38
909,North,2020-06-27,21.01,500.99,1.99,0.98
910,North,2020-06-28,18.95,552.6,2.71,0.23
911,North,2020-06-29,17.74,464.92,6.07,0.55
912,North,2020-06-30,21.03,543.5,5.53,0.35
913,North,2020-07-01,19.93,652.23,3.46,0.37
914,North,2020-07-02,18.14,557.49,5.28,0.17
915,North,2020-07-03,16.53,483.25,4.51,0.1
916,North,2020-07-04,20.67,467.28,6.25,0.55
917,North,2020-07-05,20.05,448.25,4.12,0.11
918,North,2020-07-06,18.38,566.09,5.55,0.77
919,North,2020-07-07,22.1,416.32,7.98,0.12
920,North,2020-07-08,16.1,464.99,4.91,0.17
921,North,2020-07-09,15.02,460.36,4.1,0.13
922,North,2020-07-10,16.51,411.02,5.11,0.01
923,North,2020-07-11,17.64,336.27,3.48,0.43
924,North,2020-07-12,18.04,466.84,7.62,0.12
925,North,2020-07-13,16.91,431.06,4.32,0.18
926,North,2020-07-14,17.93,470.93,3.64,0.03
927,North,2020-07-15,14.55,383.21,2.81,0.0
928,North,2020-07-16,19.77,518.57,5.72,0.06
929,North,2020-07-17,16.56,345.79,5.38,0.24
930,North,2020-07-18,18.79,547.95,3.34,0.02
931,North,2020-07-19,17.08,266.26,4.97,0.48
932,North,2020-07-20,17.14,435.96,1.85,0.05
933,North,2020-07-21,17.21,434.35,4.4,0.05
934,North,2020-07-22,16.8,327.84,4.81,0.2
935,North,2020-07-23,17.03,420.64,6.71,0.0
936,North,2020-07-24,18.25,484.28,3.01,0.3
937,North,2020-07-25,15.82,199.85,2.26,2.08
938,North,2020-07-26,16.69,412.72,2.85,0.19
939,North,2020-07-27,14.94,168.38,2.2,0.04
940,North,2020-07-28,17.85,285.97,6.22,0.07
941,North,2020-07-29,13.46,488.99,6.56,0.13
942,North,2020-07-30,18.26,307.58,4.73,0.62
943,North,2020-07-31,14.43,255.72,6.1,0.06
944,North,2020-08-01,11.5,329.35,4.49,0.26
945,North,2020-08-02,14.47,506.21,4.16,0.12
946,North,2020-08-03,12.71,189.89,3.82,0.07
947,North,2020-08-04,15.61,248.02,3.88,0.12
948,North,2020-08-05,12.48,447.66,2.04,0.01
949,North,2020-08-06,12.75,472.28,4.78,0.32
950,North,2020-08-07,9.73,311.24,4.34,0.06
951,North,2020-08-08,12.47,216.29,5.54,0.26
952,North,2020-08-09,8.39,479.04,4.59,0.01
953,North,2020-08-10,9.94,434.94,4.22,0.62
954,North,2020-08-11,14.49,357.77,3.18,0.04
955,North,2020-08-12,14.42,234.59,4.62,0.43
956,North,2020-08-13,13.57,291.85,5.64,0.33
957,North,2020-08-14,10.66,279.19,2.84,0.69
958,North,2020-08-15,12.37,314.79,4.71,0.13
959,North,2020-08-16,12.34,400.78,4.96,0.26
960,North,2020-08-17,9.91,351.49,3.56,0.46
961,North,2020-08-18,15.12,191.44,3.78,0.04
962,North,2020-08-19,13.75,384.32,5.03,0.59
963,North,2020-08-20,11.44,295.88,3.01,0.04
964,North,2020-08-21,11.83,322.5,5.26,0.8
965,North,2020-08-22,12.08,381.63,3.42,0.02
966,North,2020-08-23,7.48,172.22,6.38,0.18
967,North,2020-08-24,10.96,255.19,8.32,0.2
968,North,2020-08-25,9.99,212.52,3.55,0.15
969,North,2020-08-26,9.26,126.66,5.68,0.22
970,North,2020-08-27,10.6,276.96,3.81,0.12
971,North,2020-08-28,14.67,447.35,6.49,0.16
972,North,2020-08-29,12.26,96.5,3.06,0.07
973,North,2020-08-30,9.75,238.47,5.71,0.56
974,North,2020-08-31,11.95,289.73,3.71,0.29
975,North,2020-09-01,13.52,245.84,4.74,0.72
976,North,2020-09-02,12.49,224.53,3.53,0.01
977,North,2020-09-03,10.68,127.31,6.34,0.07
978,North,2020-09-04,9.2,247.62,3.89,0.04
979,North,2020-09-05,11.81,166.28,6.0,0.0
980,North,2020-09-06,11.14,49.53,4.69,0.06
981,North,2020-09-07,12.07,318.28,5.06,0.23
982,North,2020-09-08,11.49,297.45,5.49,0.05
983,North,2020-09-09,12.25,223.07,4.16,0.14
984,North,2020-09-10,9.03,235.5,5.65,0.44
985,North,2020-09-11,12.68,301.44,7.66,1.18
986,North,2020-09-12,10.38,231.84,4.23,0.1
987,North,2020-09-13,14.09,284.71,7.19,0.09
988,North,2020-09-14,8.51,187.16,7.71,0.12
989,North,2020-09-15,13.32,314.58,4.27,0.04
990,North,2020-09-16,10.2,234.03,3.35,0.2
991,North,2020-09-17,8.46,222.72,6.02,0.09
992,North,2020-09-18,8.76,104.51,4.78,0.38
993,North,2020-09-19,9.05,228.08,8.43,0.28
994,North,2020-09-20,10.51,137.66,5.72,0.19
995,North,2020-09-21,10.68,152.33,4.5,0.09
996,North,2020-09-22,8.47,137.44,4.01,0.05
997,North,2020-09-23,9.54,116.72,7.4,1.5
998,North,2020-09-24,13.86,371.45,4.95,0.13
999,North,2020-09-25,13.01,307.51,5.9,0.05
1000,North,2020-09-26,10.42,354.25,7.3,0.04
1001,North,2020-09-27,9.61,102.5,5.18,0.04
1002,North,2020-09-28,9.77,205.84,5.87,0.3
1003,North,2020-09-29,10.75,96.54,5.95,0.26
1004,North,2020-09-30,7.48,144.35,7.03,0.15
1005,North,2020-10-01,9.01,126.62,6.93,0.12
1006,North,2020-10-02,6.19,299.39,5.75,0.17
1007,North,2020-10-03,10.34,168.77,6.21,0.42
1008,North,2020-10-04,10.85,286.27,5.59,0.4
1009,North,2020-10-05,8.6,249.55,3.96,0.12
1010,North,2020-10-06,12.73,386.03,6.6,0.0
1011,North,2020-10-07,7.15,83.98,9.09,0.11
1012,North,2020-10-08,6.7,303.76,4.96,0.19
1013,North,2020-10-09,10.1,295.51,5.16,0.16
1014,North,2020-10-10,11.77,126.79,5.04,0.21
1015,North,2020-10-11,13.08,286.18,7.47,0.03
1016,North,2020-10-12,8.83,233.54,7.09,0.21
1017,North,2020-10-13,11.94,189.57,6.21,0.04
1018,North,2020-10-14,9.75,143.07,5.11,0.28
1019,North,2020-10-15,9.52,152.75,6.66,0.08
1020,North,2020-10-16,11.68,375.65,4.21,0.25
1021,North,2020-10-17,11.27,213.18,6.8,0.01
1022,North,2020-10-18,6.86,277.25,7.93,0.1
1023,North,2020-10-19,13.02,153.05,4.77,0.24
1024,North,2020-10-20,12.89,155.65,4.38,0.05
1025,North,2020-10-21,8.93,306.41,9.08,0.32
1026,North,2020-10-22,11.04,113.77,5.83,0.2
1027,North,2020-10-23,11.3,190.49,8.48,0.18
1028,North,2020-10-24,10.9,228.48,6.58,0.09
1029,North,2020-10-25,9.35,236.81,6.6,0.66
1030,North,2020-10-26,9.18,215.78,7.53,0.18
1031,North,2020-10-27,10.55,264.07,5.58,0.13
1032,North,2020-10-28,13.03,290.21,7.13,0.24
1033,North,2020-10-29,11.85,296.0,6.39,0.11
1034,North,2020-10-30,10.11,160.9,5.01,0.05
1035,North,2020-10-31,12.48,219.64,7.53,0.05
1036,North,2020-11-01,5.33,340.64,6.66,0.0
1037,North,2020-11-02,13.42,319.39,6.85,0.07
1038,North,2020-11-03,7.73,140.82,5.3,0.28
1039,North,2020-11-04,10.58,281.68,9.53,0.32
1040,North,2020-11-05,9.17,98.28,8.48,0.05
1041,North,2020-11-06,8.92,263.35,8.64,0.64
1042,North,2020-11-07,13.94,414.54,6.77,0.14
1043,North,2020-11-08,10.79,190.08,4.66,0.5
1044,North,2020-11-09,12.52,202.43,10.21,0.25
1045,North,2020-11-10,11.85,333.63,7.21,1.28
1046,North,2020-11-11,13.01,152.48,6.21,0.02
1047,North,2020-11-12,12.32,228.75,7.98,0.05
1048,North,2020-11-13,9.72,330.62,9.13,0.0
1049,North,2020-11-14,14.4,235.76,7.37,0.25
1050,North,2020-11-15,11.54,271.28,9.35,0.08
1051,North,2020-11-16,9.54,353.42,9.08,0.31
1052,North,2020-11-17,11.92,331.39,5.86,0.08
1053,North,2020-11-18,15.91,322.86,6.49,0.34
1054,North,2020-11-19,14.74,278.28,8.96,0.03
1055,North,2020-11-20,12.47,338.98,3.48,0.04
1056,North,2020-11-21,12.61,303.49,7.34,0.08
1057,North,2020-11-22,12.8,354.08,5.44,0.11
1058,North,2020-11-23,17.73,281.83,6.89,0.43
1059,North,2020-11-24,14.48,311.15,7.18,0.29
1060,North,2020-11-25,14.72,250.79,7.11,0.1
1061,North,2020-11-26,16.06,331.47,6.84,0.09
1062,North,2020-11-27,14.62,273.72,6.04,0.36
1063,North,2020-11-28,13.77,253.85,11.14,0.01
1064,North,2020-11-29,14.04,368.09,10.52,0.57
1065,North,2020-11-30,14.44,368.89,6.0,0.86
1066,North,2020-12-01,14.66,419.01,10.13,0.02
1067,North,2020-12-02,16.34,326.44,7.17,0.07
1068,North,2020-12-03,15.15,398.18,7.98,0.09
1069,North,2020-12-04,16.66,414.23,7.71,0.3
1070,North,2020-12-05,15.19,410.42,6.83,0.18
1071,North,2020-12-06,15.67,313.5,9.31,0.21
1072,North,2020-12-07,11.67,396.25,8.03,0.28
1073,North,2020-12-08,17.66,418.21,7.14,0.03
1074,North,2020-12-09,16.68,394.47,5.91,0.36
1075,North,2020-12-10,18.14,231.82,6.54,0.24
1076,North,2020-12-11,10.52,416.46,5.43,0.86
1077,North,2020-12-12,20.65,585.53,7.92,0.44
1078,North,2020-12-13,16.36,384.65,6.12,0.24
1079,North,2020-12-14,19.02,360.17,7.53,0.05
1080,North,2020-12-15,14.89,453.26,9.99,0.11
1081,North,2020-12-16,18.36,453.39,9.74,0.14
1082,North,2020-12-17,15.2,528.84,7.9,0.01
1083,North,2020-12-18,16.23,337.84,7.83,0.62
1084,North,2020-12-19,21.47,502.04,10.78,0.14
1085,North,2020-12-20,17.43,495.85,8.75,0.24
1086,North,2020-12-21,18.42,442.34,7.48,0.14
1087,North,2020-12-22,19.89,485.91,5.84,0.01
1088,North,2020-12-23,19.31,546.29,8.58,0.52
1089,North,2020-12-24,18.79,538.85,9.23,0.38
1090,North,2020-12-25,19.39,382.77,7.05,0.15
1091,North,2020-12-26,23.64,544.97,8.43,0.05
1092,North,2020-12-27,18.89,479.34,7.45,0.03
1093,North,2020-12-28,19.58,495.5,7.72,0.09
1094,North,2020-12-29,21.45,500.69,4.27,0.29
1095,North,2020-12-30,21.74,487.98,7.67,0.14
1096,North,2020-12-31,22.07,600.5,9.45,0.68
1097,North,2021-01-01,21.15,503.63,7.05,0.17
1098,North,2021-01-02,17.75,425.92,8.08,2.21
1099,North,2021-01-03,23.48,489.16,6.86,0.21
1100,North,2021-01-04,18.09,540.09,8.53,0.13
1101,North,2021-01-05,21.16,629.27,7.66,0.39
1102,North,2021-01-06,19.22,584.31,6.58,0.64
1103,North,2021-01-07,20.77,473.14,9.98,2.03
1104,North,2021-01-08,21.72,745.11,9.37,0.07
1105,North,2021-01-09,21.88,572.57,7.06,0.03
1106,North,2021-01-10,22.25,658.5,8.71,0.39
1107,North,2021-01-11,24.8,549.39,8.76,0.18
1108,North,2021-01-12,22.65,609.25,8.91,0.44
1109,North,2021-01-13,21.42,638.76,5.4,0.56
1110,North,2021-01-14,24.01,674.06,9.44,0.01
1111,North,2021-01-15,24.62,666.18,7.07,0.14
1112,North,2021-01-16,19.95,656.32,7.38,0.09
1113,North,2021-01-17,23.77,566.27,11.86,0.2
1114,North,2021-01-18,24.14,550.64,8.35,0.32
1115,North,2021-01-19,22.3,627.87,7.3,0.07
1116,North,2021-01-20,25.81,680.75,4.56,0.81
1117,North,2021-01-21,22.92,593.1,9.94,0.25
1118,North,2021-01-22,23.63,700.91,5.83,0.03
1119,North,2021-01-23,23.19,736.66,6.33,0.34
1120,North,2021-01-24,23.73,551.85,7.32,0.93
1121,North,2021-01-25,21.66,562.88,9.93,0.6
1122,North,2021-01-26,21.13,623.24,8.95,0.08
1123,North,2021-01-27,27.35,663.67,7.54,0.02
1124,North,2021-01-28,22.62,601.65,8.22,0.14
1125,North,2021-01-29,22.48,756.31,6.84,0.02
1126,North,2021-01-30,20.3,686.53,7.93,0.7
1127,North,2021-01-31,23.48,660.18,7.81,0.01
1128,North,2021-02-01,22.26,546.53,9.14,0.28
1129,North,2021-02-02,28.33,560.47,9.12,0.15
1130,North,2021-02-03,27.21,692.49,8.39,0.09
1131,North,2021-02-04,23.96,503.63,7.08,0.01
1132,North,2021-02-05,29.98,759.43,8.72,0.19
1133,North,2021-02-06,27.57,669.89,7.45,0.18
1134,North,2021-02-07,25.09,946.06,5.94,0.07
1135,North,2021-02-08,20.88,875.26,6.94,0.48
1136,North,2021-02-09,30.59,680.07,7.65,0.07
1137,North,2021-02-10,23.36,689.98,8.86,0.12
1138,North,2021-02-11,22.98,781.98,7.2,0.16
1139,North,2021-02-12,28.44,842.37,5.64,0.02
1140,North,2021-02-13,31.4,578.8,7.51,0.54
1141,North,2021-02-14,29.41,570.59,7.58,0.09
1142,North,2021-02-15,27.89,667.33,7.66,0.02
1143,North,2021-02-16,28.07,767.24,8.74,0.1
1144,North,2021-02-17,28.7,763.84,8.86,0.18
1145,North,2021-02-18,28.62,813.07,6.41,0.14
1146,North,2021-02-19,27.78,634.85,6.35,0.24
1147,North,2021-02-20,27.54,548.8,5.69,0.01
1148,North,2021-02-21,27.31,805.92,8.27,0.07
1149,North,2021-02-22,26.03,674.15,9.37,0.34
1150,North,2021-02-23,27.08,581.98,6.7,0.02
1151,North,2021-02-24,24.35,758.05,6.78,0.39
1152,North,2021-02-25,27.64,812.81,9.31,0.02
1153,North,2021-02-26,25.95,742.42,7.84,0.36
1154,North,2021-02-27,25.82,718.32,7.71,0.09
1155,North,2021-02-28,28.47,744.88,5.24,0.19
1156,North,2021-03-01,30.98,730.59,8.01,0.03
1157,North,2021-03-02,30.12,654.92,5.57,0.01
1158,North,2021-03-03,25.22,708.05,5.23,0.05
1159,North,2021-03-04,26.46,809.3,6.38,0.03
1160,North,2021-03-05,30.4,795.62,5.99,0.37
1161,North,2021-03-06,26.63,785.55,6.51,0.14
1162,North,2021-03-07,28.22,694.63,4.65,0.18
1163,North,2021-03-08,29.83,761.77,8.22,0.31
1164,North,2021-03-09,26.86,604.1,8.44,0.21
1165,North,2021-03-10,29.07,794.43,3.79,0.19
1166,North,2021-03-11,26.25,896.27,8.15,0.11
1167,North,2021-03-12,27.78,665.75,5.43,0.13
1168,North,2021-03-13,29.67,738.44,7.9,0.11
1169,North,2021-03-14,25.9,813.2,6.48,0.37
1170,North,2021-03-15,30.02,888.57,6.6,0.05
1171,North,2021-03-16,29.14,753.86,6.24,0.0
1172,North,2021-03-17,30.33,735.64,8.3,0.21
1173,North,2021-03-18,29.71,634.72,4.59,0.05
1174,North,2021-03-19,32.03,801.63,7.33,0.44
1175,North,2021-03-20,29.59,957.76,8.04,0.39
1176,North,2021-03-21,28.51,817.53,7.43,0.02
1177,North,2021-03-22,29.64,794.42,9.8,0.02
1178,North,2021-03-23,30.51,822.75,5.49,0.14
1179,North,2021-03-24,29.54,796.78,7.68,0.94
1180,North,2021-03-25,29.55,733.22,6.06,0.32
1181,North,2021-03-26,28.08,864.64,8.03,0.25
1182,North,2021-03-27,28.17,817.26,6.13,0.18
1183,North,2021-03-28,26.7,800.94,5.53,0.08
1184,North,2021-03-29,33.02,721.75,8.04,0.01
1185,North,2021-03-30,27.03,904.21,5.31,1.39
1186,North,2021-03-31,28.14,853.17,3.89,0.05
1187,North,2021-04-01,28.09,755.74,5.2,1.8
1188,North,2021-04-02,31.31,880.01,6.87,0.11
1189,North,2021-04-03,28.92,759.86,7.99,0.17
1190,North,2021-04-04,32.0,736.81,6.04,0.41
1191,North,2021-04-05,28.14,738.22,7.81,0.4
1192,North,2021-04-06,30.03,656.85,3.77,0.09
1193,North,2021-04-07,27.79,835.7,5.1,0.05
1194,North,2021-04-08,33.73,650.84,5.3,0.3
1195,North,2021-04-09,27.04,698.33,5.53,0.11
1196,North,2021-04-10,30.0,629.74,5.79,0.04
1197,North,2021-04-11,30.62,787.99,6.67,0.47
1198,North,2021-04-12,30.15,781.86,4.93,0.04
1199,North,2021-04-13,28.91,766.67,5.77,0.01
1200,North,2021-04-14,28.99,708.23,5.46,0.0
1201,North,2021-04-15,29.29,696.6,4.11,0.97
1202,North,2021-04-16,28.86,826.19,5.29,0.22
1203,North,2021-04-17,31.04,743.57,5.22,0.07
1204,North,2021-04-18,33.48,811.41,5.15,0.08
1205,North,2021-04-19,27.89,713.69,5.41,0.08
1206,North,2021-04-20,26.21,797.31,5.45,0.23
1207,North,2021-04-21,28.72,885.33,4.65,0.06
1208,North,2021-04-22,33.99,826.11,7.18,0.53
1209,North,2021-04-23,27.16,744.29,3.48,0.05
1210,North,2021-04-24,31.98,795.85,4.12,1.61
1211,North,2021-04-25,31.99,753.93,9.34,0.04
1212,North,2021-04-26,27.45,771.64,3.59,0.3
1213,North,2021-04-27,29.62,742.7,3.08,0.05
1214,North,2021-04-28,31.66,753.27,6.18,0.02
1215,North,2021-04-29,27.57,780.97,1.93,0.42
1216,North,2021-04-30,27.83,682.04,4.67,0.39
1217,North,2021-05-01,26.99,677.67,8.21,0.1
1218,North,2021-05-02,26.04,645.21,2.64,1.21
1219,North,2021-05-03,26.68,625.55,1.96,0.16
1220,North,2021-05-04,25.44,653.4,2.65,0.38
1221,North,2021-05-05,27.86,760.66,6.22,0.08
1222,North,2021-05-06,26.15,673.54,6.53,0.15
1223,North,2021-05-07,28.06,783.03,4.05,0.13
1224,North,2021-05-08,24.37,741.63,5.81,0.09
1225,North,2021-05-09,28.04,578.21,6.85,0.44
1226,North,2021-05-10,28.94,784.86,7.42,0.04
1227,North,2021-05-11,23.18,794.03,4.34,0.03
1228,North,2021-05-12,27.8,646.29,1.23,0.17
1229,North,2021-05-13,29.39,755.98,3.43,0.21
1230,North,2021-05-14,24.4,650.35,3.99,0.04
1231,North,2021-05-15,30.05,723.12,4.22,0.1
1232,North,2021-05-16,27.42,610.52,4.3,0.59
1233,North,2021-05-17,25.05,564.54,6.24,0.28
1234,North,2021-05-18,26.22,673.61,6.45,0.22
1235,North,2021-05-19,27.32,690.52,4.25,0.27
1236,North,2021-05-20,26.23,664.73,6.14,0.12
1237,North,2021-05-21,27.02,597.89,5.0,0.55
1238,North,2021-05-22,23.97,656.64,4.54,0.27
1239,North,2021-05-23,26.02,706.13,5.78,0.12
1240,North,2021-05-24,22.71,676.9,4.51,0.17
1241,North,2021-05-25,25.18,690.94,7.47,0.24
1242,North,2021-05-26,23.45,618.52,2.2,0.18
1243,North,2021-05-27,23.65,761.61,3.57,0.42
1244,North,2021-05-28,27.45,569.48,4.13,0.09
1245,North,2021-05-29,27.01,698.22,4.96,0.07
1246,North,2021-05-30,25.9,749.37,6.19,0.24
1247,North,2021-05-31,22.35,688.85,4.23,0.01
1248,North,2021-06-01,23.75,629.68,2.12,0.01
1249,North,2021-06-02,26.66,599.08,5.5,0.41
1250,North,2021-06-03,24.37,719.66,5.35,0.23
1251,North,2021-06-04,28.57,518.32,1.29,0.22
1252,North,2021-06-05,24.56,549.89,4.18,0.19
1253,North,2021-06-06,24.0,591.0,1.79,0.38
1254,North,2021-06-07,22.84,717.09,3.16,0.13
1255,North,2021-06-08,23.57,643.69,2.79,0.41
1256,North,2021-06-09,22.84,531.07,5.35,0.09
1257,North,2021-06-10,24.4,578.86,4.3,0.52
1258,North,2021-06-11,24.73,549.68,2.18,0.24
1259,North,2021-06-12,21.08,537.15,5.42,0.06
1260,North,2021-06-13,19.83,667.33,1.94,0.17
1261,North,2021-06-14,18.65,474.33,4.58,0.15
1262,North,2021-06-15,23.18,707.8,2.85,0.15
1263,North,2021-06-16,19.79,640.37,3.51,0.18
1264,North,2021-06-17,17.52,656.36,4.81,0.38
1265,North,2021-06-18,22.44,527.02,4.83,0.01
1266,North,2021-06-19,26.48,547.01,6.04,0.59
1267,North,2021-06-20,21.31,439.28,3.91,0.21
1268,North,2021-06-21,22.83,506.87,4.49,0.42
1269,North,2021-06-22,21.15,583.23,3.36,0.23
1270,North,2021-06-23,20.61,642.31,4.29,0.09
1271,North,2021-06-24,22.48,444.93,4.67,0.14
1272,North,2021-06-25,19.89,499.12,3.86,0.23
1273,North,2021-06-26,20.83,511.11,1.3,0.65
1274,North,2021-06-27,20.77,406.4,4.5,0.06
1275,North,2021-06-28,18.62,560.21,4.55,2.08
1276,North,2021-06-29,21.77,449.83,2.98,0.52
1277,North,2021-06-30,19.26,486.95,2.07,0.22
1278,North,2021-07-01,17.93,461.26,6.21,0.54
1279,North,2021-07-02,20.34,429.11,4.74,0.1
1280,North,2021-07-03,17.3,486.53,3.66,0.61
1281,North,2021-07-04,18.98,464.69,2.3,0.24
1282,North,2021-07-05,18.73,447.04,2.77,0.01
1283,North,2021-07-06,20.75,413.36,5.96,0.47
1284,North,2021-07-07,19.36,492.06,4.22,0.13
1285,North,2021-07-08,18.19,593.66,3.19,0.12
1286,North,2021-07-09,19.7,467.45,4.79,0.17
1287,North,2021-07-10,20.68,530.85,2.81,0.03
1288,North,2021-07-11,18.84,334.85,6.28,0.13
1289,North,2021-07-12,17.58,453.62,6.07,1.78
1290,North,2021-07-13,14.77,348.15,3.35,0.0
1291,North,2021-07-14,15.09,312.75,3.11,0.06
1292,North,2021-07-15,16.44,366.74,0.13,0.0
1293,North,2021-07-16,15.67,516.25,1.85,0.11
1294,North,2021-07-17,16.35,491.93,2.07,0.26
1295,North,2021-07-18,16.67,430.43,4.29,0.32
1296,North,2021-07-19,17.45,283.45,3.61,0.58
1297,North,2021-07-20,16.09,385.48,2.09,0.19
1298,North,2021-07-21,17.04,420.45,3.7,0.06
1299,North,2021-07-22,16.04,405.53,4.89,0.52
1300,North,2021-07-23,11.8,239.18,4.94,0.3
1301,North,2021-07-24,13.71,310.7,1.31,0.17
1302,North,2021-07-25,15.14,372.07,3.98,1.19
1303,North,2021-07-26,12.85,415.4,2.11,0.52
1304,North,2021-07-27,16.32,192.15,5.56,0.25
1305,North,2021-07-28,18.03,350.26,5.4,0.09
1306,North,2021-07-29,17.25,370.1,2.89,0.25
1307,North,2021-07-30,14.23,422.09,3.1,0.01
1308,North,2021-07-31,17.49,405.06,3.58,0.49
1309,North,2021-08-01,14.66,391.79,0.91,0.1
1310,North,2021-08-02,13.54,276.79,4.81,0.04
1311,North,2021-08-03,12.84,183.79,3.91,0.0
1312,North,2021-08-04,13.32,300.68,5.8,0.03
1313,North,2021-08-05,13.01,408.0,2.71,0.21
1314,North,2021-08-06,13.99,435.14,3.45,0.32
1315,North,2021-08-07,13.83,376.36,2.14,0.89
1316,North,2021-08-08,13.38,349.76,2.92,0.09
1317,North,2021-08-09,14.11,341.74,2.67,0.18
1318,North,2021-08-10,15.48,262.89,5.96,0.55
1319,North,2021-08-11,14.87,293.05,3.44,0.04
1320,North,2021-08-12,9.87,433.11,4.7,0.25
1321,North,2021-08-13,7.61,220.36,3.96,0.28
1322,North,2021-08-14,14.46,421.2,2.65,0.09
1323,North,2021-08-15,9.73,262.56,4.33,1.98
1324,North,2021-08-16,11.9,390.73,5.51,0.34
1325,North,2021-08-17,9.89,168.59,2.82,0.01
1326,North,2021-08-18,8.51,324.51,5.87,0.02
1327,North,2021-08-19,13.08,215.26,3.41,0.01
1328,North,2021-08-20,13.4,157.61,3.98,0.08
1329,North,2021-08-21,10.62,285.02,5.53,0.14
1330,North,2021-08-22,6.49,345.06,3.77,0.15
1331,North,2021-08-23,10.47,193.55,4.85,0.31
1332,North,2021-08-24,12.24,138.13,4.35,0.49
1333,North,2021-08-25,8.4,247.69,5.04,0.09
1334,North,2021-08-26,11.63,245.1,1.3,0.01
1335,North,2021-08-27,11.13,293.09,2.16,0.07
1336,North,2021-08-28,12.23,322.39,5.86,0.15
1337,North,2021-08-29,11.22,238.95,6.52,0.1
1338,North,2021-08-30,8.95,389.5,3.62,0.06
1339,North,2021-08-31,13.2,256.43,4.65,0.03
1340,North,2021-09-01,10.41,208.28,5.49,0.34
1341,North,2021-09-02,10.59,104.66,6.12,1.11
1342,North,2021-09-03,8.7,210.24,2.07,0.08
1343,North,2021-09-04,9.6,202.08,3.81,0.1
1344,North,2021-09-05,8.65,303.64,4.67,0.19
1345,North,2021-09-06,10.0,261.72,6.26,0.25
1346,North,2021-09-07,13.7,128.36,8.98,0.1
1347,North,2021-09-08,7.47,234.56,4.93,0.47
1348,North,2021-09-09,6.93,272.66,3.19,0.16
1349,North,2021-09-10,13.04,339.41,5.94,0.12
1350,North,2021-09-11,9.62,286.49,7.35,0.21
1351,North,2021-09-12,8.65,274.76,5.56,0.61
1352,North,2021-09-13,12.02,217.19,4.07,0.32
1353,North,2021-09-14,8.68,242.02,6.9,0.01
1354,North,2021-09-15,13.5,309.58,6.49,0.08
1355,North,2021-09-16,11.16,101.74,3.99,0.13
1356,North,2021-09-17,8.79,179.24,6.14,0.38
1357,North,2021-09-18,14.04,144.31,7.09,0.24
1358,North,2021-09-19,8.48,235.45,7.4,0.35
1359,North,2021-09-20,11.15,302.63,5.57,0.26
1360,North,2021-09-21,10.24,155.64,5.16,0.91
1361,North,2021-09-22,12.22,11.44,7.57,0.06
1362,North,2021-09-23,12.71,169.05,3.95,0.42
1363,North,2021-09-24,9.64,274.55,6.46,1.46
1364,North,2021-09-25,8.05,244.01,3.78,0.09
1365,North,2021-09-26,10.46,234.88,7.47,0.26
1366,North,2021-09-27,8.18,177.94,5.52,0.02
1367,North,2021-09-28,13.56,97.81,7.84,0.31
1368,North,2021-09-29,9.8,241.25,6.71,0.15
1369,North,2021-09-30,8.79,133.26,4.17,0.07
1370,North,2021-10-01,9.9,374.8,8.18,0.21
1371,North,2021-10-02,6.84,245.87,8.4,0.21
1372,North,2021-10-03,7.6,154.02,7.44,0.05
1373,North,2021-10-04,11.95,151.89,5.0,0.01
1374,North,2021-10-05,8.25,193.79,5.72,0.11
1375,North,2021-10-06,7.49,182.57,6.43,0.84
1376,North,2021-10-07,10.68,291.68,5.19,2.09
1377,North,2021-10-08,12.0,217.93,8.82,0.53
1378,North,2021-10-09,11.09,145.26,6.53,0.15
1379,North,2021-10-10,11.67,355.89,2.3,0.28
1380,North,2021-10-11,8.2,209.55,6.89,0.12
1381,North,2021-10-12,6.9,268.15,5.9,0.27
1382,North,2021-10-13,12.79,159.11,6.34,0.05
1383,North,2021-10-14,9.18,238.03,5.93,0.09
1384,North,2021-10-15,9.36,235.17,7.73,0.2
1385,North,2021-10-16,12.57,60.49,8.23,0.0
1386,North,2021-10-17,11.07,374.35,7.01,0.26
1387,North,2021-10-18,10.93,317.93,6.11,0.36
1388,North,2021-10-19,14.4,184.55,6.59,0.1
1389,North,2021-10-20,8.84,129.86,6.71,0.12
1390,North,2021-10-21,12.04,247.65,5.51,0.38
1391,North,2021-10-22,10.36,228.67,7.62,0.3
1392,North,2021-10-23,10.85,252.16,7.47,0.07
1393,North,2021-10-24,13.44,241.09,9.12,0.08
1394,North,2021-10-25,11.47,268.4,8.73,0.23
1395,North,2021-10-26,11.6,345.9,5.84,0.83
1396,North,2021-10-27,12.75,277.85,8.13,0.04
1397,North,2021-10-28,9.95,150.81,5.51,0.07
1398,North,2021-10-29,9.09,346.24,8.01,0.46
1399,North,2021-10-30,8.76,371.01,6.22,1.17
1400,North,2021-10-31,7.0,494.54,5.49,0.85
1401,North,2021-11-01,15.14,155.18,7.47,0.29
1402,North,2021-11-02,8.91,267.25,3.07,0.57
1403,North,2021-11-03,10.77,84.08,4.49,0.05
1404,North,2021-11-04,10.76,297.81,6.87,0.3
1405,North,2021-11-05,12.02,212.68,7.29,0.0
1406,North,2021-11-06,13.14,413.47,6.64,0.22
1407,North,2021-11-07,13.34,200.75,4.85,0.13
1408,North,2021-11-08,10.55,130.78,6.02,0.09
1409,North,2021-11-09,11.5,231.47,7.86,0.4
1410,North,2021-11-10,12.51,114.47,8.18,0.39
1411,North,2021-11-11,11.56,336.0,7.31,0.0
1412,North,2021-11-12,15.38,114.17,9.09,0.19
1413,North,2021-11-13,13.27,285.18,7.98,0.09
1414,North,2021-11-14,13.88,120.28,6.28,0.11
1415,North,2021-11-15,13.86,264.54,7.01,0.36
1416,North,2021-11-16,15.0,425.35,5.35,0.07
1417,North,2021-11-17,13.14,326.52,7.31,0.57
1418,North,2021-11-18,10.31,232.43,9.17,0.04
1419,North,2021-11-19,13.84,302.91,8.55,0.22
1420,North,2021-11-20,11.87,310.81,9.65,0.22
1421,North,2021-11-21,12.25,351.2,7.11,0.06
1422,North,2021-11-22,14.61,208.11,9.61,0.08
1423,North,2021-11-23,16.05,368.99,7.32,1.8
1424,North,2021-11-24,13.76,109.41,9.84,0.29
1425,North,2021-11-25,14.47,279.6,7.62,0.08
1426,North,2021-11-26,17.4,295.21,8.73,0.15
1427,North,2021-11-27,14.63,389.26,9.9,0.01
1428,North,2021-11-28,19.49,344.79,7.41,0.05
1429,North,2021-11-29,15.57,234.95,8.05,0.13
1430,North,2021-11-30,11.06,273.07,9.67,0.02
1431,North,2021-12-01,16.24,372.27,7.56,0.37
1432,North,2021-12-02,15.65,354.61,5.79,0.25
1433,North,2021-12-03,17.62,319.2,11.0,0.58
1434,North,2021-12-04,16.54,331.7,7.1,0.24
1435,North,2021-12-05,15.08,430.54,8.06,0.56
1436,North,2021-12-06,13.06,338.14,9.57,0.16
1437,North,2021-12-07,15.25,377.25,6.93,0.18
1438,North,2021-12-08,14.13,562.68,6.35,0.75
1439,North,2021-12-09,14.83,280.0,8.25,0.21
1440,North,2021-12-10,17.33,250.6,5.19,0.01
1441,North,2021-12-11,19.65,466.31,7.46,0.26
1442,North,2021-12-12,17.26,354.23,8.27,0.47
1443,North,2021-12-13,14.25,388.0,7.51,0.32
1444,North,2021-12-14,17.69,355.92,5.61,0.18
1445,North,2021-12-15,19.36,402.61,10.32,1.11
1446,North,2021-12-16,15.92,556.28,8.1,0.92
1447,North,2021-12-17,17.04,497.59,10.1,0.02
1448,North,2021-12-18,17.5,507.45,7.57,1.1
1449,North,2021-12-19,16.07,330.23,6.64,0.07
1450,North,2021-12-20,19.11,356.52,8.37,0.2
1451,North,2021-12-21,17.74,226.58,7.65,0.19
1452,North,2021-12-22,18.99,394.07,6.21,0.03
1453,North,2021-12-23,16.55,540.47,10.19,0.05
1454,North,2021-12-24,17.62,510.43,7.06,0.97
1455,North,2021-12-25,20.11,456.49,5.23,0.03
1456,North,2021-12-26,18.09,477.58,9.99,0.06
1457,North,2021-12-27,22.46,429.4,7.24,0.36
1458,North,2021-12-28,18.38,506.05,7.09,0.08
1459,North,2021-12-29,19.8,556.11,5.35,0.13
1460,North,2021-12-30,21.39,370.73,10.61,0.57
1461,North,2021-12-31,16.86,529.14,6.07,0.05
1462,North,2022-01-01,16.35,584.92,8.09,0.1
1463,North,2022-01-02,16.99,482.28,9.37,0.19
1464,North,2022-01-03,22.74,576.7,8.63,1.41
1465,North,2022-01-04,19.28,750.96,7.9,0.46
1466,North,2022-01-05,25.67,522.58,5.44,2.47
1467,North,2022-01-06,19.6,567.53,6.77,0.3
1468,North,2022-01-07,21.27,482.14,8.26,0.05
1469,North,2022-01-08,24.15,560.79,6.8,0.01
1470,North,2022-01-09,25.25,588.21,8.28,0.48
1471,North,2022-01-10,25.53,572.06,8.99,0.03
1472,North,2022-01-11,23.99,479.96,9.4,0.25
1473,North,2022-01-12,23.79,583.09,6.11,0.22
1474,North,2022-01-13,23.1,688.58,11.24,0.01
1475,North,2022-01-14,23.63,612.5,9.08,0.36
1476,North,2022-01-15,21.14,658.55,7.92,0.06
1477,North,2022-01-16,20.77,567.58,9.55,0.11
1478,North,2022-01-17,22.57,651.47,11.45,0.22
1479,North,2022-01-18,22.4,618.72,5.74,0.11
1480,North,2022-01-19,21.99,525.18,7.54,0.12
1481,North,2022-01-20,24.45,631.58,4.3,0.01
1482,North,2022-01-21,25.13,531.58,8.15,0.1
1483,North,2022-01-22,23.56,565.07,8.39,0.29
1484,North,2022-01-23,26.49,635.59,7.77,0.49
1485,North,2022-01-24,21.41,648.94,6.84,0.53
1486,North,2022-01-25,23.46,534.69,4.73,0.11
1487,North,2022-01-26,22.57,718.79,8.35,0.24
1488,North,2022-01-27,20.43,684.83,9.96,0.57
1489,North,2022-01-28,24.15,587.24,6.87,0.06
1490,North,2022-01-29,24.22,525.13,8.4,0.12
1491,North,2022-01-30,27.64,641.01,5.37,1.59
1492,North,2022-01-31,26.02,621.35,8.39,0.19
1493,North,2022-02-01,22.86,670.45,7.1,0.02
1494,North,2022-02-02,28.76,636.68,6.52,0.2
1495,North,2022-02-03,27.63,509.41,6.51,0.04
1496,North,2022-02-04,26.5,643.17,7.04,0.14
1497,North,2022-02-05,25.02,653.97,8.18,0.15
1498,North,2022-02-06,23.69,733.24,5.62,0.42
1499,North,2022-02-07,25.0,630.76,6.97,0.12
1500,North,2022-02-08,28.06,824.92,7.48,0.07
1501,North,2022-02-09,29.78,541.66,5.87,0.05
1502,North,2022-02-10,29.23,803.38,10.19,0.41
1503,North,2022-02-11,25.29,684.39,6.2,0.04
1504,North,2022-02-12,24.16,774.88,6.45,0.11
1505,North,2022-02-13,26.8,716.22,5.96,0.21
1506,North,2022-02-14,23.1,804.66,10.1,0.3
1507,North,2022-02-15,27.41,686.1,8.21,0.13
1508,North,2022-02-16,26.58,632.74,5.95,0.09
1509,North,2022-02-17,26.06,837.73,8.99,0.09
1510,North,2022-02-18,23.92,718.41,7.6,0.38
1511,North,2022-02-19,28.25,748.55,7.66,0.16
1512,North,2022-02-20,26.26,832.87,6.73,0.25
1513,North,2022-02-21,25.09,654.73,6.1,0.45
1514,North,2022-02-22,21.79,788.05,7.7,0.46
1515,North,2022-02-23,27.58,696.27,6.35,0.4
1516,North,2022-02-24,31.28,735.87,9.87,0.61
1517,North,2022-02-25,31.16,755.13,5.21,0.01
1518,North,2022-02-26,27.02,632.17,9.39,0.09
1519,North,2022-02-27,26.82,692.64,6.89,0.45
1520,North,2022-02-28,29.05,865.72,7.47,0.06
1521,North,2022-03-01,26.2,831.13,8.24,0.06
1522,North,2022-03-02,28.89,757.76,6.02,0.07
1523,North,2022-03-03,29.9,784.67,8.23,0.19
1524,North,2022-03-04,30.9,744.06,2.84,0.12
1525,North,2022-03-05,28.32,878.42,5.79,0.26
1526,North,2022-03-06,28.19,756.08,5.46,0.45
1527,North,2022-03-07,26.91,792.79,4.93,0.22
1528,North,2022-03-08,27.08,867.97,6.46,0.05
1529,North,2022-03-09,28.35,716.07,7.33,0.54
1530,North,2022-03-10,29.6,904.85,7.77,0.06
1531,North,2022-03-11,30.75,659.52,7.04,0.16
1532,North,2022-03-12,27.37,914.05,5.65,0.09
1533,North,2022-03-13,32.02,755.5,7.17,0.17
1534,North,2022-03-14,28.54,767.45,6.77,0.02
1535,North,2022-03-15,29.09,637.14,7.96,0.03
1536,North,2022-03-16,27.69,753.34,7.68,0.07
1537,North,2022-03-17,24.38,707.83,6.53,0.07
1538,North,2022-03-18,31.03,743.62,5.11,0.19
1539,North,2022-03-19,30.78,782.37,5.44,0.34
1540,North,2022-03-20,28.77,871.02,5.56,0.29
1541,North,2022-03-21,29.5,811.95,5.88,0.06
1542,North,2022-03-22,30.43,820.82,6.72,0.06
1543,North,2022-03-23,26.3,709.34,7.36,0.68
1544,North,2022-03-24,28.39,727.21,6.17,0.0
1545,North,2022-03-25,31.05,942.16,6.24,0.42
1546,North,2022-03-26,26.97,739.96,6.4,0.04
1547,North,2022-03-27,30.08,931.69,5.37,0.59
1548,North,2022-03-28,26.8,780.09,4.72,0.08
1549,North,2022-03-29,30.45,799.96,3.44,0.12
1550,North,2022-03-30,29.45,885.56,5.0,0.25
1551,North,2022-03-31,26.29,901.75,6.72,0.18
1552,North,2022-04-01,31.85,791.11,4.92,0.08
1553,North,2022-04-02,28.05,768.8,5.58,0.16
1554,North,2022-04-03,27.89,795.19,6.61,0.26
1555,North,2022-04-04,29.9,826.41,6.65,0.01
1556,North,2022-04-05,31.79,870.3,4.22,0.0
1557,North,2022-04-06,27.44,798.87,7.3,0.61
1558,North,2022-04-07,29.58,847.49,7.46,0.03
1559,North,2022-04-08,30.29,928.4,4.04,0.22
1560,North,2022-04-09,30.8,827.11,4.46,0.24
1561,North,2022-04-10,29.74,820.72,7.45,0.11
1562,North,2022-04-11,28.62,673.37,5.41,0.04
1563,North,2022-04-12,27.67,583.43,2.27,0.16
1564,North,2022-04-13,29.46,823.87,3.47,0.02
1565,North,2022-04-14,27.1,784.05,5.16,0.0
1566,North,2022-04-15,23.36,749.2,3.75,0.01
1567,North,2022-04-16,30.03,808.52,4.84,0.62
1568,North,2022-04-17,30.92,782.78,5.48,0.03
1569,North,2022-04-18,24.34,876.33,7.59,0.25
1570,North,2022-04-19,26.99,791.4,4.93,0.01
1571,North,2022-04-20,30.19,723.07,6.94,0.02
1572,North,2022-04-21,33.01,860.28,7.44,0.14
1573,North,2022-04-22,28.87,761.85,7.42,0.13
1574,North,2022-04-23,27.31,819.41,5.66,0.61
1575,North,2022-04-24,28.33,737.08,2.26,0.58
1576,North,2022-04-25,31.38,721.2,5.86,0.3
1577,North,2022-04-26,27.27,777.74,6.71,0.18
1578,North,2022-04-27,26.88,769.78,4.99,0.12
1579,North,2022-04-28,27.44,804.8,7.7,0.44
1580,North,2022-04-29,26.42,742.51,6.34,0.59
1581,North,2022-04-30,28.49,614.6,5.87,0.18
1582,North,2022-05-01,31.4,724.32,6.62,0.17
1583,North,2022-05-02,28.71,819.8,5.46,0.05
1584,North,2022-05-03,27.47,729.78,1.19,0.01
1585,North,2022-05-04,27.3,731.07,4.15,0.58
1586,North,2022-05-05,24.66,826.82,6.67,0.08
1587,North,2022-05-06,29.46,688.0,3.63,0.12
1588,North,2022-05-07,27.43,618.52,4.48,0.02
1589,North,2022-05-08,27.12,726.0,3.22,0.36
1590,North,2022-05-09,33.77,696.96,7.44,0.01
1591,North,2022-05-10,27.87,655.17,7.26,1.8
1592,North,2022-05-11,25.66,715.14,3.38,0.03
1593,North,2022-05-12,26.2,765.12,4.9,0.44
1594,North,2022-05-13,29.23,721.62,3.64,0.26
1595,North,2022-05-14,27.05,743.43,5.55,0.04
1596,North,2022-05-15,23.82,860.38,5.37,0.17
1597,North,2022-05-16,28.42,684.24,5.8,0.07
1598,North,2022-05-17,25.12,730.25,5.06,0.04
1599,North,2022-05-18,30.08,663.49,8.94,0.39
1600,North,2022-05-19,28.36,632.71,2.97,0.1
1601,North,2022-05-20,25.18,649.75,1.92,0.1
1602,North,2022-05-21,28.51,654.32,3.88,0.04
1603,North,2022-05-22,25.95,717.39,2.09,0.1
1604,North,2022-05-23,27.38,872.51,2.18,0.41
1605,North,2022-05-24,26.51,623.2,2.9,0.09
1606,North,2022-05-25,23.71,643.01,3.0,0.61
1607,North,2022-05-26,23.97,667.08,2.93,0.58
1608,North,2022-05-27,27.18,699.54,5.12,0.03
1609,North,2022-05-28,24.31,684.66,3.56,0.04
1610,North,2022-05-29,24.02,761.95,4.04,0.4
1611,North,2022-05-30,22.77,460.71,5.63,0.5
1612,North,2022-05-31,25.38,459.42,3.12,0.0
1613,North,2022-06-01,28.51,606.21,3.86,0.06
1614,North,2022-06-02,22.1,729.13,4.78,0.18
1615,North,2022-06-03,24.13,511.52,1.31,0.32
1616,North,2022-06-04,26.75,391.55,0.63,0.03
1617,North,2022-06-05,23.61,673.19,4.71,0.02
1618,North,2022-06-06,24.52,642.3,4.91,0.51
1619,North,2022-06-07,21.34,530.86,7.26,0.28
1620,North,2022-06-08,24.16,534.47,4.39,0.18
1621,North,2022-06-09,22.77,530.93,5.37,0.29
1622,North,2022-06-10,24.95,612.53,3.83,0.11
1623,North,2022-06-11,25.19,548.72,4.56,0.28
1624,North,2022-06-12,27.83,633.46,6.6,0.09
1625,North,2022-06-13,23.65,360.64,0.9,0.28
1626,North,2022-06-14,22.98,515.52,4.7,0.26
1627,North,2022-06-15,22.55,489.02,7.27,0.11
1628,North,2022-06-16,21.29,553.6,4.49,0.8
1629,North,2022-06-17,22.5,526.05,6.53,0.09
1630,North,2022-06-18,21.07,627.88,3.1,2.55
1631,North,2022-06-19,21.83,410.25,3.99,2.7
1632,North,2022-06-20,23.96,557.57,4.08,0.06
1633,North,2022-06-21,19.14,593.51,0.7,0.32
1634,North,2022-06-22,23.26,692.27,2.27,0.11
1635,North,2022-06-23,23.45,500.08,2.37,0.5
1636,North,2022-06-24,20.4,559.45,5.25,0.6
1637,North,2022-06-25,16.23,384.05,5.32,0.27
1638,North,2022-06-26,19.08,331.86,4.49,0.13
1639,North,2022-06-27,22.72,585.65,5.24,0.05
1640,North,2022-06-28,19.91,512.46,3.76,0.04
1641,North,2022-06-29,17.78,602.03,5.8,0.11
1642,North,2022-06-30,18.6,392.71,4.01,0.28
1643,North,2022-07-01,21.12,539.01,4.09,0.19
1644,North,2022-07-02,20.36,641.76,3.6,0.23
1645,North,2022-07-03,18.62,520.67,5.03,0.07
1646,North,2022-07-04,18.19,504.06,3.37,0.66
1647,North,2022-07-05,17.97,477.47,5.47,0.01
1648,North,2022-07-06,16.73,345.97,2.31,0.34
1649,North,2022-07-07,21.64,574.95,2.36,0.92
1650,North,2022-07-08,17.59,412.51,5.05,0.52
1651,North,2022-07-09,20.5,496.62,3.89,0.0
1652,North,2022-07-10,20.94,326.12,3.35,0.04
1653,North,2022-07-11,19.72,351.71,5.37,0.21
1654,North,2022-07-12,16.69,555.81,3.13,0.19
1655,North,2022-07-13,18.2,408.16,3.75,0.31
1656,North,2022-07-14,17.17,547.17,6.15,0.06
1657,North,2022-07-15,15.25,419.63,6.37,0.29
1658,North,2022-07-16,17.54,273.55,6.43,0.23
1659,North,2022-07-17,14.36,487.3,3.66,0.08
1660,North,2022-07-18,18.93,363.79,5.94,0.79
1661,North,2022-07-19,15.46,461.96,2.68,0.03
1662,North,2022-07-20,16.63,403.19,2.75,0.12
1663,North,2022-07-21,16.63,272.87,0.6,0.43
1664,North,2022-07-22,15.39,404.63,6.64,0.11
1665,North,2022-07-23,16.92,562.39,2.85,0.37
1666,North,2022-07-24,14.64,421.36,3.97,0.18
1667,North,2022-07-25,17.17,372.59,2.81,0.21
1668,North,2022-07-26,12.58,458.53,5.23,0.17
1669,North,2022-07-27,15.37,384.7,3.64,0.14
1670,North,2022-07-28,18.84,379.99,2.26,0.1
1671,North,2022-07-29,12.81,271.32,4.9,0.03
1672,North,2022-07-30,13.31,372.83,2.1,0.11
1673,North,2022-07-31,15.54,432.46,3.01,0.02
1674,North,2022-08-01,14.72,278.3,1.13,0.02
1675,North,2022-08-02,14.92,454.74,2.17,0.11
1676,North,2022-08-03,15.05,329.09,4.59,0.07
1677,North,2022-08-04,15.2,261.1,1.4,0.52
1678,North,2022-08-05,16.01,407.68,2.14,0.09
1679,North,2022-08-06,14.47,300.72,4.38,0.28
1680,North,2022-08-07,13.03,380.27,3.59,0.15
1681,North,2022-08-08,14.72,292.07,7.41,0.24
1682,North,2022-08-09,17.04,306.59,7.2,0.3
1683,North,2022-08-10,12.84,346.87,3.16,0.57
1684,North,2022-08-11,11.02,326.72,5.32,0.15
1685,North,2022-08-12,15.06,139.94,5.64,0.36
1686,North,2022-08-13,12.48,206.07,3.64,0.09
1687,North,2022-08-14,8.25,366.37,2.32,0.02
1688,North,2022-08-15,14.16,277.75,4.56,0.22
1689,North,2022-08-16,11.28,242.8,4.35,0.0
1690,North,2022-08-17,12.05,172.45,3.98,0.64
1691,North,2022-08-18,12.78,191.25,5.32,0.04
1692,North,2022-08-19,12.38,112.46,3.56,0.2
1693,North,2022-08-20,13.3,262.73,2.98,0.78
1694,North,2022-08-21,10.9,219.66,4.9,0.62
1695,North,2022-08-22,12.69,186.98,5.34,0.34
1696,North,2022-08-23,11.04,255.7,3.02,0.14
1697,North,2022-08-24,12.94,287.17,6.21,0.14
1698,North,2022-08-25,12.59,422.49,2.19,0.53
1699,North,2022-08-26,9.39,131.14,4.01,0.44
1700,North,2022-08-27,13.34,341.97,4.52,0.31
1701,North,2022-08-28,10.0,324.27,3.98,0.07
1702,North,2022-08-29,12.6,181.38,4.11,0.16
1703,North,2022-08-30,11.63,257.32,7.8,0.05
1704,North,2022-08-31,14.48,201.88,3.74,0.59
1705,North,2022-09-01,10.28,250.85,8.71,0.66
1706,North,2022-09-02,9.94,354.31,5.74,0.36
1707,North,2022-09-03,10.53,279.7,5.25,0.45
1708,North,2022-09-04,9.88,269.68,5.86,0.11
1709,North,2022-09-05,12.02,192.39,8.97,0.0
1710,North,2022-09-06,7.12,106.0,3.71,0.4
1711,North,2022-09-07,8.17,206.04,3.56,0.04
1712,North,2022-09-08,8.08,317.31,4.14,0.19
1713,North,2022-09-09,12.06,96.76,5.35,0.01
1714,North,2022-09-10,13.52,132.76,2.74,0.1
1715,North,2022-09-11,9.83,225.59,5.4,0.85
1716,North,2022-09-12,9.65,135.12,7.94,0.02
1717,North,2022-09-13,10.08,148.98,5.66,0.11
1718,North,2022-09-14,12.21,177.07,5.03,0.07
1719,North,2022-09-15,7.99,100.37,4.57,0.47
1720,North,2022-09-16,10.28,130.43,6.88,0.41
1721,North,2022-09-17,11.71,263.47,4.33,0.27
1722,North,2022-09-18,10.73,101.53,8.37,0.02
1723,North,2022-09-19,10.07,77.29,8.53,0.2
1724,North,2022-09-20,11.67,153.81,6.05,0.08
1725,North,2022-09-21,4.23,261.95,5.68,0.22
1726,North,2022-09-22,10.97,186.91,7.28,0.01
1727,North,2022-09-23,8.28,164.86,7.41,0.03
1728,North,2022-09-24,5.91,205.02,4.59,0.23
1729,North,2022-09-25,10.58,61.35,5.05,0.05
1730,North,2022-09-26,12.29,240.2,3.89,0.39
1731,North,2022-09-27,9.26,231.01,6.52,0.06
1732,North,2022-09-28,11.43,167.39,6.94,0.24
1733,North,2022-09-29,12.75,280.5,3.95,6.54
1734,North,2022-09-30,12.15,109.8,5.33,0.11
1735,North,2022-10-01,12.81,290.3,4.02,0.24
1736,North,2022-10-02,11.02,212.58,4.73,0.04
1737,North,2022-10-03,9.69,173.55,6.94,0.19
1738,North,2022-10-04,6.35,199.21,5.05,0.26
1739,North,2022-10-05,9.07,192.64,5.73,0.08
1740,North,2022-10-06,7.9,299.36,3.77,0.35
1741,North,2022-10-07,13.94,116.2,6.53,0.18
1742,North,2022-10-08,9.27,142.02,6.22,0.1
1743,North,2022-10-09,9.9,286.7,5.22,0.16
1744,North,2022-10-10,10.78,157.02,6.07,0.86
1745,North,2022-10-11,9.8,277.65,6.66,0.04
1746,North,2022-10-12,13.14,342.6,5.2,0.1
1747,North,2022-10-13,8.54,175.63,4.24,0.42
1748,North,2022-10-14,10.21,263.49,9.19,0.1
1749,North,2022-10-15,8.38,117.98,5.57,0.29
1750,North,2022-10-16,7.27,272.04,6.41,0.66
1751,North,2022-10-17,8.74,229.08,8.1,0.56
1752,North,2022-10-18,9.94,252.53,11.91,0.07
1753,North,2022-10-19,9.21,164.68,4.78,0.54
1754,North,2022-10-20,8.74,85.16,7.36,0.31
1755,North,2022-10-21,7.37,260.11,5.65,0.16
1756,North,2022-10-22,10.08,56.67,5.94,0.16
1757,North,2022-10-23,7.3,198.32,5.7,0.01
1758,North,2022-10-24,11.9,301.06,5.12,0.1
1759,North,2022-10-25,10.62,243.25,6.78,0.06
1760,North,2022-10-26,7.61,385.98,4.66,1.46
1761,North,2022-10-27,9.99,314.41,8.32,0.07
1762,North,2022-10-28,9.18,182.47,7.02,0.43
1763,North,2022-10-29,11.4,239.42,7.6,0.23
1764,North,2022-10-30,13.53,235.97,6.3,0.08
1765,North,2022-10-31,7.19,115.8,6.47,0.16
1766,North,2022-11-01,11.26,169.82,7.49,0.37
1767,North,2022-11-02,10.8,202.95,5.34,0.43
1768,North,2022-11-03,12.56,87.75,6.58,0.03
1769,North,2022-11-04,11.74,257.36,5.85,0.08
1770,North,2022-11-05,9.9,236.61,5.83,0.08
1771,North,2022-11-06,10.87,125.76,4.03,0.01
1772,North,2022-11-07,10.02,295.05,9.23,0.18
1773,North,2022-11-08,13.87,323.18,6.22,0.39
1774,North,2022-11-09,11.87,287.34,9.02,0.1
1775,North,2022-11-10,15.74,246.58,8.91,0.27
1776,North,2022-11-11,11.93,323.22,5.4,0.2
1777,North,2022-11-12,10.75,333.79,5.72,0.09
1778,North,2022-11-13,9.26,307.5,11.22,0.03
1779,North,2022-11-14,8.8,220.53,10.03,0.25
1780,North,2022-11-15,9.36,312.29,7.38,0.39
1781,North,2022-11-16,13.19,389.52,7.84,0.23
1782,North,2022-11-17,13.8,249.94,6.53,0.0
1783,North,2022-11-18,9.75,469.34,8.15,0.05
1784,North,2022-11-19,14.83,263.36,6.45,0.01
1785,North,2022-11-20,12.2,311.96,4.5,0.17
1786,North,2022-11-21,13.6,259.59,5.58,0.28
1787,North,2022-11-22,16.66,335.32,7.62,0.02
1788,North,2022-11-23,15.37,182.2,5.91,0.36
1789,North,2022-11-24,13.18,282.08,7.53,0.16
1790,North,2022-11-25,12.07,242.62,6.04,0.23
1791,North,2022-11-26,9.7,345.1,6.49,0.71
1792,North,2022-11-27,12.71,418.15,8.97,0.09
1793,North,2022-11-28,13.87,394.66,8.08,0.46
1794,North,2022-11-29,12.46,157.67,7.71,0.03
1795,North,2022-11-30,14.32,515.23,9.06,0.1
1796,North,2022-12-01,14.89,380.0,8.48,0.38
1797,North,2022-12-02,14.44,298.81,9.94,0.47
1798,North,2022-12-03,13.74,378.1,7.1,0.14
1799,North,2022-12-04,15.53,384.26,7.16,0.18
1800,North,2022-12-05,16.24,321.49,5.87,0.25
1801,North,2022-12-06,13.33,395.39,7.19,0.36
1802,North,2022-12-07,18.49,335.7,9.29,0.03
1803,North,2022-12-08,15.63,356.73,9.81,0.33
1804,North,2022-12-09,16.02,338.99,9.31,0.13
1805,North,2022-12-10,17.57,284.13,5.19,0.12
1806,North,2022-12-11,16.78,415.29,9.52,0.11
1807,North,2022-12-12,18.38,455.35,5.15,0.14
1808,North,2022-12-13,17.21,454.65,9.26,0.58
1809,North,2022-12-14,15.58,484.01,7.37,0.16
1810,North,2022-12-15,17.69,449.34,8.99,0.61
1811,North,2022-12-16,14.85,385.78,5.94,0.04
1812,North,2022-12-17,17.52,500.6,9.71,0.26
1813,North,2022-12-18,17.41,329.87,5.76,0.33
1814,North,2022-12-19,17.23,371.48,6.96,0.23
1815,North,2022-12-20,17.55,371.48,6.47,0.19
1816,North,2022-12-21,14.22,540.11,5.34,0.17
1817,North,2022-12-22,17.05,534.24,8.12,0.39
1818,North,2022-12-23,18.51,502.92,10.69,0.34
1819,North,2022-12-24,18.81,554.82,11.99,0.03
1820,North,2022-12-25,16.61,403.87,8.14,0.38
1821,North,2022-12-26,21.37,507.25,9.67,0.53
1822,North,2022-12-27,17.28,474.5,8.35,0.06
1823,North,2022-12-28,21.12,557.42,8.75,2.04
1824,North,2022-12-29,20.21,485.62,7.49,0.11
1825,North,2022-12-30,18.23,469.2,8.29,0.33
1826,North,2022-12-31,23.25,548.44,8.81,0.06
1827,North,2023-01-01,17.48,580.42,7.13,0.0
1828,North,2023-01-02,21.88,462.02,7.88,0.14
1829,North,2023-01-03,22.21,515.75,7.91,0.02
1830,North,2023-01-04,19.04,441.11,9.23,0.28
1831,North,2023-01-05,23.34,331.09,6.39,0.06
1832,North,2023-01-06,20.23,552.1,7.91,0.12
1833,North,2023-01-07,21.47,589.9,10.85,0.02
1834,North,2023-01-08,21.59,567.26,9.72,0.34
1835,North,2023-01-09,20.97,395.42,9.99,0.3
1836,North,2023-01-10,23.03,528.4,8.0,0.03
1837,North,2023-01-11,23.16,384.06,8.44,0.21
1838,North,2023-01-12,18.25,676.15,9.45,0.5
1839,North,2023-01-13,24.52,484.72,10.28,0.23
1840,North,2023-01-14,18.75,677.04,5.01,0.33
1841,North,2023-01-15,24.31,657.26,5.95,0.12
1842,North,2023-01-16,24.66,514.5,9.88,0.06
1843,North,2023-01-17,20.39,500.85,7.49,0.45
1844,North,2023-01-18,21.92,624.41,6.89,0.25
1845,North,2023-01-19,20.69,533.71,6.0,0.2
1846,North,2023-01-20,22.63,614.3,7.04,0.22
1847,North,2023-01-21,22.61,572.29,5.75,0.11
1848,North,2023-01-22,24.94,473.21,10.98,0.01
1849,North,2023-01-23,26.16,442.01,7.8,0.31
1850,North,2023-01-24,26.49,643.29,7.73,0.23
1851,North,2023-01-25,22.73,584.91,8.69,0.13
1852,North,2023-01-26,23.59,590.22,9.23,0.46
1853,North,2023-01-27,20.79,694.73,9.19,0.08
1854,North,2023-01-28,22.7,737.5,9.37,0.07
1855,North,2023-01-29,26.39,626.33,6.79,0.41
1856,North,2023-01-30,27.84,625.35,7.28,0.32
1857,North,2023-01-31,22.29,697.04,8.86,0.14
1858,North,2023-02-01,23.72,552.85,6.89,0.03
1859,North,2023-02-02,25.0,683.58,7.66,0.05
1860,North,2023-02-03,25.75,714.16,8.25,0.21
1861,North,2023-02-04,23.71,728.66,8.81,0.1
1862,North,2023-02-05,26.32,523.48,4.94,0.36
1863,North,2023-02-06,24.66,621.63,8.66,2.99
1864,North,2023-02-07,25.72,616.35,7.22,0.33
1865,North,2023-02-08,26.97,698.62,8.61,0.47
1866,North,2023-02-09,26.02,733.05,8.69,0.31
1867,North,2023-02-10,25.27,818.23,9.91,0.43
1868,North,2023-02-11,26.05,662.74,9.51,0.04
1869,North,2023-02-12,26.22,666.31,9.47,0.01
1870,North,2023-02-13,25.78,801.81,9.59,0.1
1871,North,2023-02-14,26.12,737.22,7.84,0.47
1872,North,2023-02-15,29.96,818.51,7.43,0.05
1873,North,2023-02-16,28.0,743.72,8.66,0.05
1874,North,2023-02-17,26.4,631.52,8.43,0.7
1875,North,2023-02-18,28.5,620.84,6.84,0.03
1876,North,2023-02-19,26.55,606.7,7.88,0.31
1877,North,2023-02-20,29.67,787.05,7.2,0.08
1878,North,2023-02-21,28.17,832.37,5.94,0.01
1879,North,2023-02-22,27.32,888.36,9.13,0.5
1880,North,2023-02-23,28.53,810.91,7.25,0.03
1881,North,2023-02-24,24.6,839.47,10.21,0.16
1882,North,2023-02-25,25.58,702.95,4.67,0.32
1883,North,2023-02-26,25.54,659.67,6.25,0.01
1884,North,2023-02-27,28.31,822.95,7.1,0.05
1885,North,2023-02-28,31.58,791.04,8.73,0.02
1886,North,2023-03-01,32.66,768.83,7.59,0.01
1887,North,2023-03-02,29.56,793.76,7.43,0.29
1888,North,2023-03-03,29.37,791.08,5.24,0.13
1889,North,2023-03-04,24.84,870.3,5.17,0.08
1890,North,2023-03-05,27.44,873.49,7.36,0.11
1891,North,2023-03-06,27.02,815.64,4.8,0.53
1892,North,2023-03-07,27.42,841.9,6.01,0.48
1893,North,2023-03-08,28.4,817.42,7.53,0.25
1894,North,2023-03-09,27.86,741.37,5.27,0.43
1895,North,2023-03-10,24.9,840.68,9.12,0.39
1896,North,2023-03-11,30.42,670.4,8.52,0.1
1897,North,2023-03-12,26.83,867.99,4.29,0.19
1898,North,2023-03-13,29.51,689.76,5.22,0.98
1899,North,2023-03-14,33.23,809.73,3.16,0.66
1900,North,2023-03-15,27.3,720.73,5.38,0.1
1901,North,2023-03-16,24.12,833.99,7.67,0.86
1902,North,2023-03-17,28.65,788.31,5.86,0.34
1903,North,2023-03-18,31.47,664.65,7.14,0.11
1904,North,2023-03-19,33.22,827.01,4.14,0.26
1905,North,2023-03-20,26.88,748.16,7.58,0.06
1906,North,2023-03-21,30.36,865.83,5.52,0.02
1907,North,2023-03-22,28.47,796.31,6.34,0.09
1908,North,2023-03-23,29.21,828.61,6.14,0.1
1909,North,2023-03-24,34.73,721.06,4.34,0.0
1910,North,2023-03-25,26.46,751.12,4.49,0.34
1911,North,2023-03-26,29.99,762.08,7.63,0.09
1912,North,2023-03-27,30.43,867.73,6.74,0.17
1913,North,2023-03-28,31.68,933.72,7.69,0.08
1914,North,2023-03-29,29.71,735.36,6.56,0.19
1915,North,2023-03-30,30.14,886.08,6.26,0.44
1916,North,2023-03-31,28.74,626.42,3.42,0.19
1917,North,2023-04-01,30.06,704.44,5.57,0.6
1918,North,2023-04-02,28.83,723.16,5.9,1.34
1919,North,2023-04-03,30.76,691.46,8.84,0.09
1920,North,2023-04-04,28.76,672.69,6.9,0.35
1921,North,2023-04-05,30.24,832.04,8.14,0.39
1922,North,2023-04-06,29.42,781.41,6.7,1.32
1923,North,2023-04-07,31.71,828.33,4.7,0.2
1924,North,2023-04-08,29.33,852.57,5.91,0.32
1925,North,2023-04-09,25.86,817.85,6.05,0.3
1926,North,2023-04-10,31.91,848.41,4.26,0.09
1927,North,2023-04-11,27.54,789.32,5.06,0.17
1928,North,2023-04-12,28.01,698.92,5.29,0.36
1929,North,2023-04-13,28.09,877.43,7.97,0.23
1930,North,2023-04-14,31.99,744.51,2.41,0.0
1931,North,2023-04-15,24.93,715.53,7.31,0.41
1932,North,2023-04-16,35.43,774.81,4.06,0.16
1933,North,2023-04-17,31.22,714.59,3.37,0.27
1934,North,2023-04-18,29.51,752.71,7.17,0.47
1935,North,2023-04-19,28.9,812.03,6.46,0.01
1936,North,2023-04-20,29.52,810.7,7.21,0.05
1937,North,2023-04-21,29.94,709.24,6.5,0.07
1938,North,2023-04-22,30.12,740.2,8.36,0.19
1939,North,2023-04-23,29.88,863.23,6.07,0.15
1940,North,2023-04-24,28.88,814.99,4.97,0.05
1941,North,2023-04-25,28.24,939.19,5.69,0.04
1942,North,2023-04-26,28.26,865.42,7.01,0.05
1943,North,2023-04-27,28.09,860.3,3.94,0.14
1944,North,2023-04-28,30.67,655.39,4.1,0.06
1945,North,2023-04-29,29.51,825.11,4.59,0.59
1946,North,2023-04-30,22.36,757.26,1.86,0.12
1947,North,2023-05-01,29.47,714.86,5.2,0.01
1948,North,2023-05-02,28.46,769.74,2.13,0.26
1949,North,2023-05-03,27.94,829.19,5.01,0.4
1950,North,2023-05-04,27.11,790.84,6.2,1.06
1951,North,2023-05-05,30.04,677.63,4.16,0.07
1952,North,2023-05-06,29.58,804.36,7.36,0.17
1953,North,2023-05-07,26.04,690.94,2.63,0.3
1954,North,2023-05-08,28.3,756.19,6.58,2.63
1955,North,2023-05-09,25.44,711.43,5.78,0.06
1956,North,2023-05-10,24.51,714.96,2.16,0.08
1957,North,2023-05-11,25.91,790.47,8.78,0.12
1958,North,2023-05-12,28.78,642.58,4.59,0.52
1959,North,2023-05-13,28.84,877.98,3.34,0.46
1960,North,2023-05-14,27.85,573.18,2.52,0.02
1961,North,2023-05-15,28.15,667.49,4.28,0.03
1962,North,2023-05-16,27.61,741.29,4.39,0.14
1963,North,2023-05-17,25.17,754.73,4.71,0.11
1964,North,2023-05-18,27.2,696.19,4.09,0.08
1965,North,2023-05-19,27.81,695.83,5.46,0.03
1966,North,2023-05-20,27.58,729.39,3.91,0.2
1967,North,2023-05-21,28.32,674.13,1.56,0.6
1968,North,2023-05-22,27.23,800.08,4.22,1.14
1969,North,2023-05-23,26.38,751.73,0.87,0.09
1970,North,2023-05-24,27.68,750.31,4.93,0.18
1971,North,2023-05-25,25.35,599.04,2.91,1.94
1972,North,2023-05-26,23.5,665.78,4.61,0.02
1973,North,2023-05-27,24.79,643.84,6.31,0.23
1974,North,2023-05-28,23.49,583.12,2.9,0.11
1975,North,2023-05-29,23.48,688.03,5.9,0.05
1976,North,2023-05-30,24.4,611.81,3.64,0.1
1977,North,2023-05-31,22.95,702.8,6.9,0.02
1978,North,2023-06-01,23.77,560.27,3.7,0.24
1979,North,2023-06-02,20.45,778.87,2.98,0.06
1980,North,2023-06-03,24.51,565.07,5.25,0.07
1981,North,2023-06-04,23.93,649.7,3.55,0.03
1982,North,2023-06-05,22.14,690.85,2.93,0.4
1983,North,2023-06-06,24.94,577.16,3.46,0.14
1984,North,2023-06-07,25.34,686.27,4.09,0.17
1985,North,2023-06-08,20.09,514.98,6.16,0.17
1986,North,2023-06-09,21.62,724.68,1.23,0.11
1987,North,2023-06-10,21.44,604.82,4.16,0.04
1988,North,2023-06-11,20.94,551.11,5.05,0.27
1989,North,2023-06-12,24.31,570.0,4.39,0.03
1990,North,2023-06-13,22.1,653.73,6.05,0.11
1991,North,2023-06-14,21.8,537.31,3.97,0.25
1992,North,2023-06-15,18.15,519.15,3.79,0.05
1993,North,2023-06-16,23.27,556.38,4.95,0.07
1994,North,2023-06-17,19.35,474.93,4.2,0.13
1995,North,2023-06-18,21.78,709.7,3.46,0.6
1996,North,2023-06-19,22.05,513.69,4.81,0.25
1997,North,2023-06-20,24.04,620.46,3.05,0.98
1998,North,2023-06-21,18.53,565.6,3.11,0.21
1999,North,2023-06-22,14.94,464.98,3.23,0.25
2000,North,2023-06-23,21.18,538.15,6.05,0.07
2001,North,2023-06-24,24.24,596.22,0.0,0.39
2002,North,2023-06-25,22.95,513.3,4.6,0.12
2003,North,2023-06-26,20.72,618.66,4.06,0.07
2004,North,2023-06-27,19.14,599.79,1.48,0.84
2005,North,2023-06-28,21.57,586.42,4.47,0.34
2006,North,2023-06-29,17.84,470.97,4.71,0.18
2007,North,2023-06-30,20.56,416.19,4.88,0.0
2008,North,2023-07-01,20.45,448.33,0.02,0.01
2009,North,2023-07-02,21.39,507.95,6.05,0.06
2010,North,2023-07-03,24.61,530.76,2.9,0.02
2011,North,2023-07-04,19.71,308.21,5.03,0.15
2012,North,2023-07-05,17.73,476.14,5.12,0.39
2013,North,2023-07-06,18.53,484.29,2.69,0.27
2014,North,2023-07-07,14.87,444.3,5.0,0.05
2015,North,2023-07-08,16.85,564.68,3.44,0.1
2016,North,2023-07-09,17.25,490.0,0.91,0.14
2017,North,2023-07-10,16.85,555.97,5.78,0.33
2018,North,2023-07-11,18.03,428.79,2.87,0.37
2019,North,2023-07-12,15.91,516.0,2.76,0.48
2020,North,2023-07-13,19.63,566.75,3.44,0.14
2021,North,2023-07-14,17.22,535.84,4.46,1.19
2022,North,2023-07-15,17.04,338.52,3.98,0.02
2023,North,2023-07-16,16.23,400.61,4.89,0.83
2024,North,2023-07-17,17.03,388.32,2.07,0.06
2025,North,2023-07-18,18.21,450.13,2.98,0.57
2026,North,2023-07-19,14.66,460.98,3.93,0.2
2027,North,2023-07-20,14.91,334.07,6.96,0.06
2028,North,2023-07-21,15.46,401.74,3.95,0.01
2029,North,2023-07-22,13.22,229.89,5.76,0.0
2030,North,2023-07-23,14.11,502.04,4.21,0.0
2031,North,2023-07-24,14.64,340.93,3.44,0.0
2032,North,2023-07-25,17.18,381.66,3.81,0.02
2033,North,2023-07-26,15.8,347.73,3.94,0.05
2034,North,2023-07-27,15.51,459.53,5.11,0.05
2035,North,2023-07-28,16.67,136.23,6.28,0.87
2036,North,2023-07-29,14.54,357.32,4.78,0.07
2037,North,2023-07-30,15.44,345.65,6.03,0.03
2038,North,2023-07-31,14.31,313.34,2.82,0.16
2039,North,2023-08-01,14.89,483.28,3.66,0.39
2040,North,2023-08-02,13.05,269.79,3.22,0.23
2041,North,2023-08-03,9.19,398.17,4.8,0.07
2042,North,2023-08-04,13.66,360.62,3.8,0.16
2043,North,2023-08-05,16.63,428.79,5.46,0.25
2044,North,2023-08-06,15.5,270.29,2.99,0.26
2045,North,2023-08-07,15.44,260.88,4.47,0.22
2046,North,2023-08-08,15.84,403.1,5.45,0.41
2047,North,2023-08-09,13.41,345.4,1.35,0.41
2048,North,2023-08-10,13.5,183.79,7.65,0.17
2049,North,2023-08-11,11.74,260.31,4.06,0.56
2050,North,2023-08-12,12.21,330.49,1.47,0.21
2051,North,2023-08-13,13.95,362.79,4.77,0.34
2052,North,2023-08-14,15.0,237.68,4.61,0.0
2053,North,2023-08-15,12.19,55.18,4.46,0.97
2054,North,2023-08-16,11.45,326.55,6.09,0.04
2055,North,2023-08-17,12.23,183.51,5.75,0.13
2056,North,2023-08-18,13.31,116.25,5.1,0.41
2057,North,2023-08-19,9.11,47.61,5.36,0.05
2058,North,2023-08-20,7.29,335.95,4.55,0.65
2059,North,2023-08-21,10.67,277.82,7.4,0.03
2060,North,2023-08-22,9.23,246.25,2.54,0.1
2061,North,2023-08-23,10.55,372.27,5.0,0.04
2062,North,2023-08-24,11.16,309.04,4.92,0.09
2063,North,2023-08-25,10.45,384.34,6.07,0.09
2064,North,2023-08-26,14.17,140.67,3.61,1.0
2065,North,2023-08-27,11.82,246.46,2.29,1.05
2066,North,2023-08-28,11.67,117.09,5.17,0.02
2067,North,2023-08-29,12.23,225.35,5.38,0.26
2068,North,2023-08-30,8.61,221.17,7.22,0.05
2069,North,2023-08-31,12.89,288.62,3.11,0.01
2070,North,2023-09-01,10.57,239.64,6.78,0.02
2071,North,2023-09-02,11.98,283.46,8.63,0.67
2072,North,2023-09-03,8.42,287.52,4.54,0.57
2073,North,2023-09-04,7.38,401.39,3.21,0.04
2074,North,2023-09-05,12.05,201.59,4.56,0.04
2075,North,2023-09-06,11.1,149.44,5.23,0.06
2076,North,2023-09-07,8.48,242.4,6.08,0.14
2077,North,2023-09-08,8.48,156.6,4.38,0.17
2078,North,2023-09-09,12.41,337.49,7.63,0.05
2079,North,2023-09-10,7.72,194.51,3.66,0.28
2080,North,2023-09-11,13.33,170.25,2.76,0.07
2081,North,2023-09-12,8.19,176.19,7.06,0.51
2082,North,2023-09-13,11.21,269.86,2.02,0.21
2083,North,2023-09-14,9.23,198.34,5.16,0.57
2084,North,2023-09-15,11.05,158.29,10.17,0.31
2085,North,2023-09-16,8.71,341.59,5.51,0.34
2086,North,2023-09-17,9.44,138.7,3.88,0.07
2087,North,2023-09-18,9.81,208.96,5.51,0.08
2088,North,2023-09-19,7.69,257.31,5.56,0.55
2089,North,2023-09-20,11.15,73.71,5.91,0.04
2090,North,2023-09-21,8.61,241.82,6.69,0.01
2091,North,2023-09-22,9.16,118.26,4.18,0.12
2092,North,2023-09-23,7.6,267.85,8.3,0.32
2093,North,2023-09-24,4.45,124.46,6.17,0.3
2094,North,2023-09-25,9.18,256.42,6.93,2.52
2095,North,2023-09-26,14.37,289.09,4.93,0.15
2096,North,2023-09-27,11.1,269.25,7.83,0.11
2097,North,2023-09-28,9.49,220.24,5.55,0.18
2098,North,2023-09-29,9.0,181.52,6.39,0.3
2099,North,2023-09-30,9.57,153.89,4.61,0.02
2100,North,2023-10-01,10.62,317.75,4.55,0.04
2101,North,2023-10-02,7.17,144.27,7.11,0.01
2102,North,2023-10-03,11.77,117.5,5.45,0.18
2103,North,2023-10-04,10.98,254.03,4.87,2.18
2104,North,2023-10-05,11.0,137.53,5.22,1.11
2105,North,2023-10-06,10.46,125.73,7.26,0.8
2106,North,2023-10-07,9.64,86.84,5.31,0.07
2107,North,2023-10-08,10.97,164.39,6.11,0.47
2108,North,2023-10-09,10.83,197.18,6.34,0.34
2109,North,2023-10-10,8.97,224.11,3.48,0.38
2110,North,2023-10-11,8.56,281.71,4.18,3.63
2111,North,2023-10-12,9.95,248.8,6.92,0.07
2112,North,2023-10-13,12.88,192.5,5.35,0.44
2113,North,2023-10-14,7.35,193.13,8.07,0.43
2114,North,2023-10-15,6.93,251.09,7.97,0.28
2115,North,2023-10-16,10.24,313.47,7.63,0.17
2116,North,2023-10-17,10.06,223.23,9.31,0.03
2117,North,2023-10-18,10.36,177.15,6.49,0.15
2118,North,2023-10-19,10.56,136.89,7.62,0.09
2119,North,2023-10-20,9.68,102.43,5.81,0.31
2120,North,2023-10-21,13.17,273.15,10.39,0.28
2121,North,2023-10-22,7.05,267.98,9.72,0.48
2122,North,2023-10-23,8.66,269.9,6.8,0.0
2123,North,2023-10-24,10.18,215.47,7.39,0.33
2124,North,2023-10-25,7.17,340.45,8.88,0.56
2125,North,2023-10-26,10.18,191.38,6.65,0.31
2126,North,2023-10-27,13.93,308.83,5.92,0.03
2127,North,2023-10-28,10.73,231.68,8.25,0.08
2128,North,2023-10-29,11.23,188.56,7.08,0.0
2129,North,2023-10-30,8.33,287.17,7.27,0.2
2130,North,2023-10-31,9.7,275.14,5.77,0.2
2131,North,2023-11-01,10.28,273.61,4.48,4.34
2132,North,2023-11-02,10.48,254.32,7.44,0.1
2133,North,2023-11-03,13.78,247.62,8.47,0.4
2134,North,2023-11-04,12.42,444.63,6.8,0.2
2135,North,2023-11-05,9.19,351.28,9.32,0.35
2136,North,2023-11-06,12.0,317.42,6.14,2.76
2137,North,2023-11-07,12.61,271.66,5.64,0.33
2138,North,2023-11-08,14.0,346.48,7.15,0.11
2139,North,2023-11-09,14.99,310.62,7.15,0.2
2140,North,2023-11-10,9.91,274.6,8.46,0.39
2141,North,2023-11-11,10.43,251.62,6.17,0.13
2142,North,2023-11-12,9.65,272.9,9.41,0.05
2143,North,2023-11-13,11.82,29.27,10.33,0.04
2144,North,2023-11-14,13.34,303.35,7.35,0.0
2145,North,2023-11-15,14.5,251.08,9.3,0.25
2146,North,2023-11-16,12.5,421.3,5.87,0.02
2147,North,2023-11-17,12.14,299.21,9.09,0.06
2148,North,2023-11-18,13.21,206.39,9.07,0.07
2149,North,2023-11-19,11.37,301.42,8.82,0.16
2150,North,2023-11-20,17.35,225.68,7.52,0.1
2151,North,2023-11-21,10.09,351.26,3.13,0.22
2152,North,2023-11-22,13.81,340.73,6.62,0.01
2153,North,2023-11-23,17.62,398.21,6.67,0.03
2154,North,2023-11-24,13.73,262.49,6.16,0.14
2155,North,2023-11-25,13.48,332.71,7.83,0.08
2156,North,2023-11-26,13.28,225.07,7.04,0.07
2157,North,2023-11-27,13.78,394.72,6.45,0.01
2158,North,2023-11-28,17.04,384.49,6.12,0.45
2159,North,2023-11-29,10.01,387.06,6.65,0.24
2160,North,2023-11-30,17.65,352.0,9.42,0.03
2161,North,2023-12-01,11.89,389.56,6.76,0.01
2162,North,2023-12-02,14.36,489.28,7.0,0.74
2163,North,2023-12-03,14.18,342.72,7.1,0.23
2164,North,2023-12-04,16.37,381.26,8.31,0.11
2165,North,2023-12-05,12.16,287.95,8.5,0.24
2166,North,2023-12-06,16.43,310.09,3.26,0.28
2167,North,2023-12-07,19.72,392.13,9.38,1.51
2168,North,2023-12-08,13.1,477.4,10.01,0.13
2169,North,2023-12-09,16.37,373.39,6.3,0.11
2170,North,2023-12-10,14.82,379.87,6.42,0.0
2171,North,2023-12-11,17.16,371.07,7.22,0.52
2172,North,2023-12-12,16.51,365.74,6.77,0.18
2173,North,2023-12-13,15.36,437.05,8.25,0.05
2174,North,2023-12-14,17.78,298.63,5.0,0.5
2175,North,2023-12-15,20.58,525.87,6.26,0.49
2176,North,2023-12-16,16.76,375.16,10.25,4.53
2177,North,2023-12-17,18.74,491.18,6.56,0.41
2178,North,2023-12-18,14.89,336.87,9.82,1.22
2179,North,2023-12-19,15.73,497.04,8.5,0.06
2180,North,2023-12-20,18.76,502.37,5.26,0.37
2181,North,2023-12-21,20.95,484.44,8.93,0.35
2182,North,2023-12-22,18.86,379.26,7.8,0.05
2183,North,2023-12-23,17.7,483.9,7.3,0.02
2184,North,2023-12-24,18.49,374.42,8.36,3.88
2185,North,2023-12-25,16.16,453.99,8.7,0.07
2186,North,2023-12-26,20.05,561.71,9.06,2.05
2187,North,2023-12-27,20.77,548.25,9.76,0.0
2188,North,2023-12-28,18.28,490.89,8.61,0.02
2189,North,2023-12-29,18.41,416.85,5.94,0.13
2190,North,2023-12-30,20.06,551.65,7.29,0.27
2191,North,2023-12-31,18.82,506.71,12.41,0.23
2192,North,2024-01-01,19.74,324.7,9.09,0.17
2193,North,2024-01-02,24.24,578.1,11.55,0.02
2194,North,2024-01-03,19.72,518.7,10.09,0.04
2195,North,2024-01-04,19.67,621.99,8.36,0.1
2196,North,2024-01-05,19.26,443.31,8.44,0.04
2197,North,2024-01-06,22.21,281.93,7.93,1.57
2198,North,2024-01-07,20.53,563.51,5.37,0.11
2199,North,2024-01-08,19.77,569.62,8.0,0.02
2200,North,2024-01-09,23.88,416.13,9.79,0.13
2201,North,2024-01-10,24.25,478.19,7.06,0.02
2202,North,2024-01-11,20.37,781.95,8.58,0.03
2203,North,2024-01-12,18.01,542.13,9.23,0.05
2204,North,2024-01-13,23.93,630.08,6.58,0.39
2205,North,2024-01-14,20.71,524.55,7.26,0.52
2206,North,2024-01-15,23.82,414.36,6.4,1.75
2207,North,2024-01-16,18.47,572.92,6.68,0.08
2208,North,2024-01-17,24.36,570.23,5.97,0.32
2209,North,2024-01-18,20.31,564.39,6.54,0.16
2210,North,2024-01-19,24.36,592.09,10.01,0.26
2211,North,2024-01-20,23.09,627.24,6.5,1.0
2212,North,2024-01-21,21.31,598.91,8.05,0.03
2213,North,2024-01-22,22.57,514.58,7.09,0.01
2214,North,2024-01-23,24.91,659.34,9.6,0.24
2215,North,2024-01-24,23.91,469.21,9.78,0.36
2216,North,2024-01-25,25.02,465.8,9.1,0.37
2217,North,2024-01-26,27.96,693.6,8.25,0.23
2218,North,2024-01-27,21.03,679.63,7.43,0.62
2219,North,2024-01-28,27.55,639.03,5.97,0.14
2220,North,2024-01-29,24.67,536.5,10.65,0.49
2221,North,2024-01-30,22.81,595.97,6.58,0.69
2222,North,2024-01-31,22.1,636.0,8.7,0.38
2223,North,2024-02-01,24.53,533.73,9.28,0.07
2224,North,2024-02-02,26.89,606.61,6.83,0.04
2225,North,2024-02-03,24.94,722.2,9.2,0.16
2226,North,2024-02-04,28.35,788.42,8.77,0.12
2227,North,2024-02-05,22.57,644.86,10.2,0.42
2228,North,2024-02-06,25.58,743.06,6.88,0.02
2229,North,2024-02-07,23.24,533.49,5.64,0.06
2230,North,2024-02-08,26.61,743.39,6.79,0.28
2231,North,2024-02-09,27.78,630.27,7.84,0.02
2232,North,2024-02-10,25.3,723.08,7.59,0.08
2233,North,2024-02-11,21.06,682.51,6.89,0.1
2234,North,2024-02-12,26.79,811.75,4.59,0.19
2235,North,2024-02-13,27.39,639.88,8.14,0.03
2236,North,2024-02-14,27.45,763.71,10.36,1.97
2237,North,2024-02-15,29.23,694.73,8.08,0.12
2238,North,2024-02-16,24.74,707.96,8.27,0.5
2239,North,2024-02-17,28.35,709.38,8.19,0.13
2240,North,2024-02-18,29.49,659.84,7.9,0.06
2241,North,2024-02-19,23.66,729.7,8.67,0.03
2242,North,2024-02-20,27.97,729.08,7.84,0.0
2243,North,2024-02-21,26.43,756.58,6.75,0.15
2244,North,2024-02-22,27.37,747.17,6.0,0.02
2245,North,2024-02-23,28.33,807.3,6.8,0.1
2246,North,2024-02-24,26.76,820.32,7.61,0.18
2247,North,2024-02-25,26.48,665.3,6.64,0.06
2248,North,2024-02-26,28.0,821.69,7.55,0.04
2249,North,2024-02-27,25.85,660.04,7.71,0.3
2250,North,2024-02-28,25.94,804.66,8.27,0.59
2251,North,2024-02-29,29.56,809.82,8.92,0.02
2252,North,2024-03-01,25.99,609.86,7.08,0.03
2253,North,2024-03-02,29.7,772.66,4.97,0.64
2254,North,2024-03-03,29.37,730.11,6.39,0.01
2255,North,2024-03-04,25.07,709.19,6.94,0.76
2256,North,2024-03-05,27.24,880.17,4.09,0.0
2257,North,2024-03-06,31.05,721.94,8.89,0.41
2258,North,2024-03-07,26.77,711.78,6.99,0.07
2259,North,2024-03-08,27.87,784.32,7.32,0.56
2260,North,2024-03-09,29.79,835.0,8.76,0.08
2261,North,2024-03-10,30.49,770.62,5.74,0.21
2262,North,2024-03-11,28.48,876.99,7.51,0.02
2263,North,2024-03-12,27.84,827.8,6.45,0.28
2264,North,2024-03-13,31.93,612.61,6.31,0.3
2265,North,2024-03-14,32.61,745.98,5.39,0.75
2266,North,2024-03-15,31.14,744.77,9.02,0.53
2267,North,2024-03-16,29.4,829.37,5.92,0.11
2268,North,2024-03-17,27.65,582.24,7.5,0.41
2269,North,2024-03-18,27.64,997.28,3.61,0.12
2270,North,2024-03-19,30.38,836.87,8.15,0.78
2271,North,2024-03-20,30.21,807.25,7.93,0.64
2272,North,2024-03-21,32.2,890.73,6.46,0.08
2273,North,2024-03-22,30.72,984.47,5.94,0.43
2274,North,2024-03-23,26.44,867.33,6.85,0.38
2275,North,2024-03-24,31.57,874.17,9.65,0.05
2276,North,2024-03-25,27.49,809.23,3.54,0.2
2277,North,2024-03-26,28.73,787.88,7.32,0.02
2278,North,2024-03-27,30.01,761.47,4.74,0.36
2279,North,2024-03-28,33.51,733.69,6.05,0.04
2280,North,2024-03-29,35.74,744.97,5.67,0.01
2281,North,2024-03-30,30.74,691.95,5.37,0.1
2282,North,2024-03-31,29.16,793.91,5.96,0.17
2283,North,2024-04-01,30.59,665.09,4.24,0.39
2284,North,2024-04-02,31.29,814.94,7.45,0.73
2285,North,2024-04-03,28.86,796.47,3.18,0.58
2286,North,2024-04-04,33.08,810.75,6.65,0.01
2287,North,2024-04-05,29.94,756.76,5.31,0.28
2288,North,2024-04-06,30.45,1044.13,4.01,0.17
2289,North,2024-04-07,30.77,906.14,6.04,0.12
2290,North,2024-04-08,30.25,697.04,3.36,0.07
2291,North,2024-04-09,31.06,814.41,5.73,0.14
2292,North,2024-04-10,28.12,746.24,3.5,0.08
2293,North,2024-04-11,28.2,712.73,6.29,1.41
2294,North,2024-04-12,27.08,685.6,4.18,0.16
2295,North,2024-04-13,30.12,826.21,4.85,0.42
2296,North,2024-04-14,30.76,735.87,5.94,0.16
2297,North,2024-04-15,30.07,866.47,4.31,0.05
2298,North,2024-04-16,32.46,867.12,5.34,0.38
2299,North,2024-04-17,29.05,896.02,3.13,0.16
2300,North,2024-04-18,30.35,716.32,6.31,0.05
2301,North,2024-04-19,26.77,820.86,7.98,0.2
2302,North,2024-04-20,28.12,831.66,9.49,0.09
2303,North,2024-04-21,30.22,741.28,5.41,0.37
2304,North,2024-04-22,30.47,715.55,6.42,0.12
2305,North,2024-04-23,28.11,904.04,2.53,0.26
2306,North,2024-04-24,28.49,791.38,7.43,0.1
2307,North,2024-04-25,25.52,821.88,6.31,0.1
2308,North,2024-04-26,27.77,702.99,4.39,0.82
2309,North,2024-04-27,30.19,668.87,6.94,0.33
2310,North,2024-04-28,29.47,718.45,4.67,0.03
2311,North,2024-04-29,29.24,751.59,4.33,0.07
2312,North,2024-04-30,28.26,673.81,5.7,0.08
2313,North,2024-05-01,28.08,755.51,3.37,0.21
2314,North,2024-05-02,26.66,618.49,6.46,0.28
2315,North,2024-05-03,29.28,661.17,3.32,0.28
2316,North,2024-05-04,28.63,801.58,3.3,0.14
2317,North,2024-05-05,28.67,793.26,3.48,0.33
2318,North,2024-05-06,26.54,710.59,5.96,0.11
2319,North,2024-05-07,23.18,657.43,3.86,0.03
2320,North,2024-05-08,29.57,653.5,2.74,0.17
2321,North,2024-05-09,26.32,702.6,3.83,0.61
2322,North,2024-05-10,25.44,780.73,4.66,0.32
2323,North,2024-05-11,28.44,800.06,2.91,0.17
2324,North,2024-05-12,26.15,682.64,2.93,0.21
2325,North,2024-05-13,28.94,626.59,7.8,0.53
2326,North,2024-05-14,27.93,736.73,3.32,0.11
2327,North,2024-05-15,27.95,645.79,4.1,0.08
2328,North,2024-05-16,23.72,666.52,4.01,0.76
2329,North,2024-05-17,28.76,810.25,3.9,0.4
2330,North,2024-05-18,26.73,766.59,5.44,0.08
2331,North,2024-05-19,25.34,709.18,5.91,0.12
2332,North,2024-05-20,26.23,590.86,4.01,0.11
2333,North,2024-05-21,22.26,705.54,2.59,0.03
2334,North,2024-05-22,26.49,769.6,6.34,0.63
2335,North,2024-05-23,23.48,650.44,4.26,0.1
2336,North,2024-05-24,22.7,784.42,6.98,0.42
2337,North,2024-05-25,22.22,775.55,0.99,0.04
2338,North,2024-05-26,27.35,800.98,4.64,0.16
2339,North,2024-05-27,23.72,687.99,7.2,0.0
2340,North,2024-05-28,27.9,706.21,3.78,0.29
2341,North,2024-05-29,23.61,767.95,3.95,0.17
2342,North,2024-05-30,21.12,686.16,4.71,0.2
2343,North,2024-05-31,22.15,605.78,3.41,0.01
2344,North,2024-06-01,26.71,605.46,3.77,0.05
2345,North,2024-06-02,23.77,655.86,3.71,0.02
2346,North,2024-06-03,22.83,528.91,3.26,0.07
2347,North,2024-06-04,24.09,616.04,6.03,0.2
2348,North,2024-06-05,24.62,710.53,4.87,0.17
2349,North,2024-06-06,25.69,442.78,4.54,0.19
2350,North,2024-06-07,26.2,736.07,5.36,0.16
2351,North,2024-06-08,22.42,698.3,3.74,0.06
2352,North,2024-06-09,20.33,566.9,2.96,0.06
2353,North,2024-06-10,21.99,642.29,3.21,0.03
2354,North,2024-06-11,23.18,594.18,4.1,0.38
2355,North,2024-06-12,20.56,687.41,2.5,0.19
2356,North,2024-06-13,20.41,662.68,3.33,0.04
2357,North,2024-06-14,22.85,467.09,3.3,0.04
2358,North,2024-06-15,21.9,621.09,7.25,0.41
2359,North,2024-06-16,21.89,552.64,0.0,0.27
2360,North,2024-06-17,20.14,570.68,3.78,0.22
2361,North,2024-06-18,21.03,500.75,6.63,0.1
2362,North,2024-06-19,19.47,693.78,4.22,0.06
2363,North,2024-06-20,22.93,632.05,5.16,0.78
2364,North,2024-06-21,23.05,484.56,4.17,0.32
2365,North,2024-06-22,17.12,431.86,3.02,0.07
2366,North,2024-06-23,18.78,502.64,0.65,0.38
2367,North,2024-06-24,17.48,563.12,4.32,0.28
2368,North,2024-06-25,19.0,542.43,2.84,0.07
2369,North,2024-06-26,19.96,618.31,2.8,0.11
2370,North,2024-06-27,17.05,576.1,3.25,0.04
2371,North,2024-06-28,17.94,585.31,6.62,0.02
2372,North,2024-06-29,17.6,528.73,7.61,0.26
2373,North,2024-06-30,19.85,386.27,4.33,0.06
2374,North,2024-07-01,19.4,476.6,3.3,0.34
2375,North,2024-07-02,17.65,571.9,2.24,1.09
2376,North,2024-07-03,19.28,477.81,4.71,0.02
2377,North,2024-07-04,17.66,517.03,6.68,0.13
2378,North,2024-07-05,18.04,446.14,3.64,0.32
2379,North,2024-07-06,21.75,384.12,0.44,1.56
2380,North,2024-07-07,20.92,451.51,5.02,0.29
2381,North,2024-07-08,15.47,480.98,5.5,0.09
2382,North,2024-07-09,19.56,398.7,1.65,0.12
2383,North,2024-07-10,19.35,427.21,4.3,0.18
2384,North,2024-07-11,15.26,365.84,4.72,0.73
2385,North,2024-07-12,19.03,525.48,3.94,0.4
2386,North,2024-07-13,20.3,407.35,2.87,0.51
2387,North,2024-07-14,14.81,542.11,5.59,0.06
2388,North,2024-07-15,15.05,543.2,3.47,0.9
2389,North,2024-07-16,18.76,409.45,1.85,0.22
2390,North,2024-07-17,17.1,330.31,1.02,0.12
2391,North,2024-07-18,17.5,239.2,5.99,0.19
2392,North,2024-07-19,16.91,283.41,5.04,0.06
2393,North,2024-07-20,16.85,286.41,4.26,0.06
2394,North,2024-07-21,13.25,501.76,3.48,0.02
2395,North,2024-07-22,17.84,395.95,3.35,0.02
2396,North,2024-07-23,17.93,413.09,2.55,0.09
2397,North,2024-07-24,14.97,199.56,3.53,0.29
2398,North,2024-07-25,15.19,276.66,1.01,0.19
2399,North,2024-07-26,12.06,438.81,3.1,0.02
2400,North,2024-07-27,15.99,386.17,3.75,0.38
2401,North,2024-07-28,15.96,346.88,5.15,0.18
2402,North,2024-07-29,14.54,399.31,4.19,0.65
2403,North,2024-07-30,16.76,480.49,5.46,0.22
2404,North,2024-07-31,13.7,327.5,6.31,0.04
2405,North,2024-08-01,15.35,346.33,5.89,0.64
2406,North,2024-08-02,12.03,351.84,5.03,0.21
2407,North,2024-08-03,13.88,523.49,4.36,0.01
2408,North,2024-08-04,13.44,159.92,2.89,0.0
2409,North,2024-08-05,14.1,378.32,5.49,0.03
2410,North,2024-08-06,12.77,310.33,6.92,0.06
2411,North,2024-08-07,13.11,360.76,4.94,0.11
2412,North,2024-08-08,14.89,258.78,7.32,0.13
2413,North,2024-08-09,12.23,303.47,2.18,0.15
2414,North,2024-08-10,9.76,360.37,2.76,0.22
2415,North,2024-08-11,16.34,548.61,5.79,0.91
2416,North,2024-08-12,15.48,360.41,4.93,0.07
2417,North,2024-08-13,10.01,224.17,6.53,0.0
2418,North,2024-08-14,13.85,254.42,4.56,0.02
2419,North,2024-08-15,11.34,248.42,3.31,0.1
2420,North,2024-08-16,12.76,137.48,4.31,0.03
2421,North,2024-08-17,12.7,251.23,2.36,0.09
2422,North,2024-08-18,11.53,332.83,2.99,0.2
2423,North,2024-08-19,10.32,168.89,6.17,0.16
2424,North,2024-08-20,10.39,351.41,6.04,0.05
2425,North,2024-08-21,9.84,303.33,5.31,0.42
2426,North,2024-08-22,9.9,202.41,2.21,0.19
2427,North,2024-08-23,11.32,246.73,4.28,0.39
2428,North,2024-08-24,9.93,382.9,3.01,0.28
2429,North,2024-08-25,12.62,310.78,6.64,0.16
2430,North,2024-08-26,14.14,249.93,4.03,0.09
2431,North,2024-08-27,9.91,227.41,3.3,0.09
2432,North,2024-08-28,11.46,249.83,5.01,0.42
2433,North,2024-08-29,11.89,200.12,4.03,0.01
2434,North,2024-08-30,11.75,70.11,7.25,0.88
2435,North,2024-08-31,10.88,399.37,3.95,0.22
2436,North,2024-09-01,12.13,246.01,2.98,0.23
2437,North,2024-09-02,11.53,263.1,1.88,0.01
2438,North,2024-09-03,8.02,224.36,5.1,0.19
2439,North,2024-09-04,12.16,168.01,4.33,0.66
2440,North,2024-09-05,12.12,209.85,3.06,0.11
2441,North,2024-09-06,8.75,94.76,7.02,0.07
2442,North,2024-09-07,10.29,402.95,6.27,0.44
2443,North,2024-09-08,11.52,120.17,5.26,0.16
2444,North,2024-09-09,9.68,134.61,7.38,0.11
2445,North,2024-09-10,12.19,180.27,6.36,0.02
2446,North,2024-09-11,14.71,316.94,4.16,0.25
2447,North,2024-09-12,8.36,213.55,3.87,0.24
2448,North,2024-09-13,7.13,112.07,6.69,0.19
2449,North,2024-09-14,10.45,309.97,6.09,0.14
2450,North,2024-09-15,11.25,266.84,5.79,0.11
2451,North,2024-09-16,9.3,250.27,4.29,0.18
2452,North,2024-09-17,12.63,263.37,6.51,0.05
2453,North,2024-09-18,7.02,396.67,4.5,0.57
2454,North,2024-09-19,11.05,379.02,5.51,0.18
2455,North,2024-09-20,8.43,148.46,7.87,0.07
2456,North,2024-09-21,13.05,332.58,4.74,0.12
2457,North,2024-09-22,13.58,232.68,3.41,0.33
2458,North,2024-09-23,8.04,241.4,4.22,0.04
2459,North,2024-09-24,8.46,65.62,7.33,0.07
2460,North,2024-09-25,11.26,186.99,6.25,0.23
2461,North,2024-09-26,8.76,135.31,5.71,0.08
2462,North,2024-09-27,9.44,266.38,5.18,0.31
2463,North,2024-09-28,9.58,285.71,6.7,0.14
2464,North,2024-09-29,5.68,34.04,4.73,0.29
2465,North,2024-09-30,9.5,198.31,6.5,0.01
2466,North,2024-10-01,8.15,289.97,4.98,0.01
2467,North,2024-10-02,8.55,185.54,4.77,0.46
2468,North,2024-10-03,12.44,259.13,5.19,0.17
2469,North,2024-10-04,7.05,229.32,5.62,0.09
2470,North,2024-10-05,11.21,229.07,6.14,0.05
2471,North,2024-10-06,9.04,180.63,6.6,0.19
2472,North,2024-10-07,9.07,105.69,0.75,0.14
2473,North,2024-10-08,11.23,114.07,5.11,4.78
2474,North,2024-10-09,10.36,261.41,5.76,0.82
2475,North,2024-10-10,10.85,207.16,8.64,0.2
2476,North,2024-10-11,11.68,195.56,4.8,0.12
2477,North,2024-10-12,9.12,173.86,6.7,0.14
2478,North,2024-10-13,8.6,184.57,8.73,0.23
2479,North,2024-10-14,7.7,294.03,4.55,0.02
2480,North,2024-10-15,8.26,184.84,7.14,0.08
2481,North,2024-10-16,15.86,105.84,5.38,0.08
2482,North,2024-10-17,12.5,274.18,5.86,0.02
2483,North,2024-10-18,7.37,199.93,5.45,0.04
2484,North,2024-10-19,7.48,220.55,5.59,0.13
2485,North,2024-10-20,11.15,348.46,10.8,0.31
2486,North,2024-10-21,11.34,220.09,8.01,0.13
2487,North,2024-10-22,11.41,246.84,8.43,0.08
2488,North,2024-10-23,9.87,131.45,7.55,0.02
2489,North,2024-10-24,10.2,210.32,4.43,0.16
2490,North,2024-10-25,11.18,278.87,7.47,0.06
2491,North,2024-10-26,10.78,107.98,8.51,0.19
2492,North,2024-10-27,6.24,250.85,5.65,3.78
2493,North,2024-10-28,10.31,245.3,8.41,0.02
2494,North,2024-10-29,9.15,243.07,8.05,0.05
2495,North,2024-10-30,11.29,325.34,9.8,0.13
2496,North,2024-10-31,17.0,271.81,6.43,0.69
2497,North,2024-11-01,11.85,366.06,5.44,0.3
2498,North,2024-11-02,10.59,171.16,6.57,0.46
2499,North,2024-11-03,13.15,264.43,9.29,0.08
2500,North,2024-11-04,12.37,263.3,4.43,0.97
2501,North,2024-11-05,12.35,174.05,4.09,0.02
2502,North,2024-11-06,12.83,339.22,7.36,0.01
2503,North,2024-11-07,15.83,451.89,6.59,0.39
2504,North,2024-11-08,9.57,267.82,7.29,0.52
2505,North,2024-11-09,12.89,312.91,8.72,0.02
2506,North,2024-11-10,10.2,282.67,6.5,0.02
2507,North,2024-11-11,13.28,222.29,4.55,0.01
2508,North,2024-11-12,10.45,137.25,10.45,0.11
2509,North,2024-11-13,11.57,230.04,5.91,0.05
2510,North,2024-11-14,11.94,178.81,5.84,0.7
2511,North,2024-11-15,14.61,430.21,9.11,0.22
2512,North,2024-11-16,14.62,288.46,6.9,0.3
2513,North,2024-11-17,10.42,273.84,7.4,0.3
2514,North,2024-11-18,13.15,376.54,8.25,0.15
2515,North,2024-11-19,11.75,219.63,9.17,0.32
2516,North,2024-11-20,10.79,252.04,7.07,0.18
2517,North,2024-11-21,13.01,322.9,9.87,0.08
2518,North,2024-11-22,12.96,403.88,4.4,0.16
2519,North,2024-11-23,18.57,365.89,8.77,0.15
2520,North,2024-11-24,14.72,349.86,6.39,0.35
2521,North,2024-11-25,11.24,340.52,9.73,0.8
2522,North,2024-11-26,13.01,370.62,7.9,0.53
2523,North,2024-11-27,16.33,359.11,6.69,0.29
2524,North,2024-11-28,18.61,265.0,8.72,0.02
2525,North,2024-11-29,11.41,355.55,9.08,1.5
2526,North,2024-11-30,10.98,270.48,8.72,0.09
2527,North,2024-12-01,18.63,367.42,6.23,0.01
2528,North,2024-12-02,15.82,327.08,7.06,0.09
2529,North,2024-12-03,13.46,573.32,7.8,0.19
2530,North,2024-12-04,16.42,371.65,7.76,0.03
2531,North,2024-12-05,10.24,267.21,8.96,0.52
2532,North,2024-12-06,15.67,373.57,4.82,0.02
2533,North,2024-12-07,16.48,430.63,8.36,0.53
2534,North,2024-12-08,17.84,527.77,7.44,0.25
2535,North,2024-12-09,14.12,351.59,6.62,0.08
2536,North,2024-12-10,16.48,277.02,6.78,0.1
2537,North,2024-12-11,14.62,473.87,7.58,0.27
2538,North,2024-12-12,17.15,303.01,2.51,0.18
2539,North,2024-12-13,15.01,383.52,6.87,0.22
2540,North,2024-12-14,16.15,402.78,6.62,0.1
2541,North,2024-12-15,15.15,422.83,8.74,0.13
2542,North,2024-12-16,18.61,488.56,6.74,0.92
2543,North,2024-12-17,19.19,383.78,7.63,0.05
2544,North,2024-12-18,17.17,421.63,10.28,0.11
2545,North,2024-12-19,17.89,447.47,9.46,0.07
2546,North,2024-12-20,15.08,465.68,9.33,0.29
2547,North,2024-12-21,17.55,466.64,7.23,0.29
2548,North,2024-12-22,18.22,498.82,8.8,0.07
2549,North,2024-12-23,23.73,536.58,7.64,0.02
2550,North,2024-12-24,16.44,505.62,7.7,0.0
2551,North,2024-12-25,21.76,515.65,8.61,0.11
2552,North,2024-12-26,21.0,357.94,7.1,0.11
2553,North,2024-12-27,19.74,493.69,10.24,0.89
2554,North,2024-12-28,22.87,533.2,7.76,0.13
2555,North,2024-12-29,20.27,558.32,8.93,0.06
2556,North,2024-12-30,20.47,449.78,10.18,0.44
2557,North,2024-12-31,19.76,457.6,9.55,0.14
2558,South,2018-01-01,24.83,531.88,6.56,0.17
2559,South,2018-01-02,30.08,479.93,4.98,0.14
2560,South,2018-01-03,27.8,559.92,7.17,0.15
2561,South,2018-01-04,32.17,589.45,10.26,0.42
2562,South,2018-01-05,28.43,556.16,8.39,0.45
2563,South,2018-01-06,30.79,464.04,6.19,0.12
2564,South,2018-01-07,29.27,521.55,9.51,0.12
2565,South,2018-01-08,30.02,617.01,9.83,0.14
2566,South,2018-01-09,25.68,435.65,8.13,0.15
2567,South,2018-01-10,29.93,383.93,11.02,0.6
2568,South,2018-01-11,27.89,677.11,9.2,0.21
2569,South,2018-01-12,27.84,602.44,8.98,0.06
2570,South,2018-01-13,33.19,615.11,6.75,0.15
2571,South,2018-01-14,29.44,485.46,8.88,0.2
2572,South,2018-01-15,28.03,635.61,8.26,0.2
2573,South,2018-01-16,29.48,603.61,8.7,0.18
2574,South,2018-01-17,27.76,459.8,6.89,0.04
2575,South,2018-01-18,33.4,705.42,8.1,0.01
2576,South,2018-01-19,29.3,609.08,6.67,0.08
2577,South,2018-01-20,31.91,569.57,4.66,0.11
2578,South,2018-01-21,33.73,575.86,9.37,0.01
2579,South,2018-01-22,30.18,449.7,5.6,1.69
2580,South,2018-01-23,32.4,663.17,8.01,0.08
2581,South,2018-01-24,29.43,641.39,8.33,0.49
2582,South,2018-01-25,36.54,609.63,8.31,0.03
2583,South,2018-01-26,33.68,732.11,7.38,0.06
2584,South,2018-01-27,31.58,523.76,8.19,0.13
2585,South,2018-01-28,30.57,591.32,8.48,0.21
2586,South,2018-01-29,32.04,575.62,8.86,0.55
2587,South,2018-01-30,31.74,625.83,10.34,0.0
2588,South,2018-01-31,36.47,658.0,8.07,0.11
2589,South,2018-02-01,30.26,691.43,7.8,0.52
2590,South,2018-02-02,33.13,633.64,6.33,0.1
2591,South,2018-02-03,32.97,595.54,8.32,0.02
2592,South,2018-02-04,32.91,804.89,8.65,0.07
2593,South,2018-02-05,33.07,867.17,7.34,0.14
2594,South,2018-02-06,33.19,689.88,8.42,0.04
2595,South,2018-02-07,35.31,622.0,7.15,0.13
2596,South,2018-02-08,34.92,804.65,8.57,0.36
2597,South,2018-02-09,34.67,574.89,8.91,0.41
2598,South,2018-02-10,27.9,667.81,8.87,0.01
2599,South,2018-02-11,34.7,642.8,7.68,0.04
2600,South,2018-02-12,30.91,609.57,5.92,0.06
2601,South,2018-02-13,35.64,683.71,6.54,0.18
2602,South,2018-02-14,37.42,640.7,8.32,0.45
2603,South,2018-02-15,32.74,714.51,11.08,0.37
2604,South,2018-02-16,34.19,719.27,6.87,0.25
2605,South,2018-02-17,33.63,670.92,8.04,0.11
2606,South,2018-02-18,37.42,694.45,6.5,0.2
2607,South,2018-02-19,35.25,709.02,5.84,0.02
2608,South,2018-02-20,38.63,795.61,6.26,0.06
2609,South,2018-02-21,36.11,722.21,4.13,0.04
2610,South,2018-02-22,35.87,803.26,9.25,0.04
2611,South,2018-02-23,35.63,787.27,3.85,0.96
2612,South,2018-02-24,37.23,789.18,6.77,0.83
2613,South,2018-02-25,32.22,857.47,5.37,0.04
2614,South,2018-02-26,35.96,659.8,5.79,0.92
2615,South,2018-02-27,35.75,714.33,9.15,0.11
2616,South,2018-02-28,37.43,896.01,7.36,0.02
2617,South,2018-03-01,35.69,737.04,5.58,0.03
2618,South,2018-03-02,34.08,535.03,6.11,0.18
2619,South,2018-03-03,36.25,746.53,5.82,0.77
2620,South,2018-03-04,34.15,776.02,6.87,0.17
2621,South,2018-03-05,32.55,558.23,7.16,0.6
2622,South,2018-03-06,37.93,876.6,9.72,0.12
2623,South,2018-03-07,37.71,715.01,3.97,0.11
2624,South,2018-03-08,37.55,800.52,6.76,0.14
2625,South,2018-03-09,39.29,758.21,6.31,1.2
2626,South,2018-03-10,35.42,675.19,8.17,0.46
2627,South,2018-03-11,33.96,694.51,7.25,0.4
2628,South,2018-03-12,36.74,707.15,7.57,0.03
2629,South,2018-03-13,36.24,870.53,7.17,0.12
2630,South,2018-03-14,35.31,773.51,5.22,0.14
2631,South,2018-03-15,36.88,745.12,8.4,0.93
2632,South,2018-03-16,35.87,713.57,7.75,0.06
2633,South,2018-03-17,33.46,885.41,7.89,0.56
2634,South,2018-03-18,36.3,908.16,8.38,0.13
2635,South,2018-03-19,34.95,887.01,7.08,0.23
2636,South,2018-03-20,37.72,832.75,8.64,0.3
2637,South,2018-03-21,35.98,817.58,6.95,0.27
2638,South,2018-03-22,39.55,698.07,6.02,0.08
2639,South,2018-03-23,40.56,776.54,6.31,1.5
2640,South,2018-03-24,38.74,742.27,6.25,0.38
2641,South,2018-03-25,34.3,651.63,5.47,0.3
2642,South,2018-03-26,40.43,882.83,8.66,0.04
2643,South,2018-03-27,40.59,743.11,6.62,0.38
2644,South,2018-03-28,37.49,894.87,6.29,0.12
2645,South,2018-03-29,40.11,870.07,6.69,0.38
2646,South,2018-03-30,36.37,844.31,10.55,0.3
2647,South,2018-03-31,33.74,848.96,4.35,0.38
2648,South,2018-04-01,35.96,750.77,4.74,0.06
2649,South,2018-04-02,40.94,948.6,3.9,0.18
2650,South,2018-04-03,34.49,803.31,5.59,0.07
2651,South,2018-04-04,37.47,823.82,6.27,0.12
2652,South,2018-04-05,37.53,747.45,5.17,0.23
2653,South,2018-04-06,36.42,724.5,5.03,0.15
2654,South,2018-04-07,36.54,836.72,6.02,0.22
2655,South,2018-04-08,37.56,815.38,5.01,0.21
2656,South,2018-04-09,36.27,734.19,6.2,0.33
2657,South,2018-04-10,34.52,681.53,7.37,0.03
2658,South,2018-04-11,37.77,694.19,6.68,1.53
2659,South,2018-04-12,39.46,890.57,6.95,1.45
2660,South,2018-04-13,39.01,744.82,7.23,0.38
2661,South,2018-04-14,35.62,765.69,5.99,0.28
2662,South,2018-04-15,34.7,907.66,5.29,0.22
2663,South,2018-04-16,36.59,700.61,4.34,0.11
2664,South,2018-04-17,40.25,730.88,4.88,0.26
2665,South,2018-04-18,38.36,726.11,4.65,0.26
2666,South,2018-04-19,38.42,915.55,6.5,0.2
2667,South,2018-04-20,38.74,943.98,5.89,0.32
2668,South,2018-04-21,37.75,842.95,6.38,0.12
2669,South,2018-04-22,37.09,843.74,3.56,0.03
2670,South,2018-04-23,38.11,732.79,7.42,0.82
2671,South,2018-04-24,35.63,933.07,4.6,0.06
2672,South,2018-04-25,33.83,796.69,3.55,0.1
2673,South,2018-04-26,38.03,841.43,4.51,0.0
2674,South,2018-04-27,38.99,762.56,8.87,0.48
2675,South,2018-04-28,34.2,747.31,4.53,0.33
2676,South,2018-04-29,38.0,899.46,4.59,0.78
2677,South,2018-04-30,39.64,807.18,4.76,0.0
2678,South,2018-05-01,36.19,877.62,4.8,0.13
2679,South,2018-05-02,34.47,779.37,3.82,0.07
2680,South,2018-05-03,36.27,688.43,5.18,0.65
2681,South,2018-05-04,34.83,706.91,6.54,0.1
2682,South,2018-05-05,34.61,759.01,5.37,0.54
2683,South,2018-05-06,36.61,697.79,3.21,0.01
2684,South,2018-05-07,32.44,656.36,4.33,0.23
2685,South,2018-05-08,32.66,838.06,3.99,1.9
2686,South,2018-05-09,35.48,695.27,4.87,0.64
2687,South,2018-05-10,35.29,746.75,6.76,0.2
2688,South,2018-05-11,35.92,756.16,4.51,0.15
2689,South,2018-05-12,38.87,682.11,4.58,0.01
2690,South,2018-05-13,35.22,841.86,7.35,0.69
2691,South,2018-05-14,36.09,633.0,5.97,0.03
2692,South,2018-05-15,32.82,739.8,5.49,0.36
2693,South,2018-05-16,36.19,734.99,7.54,0.02
2694,South,2018-05-17,33.48,707.33,5.32,0.14
2695,South,2018-05-18,34.56,604.23,1.58,0.15
2696,South,2018-05-19,34.07,773.9,5.78,0.71
2697,South,2018-05-20,36.23,759.9,2.12,0.21
2698,South,2018-05-21,31.41,642.5,5.17,0.07
2699,South,2018-05-22,29.33,749.22,1.9,0.06
2700,South,2018-05-23,33.34,718.62,3.74,0.14
2701,South,2018-05-24,34.57,582.14,3.88,0.28
2702,South,2018-05-25,33.8,612.17,3.25,0.23
2703,South,2018-05-26,35.82,767.4,3.86,0.19
2704,South,2018-05-27,34.09,696.88,5.91,0.01
2705,South,2018-05-28,31.95,622.73,3.27,0.29
2706,South,2018-05-29,28.28,594.89,5.14,0.21
2707,South,2018-05-30,32.31,617.99,2.86,0.66
2708,South,2018-05-31,34.7,619.26,4.0,0.18
2709,South,2018-06-01,31.71,582.7,4.76,0.07
2710,South,2018-06-02,32.4,506.54,2.76,0.1
2711,South,2018-06-03,33.03,732.55,2.27,0.04
2712,South,2018-06-04,30.01,714.42,4.96,1.28
2713,South,2018-06-05,33.13,530.3,5.89,0.25
2714,South,2018-06-06,35.0,638.41,4.07,0.04
2715,South,2018-06-07,31.23,550.63,3.49,0.17
2716,South,2018-06-08,29.16,597.15,4.39,0.02
2717,South,2018-06-09,31.12,585.73,4.23,0.49
2718,South,2018-06-10,26.65,574.29,4.5,0.05
2719,South,2018-06-11,31.61,763.92,0.33,0.08
2720,South,2018-06-12,31.68,563.6,2.51,0.07
2721,South,2018-06-13,33.96,529.27,2.83,0.11
2722,South,2018-06-14,30.06,528.01,4.32,0.25
2723,South,2018-06-15,31.1,667.57,4.36,0.41
2724,South,2018-06-16,28.39,446.93,5.03,0.04
2725,South,2018-06-17,29.24,513.1,4.45,0.23
2726,South,2018-06-18,26.73,684.84,2.1,0.09
2727,South,2018-06-19,29.23,583.58,6.22,0.79
2728,South,2018-06-20,28.84,574.36,5.95,0.07
2729,South,2018-06-21,29.88,724.5,2.15,0.0
2730,South,2018-06-22,27.86,568.55,4.53,0.14
2731,South,2018-06-23,29.1,487.08,3.13,0.16
2732,South,2018-06-24,28.1,516.06,4.22,0.01
2733,South,2018-06-25,27.93,442.66,5.59,0.24
2734,South,2018-06-26,28.59,628.84,7.2,0.26
2735,South,2018-06-27,28.33,569.18,5.13,0.12
2736,South,2018-06-28,29.6,608.02,4.45,0.23
2737,South,2018-06-29,27.67,609.95,3.49,0.15
2738,South,2018-06-30,27.04,474.61,4.27,0.99
2739,South,2018-07-01,27.2,427.0,6.04,0.18
2740,South,2018-07-02,25.96,493.28,3.93,0.22
2741,South,2018-07-03,26.5,422.43,2.67,0.04
2742,South,2018-07-04,31.11,500.29,1.57,0.06
2743,South,2018-07-05,25.05,572.5,4.77,0.12
2744,South,2018-07-06,26.15,463.33,4.38,0.12
2745,South,2018-07-07,25.76,483.64,3.04,0.3
2746,South,2018-07-08,25.87,458.99,5.55,0.09
2747,South,2018-07-09,25.53,525.59,3.38,0.04
2748,South,2018-07-10,26.58,402.84,3.82,0.06
2749,South,2018-07-11,22.43,275.44,4.0,0.05
2750,South,2018-07-12,27.76,483.74,3.51,0.26
2751,South,2018-07-13,26.78,520.02,4.39,0.13
2752,South,2018-07-14,22.86,471.65,5.77,0.25
2753,South,2018-07-15,20.64,379.69,2.34,0.11
2754,South,2018-07-16,23.06,335.09,4.79,0.44
2755,South,2018-07-17,24.36,460.46,4.33,0.82
2756,South,2018-07-18,29.84,427.25,4.31,0.22
2757,South,2018-07-19,25.6,400.92,5.4,0.4
2758,South,2018-07-20,20.73,551.86,4.17,0.71
2759,South,2018-07-21,22.81,325.43,4.83,2.73
2760,South,2018-07-22,23.92,538.32,5.2,0.36
2761,South,2018-07-23,24.37,394.03,3.38,0.96
2762,South,2018-07-24,21.07,239.84,4.6,0.2
2763,South,2018-07-25,23.27,367.59,3.79,1.51
2764,South,2018-07-26,21.95,453.95,3.98,0.16
2765,South,2018-07-27,21.02,343.3,3.71,0.06
2766,South,2018-07-28,23.59,249.86,4.91,0.09
2767,South,2018-07-29,24.47,350.07,4.34,0.45
2768,South,2018-07-30,24.45,290.08,4.83,0.01
2769,South,2018-07-31,23.77,393.46,4.23,0.18
2770,South,2018-08-01,21.47,411.5,1.86,0.09
2771,South,2018-08-02,23.75,260.68,4.33,0.1
2772,South,2018-08-03,22.79,284.32,4.4,0.43
2773,South,2018-08-04,22.29,396.96,4.69,0.38
2774,South,2018-08-05,20.66,263.42,3.45,0.18
2775,South,2018-08-06,20.75,241.3,2.57,0.32
2776,South,2018-08-07,21.75,229.37,5.32,0.13
2777,South,2018-08-08,26.34,347.68,3.99,0.52
2778,South,2018-08-09,21.93,340.15,4.68,0.09
2779,South,2018-08-10,19.97,256.65,4.02,0.02
2780,South,2018-08-11,19.39,307.79,4.46,0.16
2781,South,2018-08-12,19.94,425.62,3.82,0.07
2782,South,2018-08-13,25.15,221.66,3.06,0.22
2783,South,2018-08-14,19.87,139.63,5.25,0.08
2784,South,2018-08-15,22.36,328.42,3.65,0.11
2785,South,2018-08-16,19.67,279.49,4.83,0.01
2786,South,2018-08-17,20.83,227.89,5.22,4.9
2787,South,2018-08-18,21.77,333.3,3.75,0.14
2788,South,2018-08-19,18.92,344.77,2.85,0.0
2789,South,2018-08-20,18.67,97.54,8.32,0.16
2790,South,2018-08-21,23.16,218.63,3.92,0.41
2791,South,2018-08-22,21.7,452.94,5.67,0.3
2792,South,2018-08-23,21.2,310.98,7.67,0.24
2793,South,2018-08-24,21.09,315.23,5.97,0.03
2794,South,2018-08-25,20.33,351.89,4.37,0.21
2795,South,2018-08-26,23.35,256.4,4.74,0.29
2796,South,2018-08-27,19.3,315.83,3.62,0.17
2797,South,2018-08-28,20.27,306.67,6.22,2.23
2798,South,2018-08-29,16.13,289.55,5.78,0.06
2799,South,2018-08-30,17.29,217.94,4.19,0.06
2800,South,2018-08-31,16.45,254.82,3.43,0.41
2801,South,2018-09-01,21.31,191.42,3.04,0.2
2802,South,2018-09-02,13.57,237.02,6.53,0.0
2803,South,2018-09-03,17.79,140.1,5.26,0.09
2804,South,2018-09-04,12.53,168.0,5.43,0.39
2805,South,2018-09-05,16.78,206.41,3.91,0.01
2806,South,2018-09-06,17.39,151.32,2.98,0.0
2807,South,2018-09-07,21.07,184.32,6.65,0.07
2808,South,2018-09-08,19.03,209.6,5.3,0.49
2809,South,2018-09-09,16.51,252.96,6.63,2.32
2810,South,2018-09-10,20.24,294.88,4.72,0.15
2811,South,2018-09-11,18.09,180.07,4.98,0.16
2812,South,2018-09-12,18.07,322.3,6.44,0.4
2813,South,2018-09-13,15.54,288.98,6.5,0.06
2814,South,2018-09-14,15.91,252.71,6.63,0.34
2815,South,2018-09-15,16.19,223.25,5.02,0.02
2816,South,2018-09-16,17.89,235.15,6.42,0.67
2817,South,2018-09-17,17.91,303.33,7.19,0.2
2818,South,2018-09-18,20.81,305.08,5.41,0.02
2819,South,2018-09-19,18.45,312.91,4.83,0.15
2820,South,2018-09-20,12.24,208.43,7.65,0.17
2821,South,2018-09-21,18.15,248.61,4.68,0.27
2822,South,2018-09-22,14.69,310.88,6.64,0.05
2823,South,2018-09-23,15.64,152.77,5.65,0.07
2824,South,2018-09-24,15.92,176.55,3.01,0.17
2825,South,2018-09-25,16.2,202.75,7.5,0.82
2826,South,2018-09-26,14.76,272.97,1.7,0.25
2827,South,2018-09-27,17.91,273.84,2.89,0.85
2828,South,2018-09-28,14.67,181.87,6.7,0.25
2829,South,2018-09-29,18.2,79.45,6.73,0.35
2830,South,2018-09-30,21.95,219.72,5.02,0.09
2831,South,2018-10-01,14.82,126.54,6.23,0.07
2832,South,2018-10-02,16.91,80.87,2.25,0.01
2833,South,2018-10-03,12.44,99.12,7.14,0.09
2834,South,2018-10-04,16.89,226.58,6.49,0.8
2835,South,2018-10-05,18.79,309.69,6.08,0.11
2836,South,2018-10-06,18.96,204.34,6.21,0.17
2837,South,2018-10-07,17.69,218.65,6.95,0.0
2838,South,2018-10-08,19.34,296.96,6.21,0.25
2839,South,2018-10-09,22.67,79.46,3.47,0.04
2840,South,2018-10-10,21.03,245.41,9.61,0.03
2841,South,2018-10-11,16.59,203.73,8.15,0.08
2842,South,2018-10-12,14.76,250.89,4.46,0.29
2843,South,2018-10-13,16.89,167.97,5.9,0.02
2844,South,2018-10-14,15.84,142.33,6.1,0.05
2845,South,2018-10-15,18.68,220.22,8.1,0.0
2846,South,2018-10-16,15.46,342.21,3.28,0.69
2847,South,2018-10-17,17.72,280.53,5.8,0.18
2848,South,2018-10-18,19.59,172.51,3.94,0.25
2849,South,2018-10-19,17.77,107.41,6.19,1.05
2850,South,2018-10-20,16.13,81.76,5.94,0.03
2851,South,2018-10-21,20.43,323.33,6.8,0.18
2852,South,2018-10-22,14.38,143.44,5.81,0.03
2853,South,2018-10-23,17.55,195.7,5.62,0.1
2854,South,2018-10-24,18.19,329.41,7.71,0.17
2855,South,2018-10-25,18.37,96.65,7.49,0.16
2856,South,2018-10-26,18.77,347.28,7.67,0.03
2857,South,2018-10-27,19.7,209.82,6.61,0.01
2858,South,2018-10-28,18.49,140.52,6.05,0.32
2859,South,2018-10-29,17.9,214.99,6.76,0.26
2860,South,2018-10-30,17.91,179.42,7.72,0.02
2861,South,2018-10-31,17.58,275.03,3.73,0.03
2862,South,2018-11-01,20.47,190.52,7.62,2.23
2863,South,2018-11-02,17.69,92.12,7.52,0.29
2864,South,2018-11-03,20.77,230.17,7.18,1.11
2865,South,2018-11-04,19.21,142.13,6.89,0.06
2866,South,2018-11-05,18.22,269.9,3.29,0.13
2867,South,2018-11-06,20.6,161.57,6.51,0.05
2868,South,2018-11-07,18.01,220.55,9.88,0.19
2869,South,2018-11-08,20.85,277.32,7.24,0.02
2870,South,2018-11-09,20.1,248.91,6.79,0.03
2871,South,2018-11-10,18.59,289.21,7.3,0.01
2872,South,2018-11-11,20.95,326.93,7.84,0.24
2873,South,2018-11-12,21.1,183.27,8.32,0.14
2874,South,2018-11-13,22.44,274.22,7.01,0.19
2875,South,2018-11-14,22.18,16.55,8.02,2.11
2876,South,2018-11-15,21.35,306.29,9.92,0.27
2877,South,2018-11-16,18.23,266.1,8.94,0.12
2878,South,2018-11-17,25.51,215.21,10.96,0.83
2879,South,2018-11-18,17.93,322.92,6.49,0.12
2880,South,2018-11-19,22.76,395.33,10.01,0.02
2881,South,2018-11-20,21.86,267.33,6.34,0.98
2882,South,2018-11-21,18.78,233.79,8.07,0.02
2883,South,2018-11-22,21.01,326.59,8.66,0.16
2884,South,2018-11-23,21.24,210.61,6.82,0.07
2885,South,2018-11-24,24.14,268.75,7.74,0.14
2886,South,2018-11-25,20.24,423.55,8.99,0.16
2887,South,2018-11-26,21.29,334.96,6.58,0.05
2888,South,2018-11-27,17.28,183.91,10.17,0.16
2889,South,2018-11-28,25.57,194.84,5.61,0.28
2890,South,2018-11-29,20.1,355.94,10.61,0.06
2891,South,2018-11-30,23.05,416.39,9.22,0.1
2892,South,2018-12-01,22.34,222.46,7.6,0.06
2893,South,2018-12-02,22.5,392.36,7.15,0.34
2894,South,2018-12-03,24.46,467.36,7.01,0.26
2895,South,2018-12-04,26.34,516.56,7.58,0.41
2896,South,2018-12-05,23.65,396.67,7.73,0.04
2897,South,2018-12-06,24.62,415.39,9.7,0.02
2898,South,2018-12-07,24.12,208.9,10.78,0.03
2899,South,2018-12-08,25.66,552.28,8.14,0.04
2900,South,2018-12-09,22.86,343.04,6.59,0.15
2901,South,2018-12-10,26.09,319.22,7.05,0.71
2902,South,2018-12-11,26.33,378.33,7.61,0.09
2903,South,2018-12-12,26.43,524.55,6.35,0.64
2904,South,2018-12-13,23.11,585.17,6.14,0.01
2905,South,2018-12-14,24.26,423.49,11.06,2.62
2906,South,2018-12-15,25.24,498.26,8.38,0.04
2907,South,2018-12-16,22.18,426.85,6.68,0.49
2908,South,2018-12-17,28.28,345.37,9.17,0.01
2909,South,2018-12-18,25.24,551.56,6.18,0.59
2910,South,2018-12-19,26.0,388.7,6.31,0.04
2911,South,2018-12-20,24.44,566.37,6.76,0.07
2912,South,2018-12-21,23.11,552.5,10.45,0.14
2913,South,2018-12-22,24.73,502.83,7.6,0.1
2914,South,2018-12-23,26.55,605.13,4.32,0.22
2915,South,2018-12-24,27.62,642.53,9.8,3.68
2916,South,2018-12-25,26.77,455.05,7.53,0.19
2917,South,2018-12-26,27.31,409.51,5.22,0.26
2918,South,2018-12-27,26.12,330.22,7.52,0.02
2919,South,2018-12-28,27.96,664.09,8.78,0.99
2920,South,2018-12-29,30.1,454.5,8.6,0.12
2921,South,2018-12-30,28.72,585.64,10.7,0.43
2922,South,2018-12-31,29.1,440.7,6.72,0.1
2923,South,2019-01-01,28.24,628.23,8.07,0.23
2924,South,2019-01-02,24.82,454.32,6.95,0.05
2925,South,2019-01-03,25.91,420.15,5.68,0.06
2926,South,2019-01-04,29.08,503.96,9.32,0.09
2927,South,2019-01-05,28.32,483.25,8.69,0.07
2928,South,2019-01-06,29.39,578.63,8.41,0.06
2929,South,2019-01-07,32.03,531.95,8.63,0.01
2930,South,2019-01-08,30.3,591.4,6.95,0.36
2931,South,2019-01-09,31.54,523.01,6.47,0.01
2932,South,2019-01-10,29.38,498.18,8.03,0.44
2933,South,2019-01-11,27.75,509.78,9.71,0.03
2934,South,2019-01-12,29.41,725.13,10.37,0.01
2935,South,2019-01-13,28.09,584.59,9.14,0.17
2936,South,2019-01-14,32.98,412.9,7.99,0.14
2937,South,2019-01-15,31.61,534.99,8.34,0.14
2938,South,2019-01-16,31.24,589.34,7.94,0.17
2939,South,2019-01-17,32.84,734.18,6.38,0.07
2940,South,2019-01-18,26.49,673.77,7.94,0.22
2941,South,2019-01-19,31.87,522.64,5.89,0.14
2942,South,2019-01-20,28.23,794.73,7.7,0.08
2943,South,2019-01-21,31.0,603.61,10.32,0.35
2944,South,2019-01-22,30.55,710.62,9.09,0.26
2945,South,2019-01-23,32.66,523.3,6.46,0.5
2946,South,2019-01-24,31.95,428.59,7.72,0.38
2947,South,2019-01-25,34.34,512.48,6.57,0.51
2948,South,2019-01-26,30.6,369.81,7.71,0.15
2949,South,2019-01-27,33.38,803.44,9.35,0.05
2950,South,2019-01-28,32.44,656.23,8.75,0.49
2951,South,2019-01-29,29.0,569.65,11.48,0.04
2952,South,2019-01-30,30.58,684.34,9.53,0.01
2953,South,2019-01-31,32.27,667.75,8.03,0.08
2954,South,2019-02-01,34.94,706.7,8.72,1.3
2955,South,2019-02-02,33.79,758.16,7.38,0.51
2956,South,2019-02-03,30.67,642.54,5.98,0.2
2957,South,2019-02-04,32.87,599.62,9.61,0.61
2958,South,2019-02-05,37.32,740.46,9.14,0.02
2959,South,2019-02-06,33.65,742.6,7.25,0.01
2960,South,2019-02-07,32.91,690.6,8.0,0.19
2961,South,2019-02-08,34.68,860.82,9.43,3.38
2962,South,2019-02-09,35.36,655.6,8.81,0.14
2963,South,2019-02-10,33.05,622.6,5.33,0.01
2964,South,2019-02-11,35.1,731.94,7.87,0.05
2965,South,2019-02-12,33.57,648.34,7.23,0.06
2966,South,2019-02-13,35.79,745.76,9.12,0.08
2967,South,2019-02-14,34.81,643.2,8.98,0.01
2968,South,2019-02-15,35.56,681.48,9.38,0.47
2969,South,2019-02-16,33.2,868.36,5.7,0.14
2970,South,2019-02-17,33.19,688.18,6.18,0.22
2971,South,2019-02-18,36.84,660.18,9.0,0.01
2972,South,2019-02-19,34.9,821.15,6.42,0.06
2973,South,2019-02-20,35.74,646.74,5.0,0.18
2974,South,2019-02-21,34.67,678.65,8.05,0.44
2975,South,2019-02-22,37.19,783.41,6.4,0.15
2976,South,2019-02-23,34.28,815.48,9.88,0.42
2977,South,2019-02-24,35.32,841.1,7.61,0.33
2978,South,2019-02-25,37.27,686.67,7.38,0.02
2979,South,2019-02-26,38.14,797.03,6.56,0.05
2980,South,2019-02-27,34.84,714.9,9.47,1.07
2981,South,2019-02-28,39.9,706.49,7.59,0.12
2982,South,2019-03-01,36.69,853.89,6.41,0.07
2983,South,2019-03-02,34.07,716.27,5.8,0.11
2984,South,2019-03-03,36.98,785.02,6.85,0.12
2985,South,2019-03-04,35.55,777.67,5.47,0.48
2986,South,2019-03-05,37.27,681.93,8.45,0.02
2987,South,2019-03-06,36.39,847.18,4.16,0.07
2988,South,2019-03-07,36.7,816.93,6.63,0.15
2989,South,2019-03-08,34.8,615.34,7.73,0.24
2990,South,2019-03-09,38.67,798.49,7.29,0.2
2991,South,2019-03-10,34.44,716.42,5.67,0.57
2992,South,2019-03-11,34.6,867.92,7.71,0.32
2993,South,2019-03-12,37.61,666.32,5.35,0.16
2994,South,2019-03-13,40.14,755.16,6.62,0.05
2995,South,2019-03-14,36.28,814.28,7.6,0.12
2996,South,2019-03-15,38.44,791.22,7.28,0.24
2997,South,2019-03-16,39.24,849.38,5.54,1.82
2998,South,2019-03-17,38.77,668.25,8.32,0.64
2999,South,2019-03-18,36.56,923.17,6.62,0.19
3000,South,2019-03-19,35.04,834.24,7.57,0.15
3001,South,2019-03-20,32.84,902.13,8.71,0.0
3002,South,2019-03-21,36.77,864.33,8.06,0.07
3003,South,2019-03-22,39.68,794.41,8.03,0.03
3004,South,2019-03-23,35.1,693.47,6.61,0.01
3005,South,2019-03-24,38.78,751.9,7.47,0.1
3006,South,2019-03-25,35.5,924.83,6.57,0.41
3007,South,2019-03-26,37.63,909.1,4.4,0.2
3008,South,2019-03-27,38.85,749.21,6.63,0.15
3009,South,2019-03-28,36.13,573.73,6.53,0.18
3010,South,2019-03-29,37.8,782.52,6.99,0.13
3011,South,2019-03-30,36.64,776.76,5.89,0.07
3012,South,2019-03-31,38.89,779.95,4.9,0.61
3013,South,2019-04-01,37.95,842.28,6.99,0.02
3014,South,2019-04-02,37.59,870.07,4.0,0.56
3015,South,2019-04-03,40.59,879.09,8.13,0.07
3016,South,2019-04-04,38.79,835.32,5.56,0.14
3017,South,2019-04-05,36.08,655.31,6.24,0.02
3018,South,2019-04-06,37.27,771.7,6.67,0.01
3019,South,2019-04-07,37.28,982.86,6.69,0.56
3020,South,2019-04-08,37.57,827.91,3.65,0.27
3021,South,2019-04-09,42.44,826.76,6.97,0.06
3022,South,2019-04-10,38.11,825.36,6.15,0.17
3023,South,2019-04-11,33.27,829.01,4.71,0.33
3024,South,2019-04-12,36.22,604.23,4.51,0.1
3025,South,2019-04-13,33.41,774.72,5.1,0.47
3026,South,2019-04-14,36.58,789.77,3.62,0.39
3027,South,2019-04-15,33.23,894.16,8.11,0.15
3028,South,2019-04-16,35.42,794.2,7.73,0.05
3029,South,2019-04-17,34.07,657.32,6.14,0.21
3030,South,2019-04-18,37.83,822.02,5.1,0.62
3031,South,2019-04-19,37.02,721.8,5.1,0.05
3032,South,2019-04-20,37.57,687.17,6.5,0.33
3033,South,2019-04-21,36.7,716.1,7.97,0.09
3034,South,2019-04-22,34.06,824.46,4.45,0.85
3035,South,2019-04-23,37.81,879.92,3.59,0.09
3036,South,2019-04-24,40.57,815.92,7.56,0.09
3037,South,2019-04-25,37.47,825.84,2.52,1.01
3038,South,2019-04-26,35.73,811.03,3.66,0.65
3039,South,2019-04-27,33.66,779.11,4.77,0.75
3040,South,2019-04-28,34.62,824.51,2.77,0.25
3041,South,2019-04-29,37.27,572.92,6.75,0.28
3042,South,2019-04-30,38.43,772.89,6.34,0.17
3043,South,2019-05-01,36.72,677.92,4.16,0.28
3044,South,2019-05-02,37.71,851.97,6.91,0.39
3045,South,2019-05-03,37.44,744.52,7.13,0.13
3046,South,2019-05-04,36.94,756.05,4.76,0.19
3047,South,2019-05-05,34.52,630.37,4.23,0.15
3048,South,2019-05-06,36.09,829.25,8.26,0.83
3049,South,2019-05-07,33.95,795.15,5.93,0.44
3050,South,2019-05-08,35.58,786.5,5.2,0.09
3051,South,2019-05-09,36.1,673.81,6.84,0.05
3052,South,2019-05-10,38.69,673.8,5.22,0.61
3053,South,2019-05-11,32.61,750.35,3.98,0.05
3054,South,2019-05-12,36.08,673.61,4.83,0.14
3055,South,2019-05-13,37.97,760.59,6.24,2.34
3056,South,2019-05-14,36.41,549.49,1.67,0.96
3057,South,2019-05-15,36.44,679.86,4.2,0.39
3058,South,2019-05-16,35.83,859.04,6.68,0.04
3059,South,2019-05-17,37.13,746.83,3.81,0.46
3060,South,2019-05-18,32.24,721.33,6.88,0.18
3061,South,2019-05-19,31.52,863.05,6.66,0.01
3062,South,2019-05-20,34.15,513.54,4.41,0.2
3063,South,2019-05-21,29.71,631.32,3.64,0.6
3064,South,2019-05-22,36.36,660.52,4.04,0.02
3065,South,2019-05-23,36.21,757.3,8.44,0.17
3066,South,2019-05-24,32.77,754.64,7.24,0.49
3067,South,2019-05-25,32.75,611.21,4.59,0.01
3068,South,2019-05-26,33.21,756.17,3.47,0.2
3069,South,2019-05-27,33.32,639.87,4.54,0.13
3070,South,2019-05-28,33.33,764.81,4.71,0.09
3071,South,2019-05-29,34.05,580.96,2.46,0.2
3072,South,2019-05-30,32.44,649.35,4.42,0.01
3073,South,2019-05-31,34.53,615.61,6.27,0.28
3074,South,2019-06-01,33.38,734.85,1.57,0.0
3075,South,2019-06-02,31.13,604.06,5.49,0.07
3076,South,2019-06-03,34.86,637.95,6.3,0.7
3077,South,2019-06-04,29.32,677.32,3.38,0.09
3078,South,2019-06-05,31.7,675.78,6.75,0.07
3079,South,2019-06-06,33.66,698.46,3.15,0.36
3080,South,2019-06-07,30.13,639.7,4.84,0.55
3081,South,2019-06-08,32.03,584.62,3.7,0.41
3082,South,2019-06-09,32.34,585.34,3.69,0.15
3083,South,2019-06-10,29.38,610.57,3.21,0.43
3084,South,2019-06-11,30.79,623.65,5.17,0.51
3085,South,2019-06-12,30.46,587.05,5.38,0.11
3086,South,2019-06-13,29.51,595.47,4.0,0.33
3087,South,2019-06-14,35.05,467.63,2.05,0.02
3088,South,2019-06-15,28.76,637.46,4.68,0.13
3089,South,2019-06-16,32.13,593.59,4.7,0.58
3090,South,2019-06-17,29.16,654.26,3.74,0.16
3091,South,2019-06-18,27.61,569.1,6.85,0.22
3092,South,2019-06-19,29.82,424.98,1.7,0.02
3093,South,2019-06-20,30.74,530.33,0.71,0.03
3094,South,2019-06-21,31.12,537.94,2.94,0.12
3095,South,2019-06-22,32.23,608.27,5.09,0.6
3096,South,2019-06-23,34.83,378.12,2.44,0.09
3097,South,2019-06-24,29.27,541.92,2.55,0.42
3098,South,2019-06-25,27.27,574.59,5.44,0.03
3099,South,2019-06-26,29.33,475.44,4.7,0.96
3100,South,2019-06-27,27.72,529.19,4.57,0.18
3101,South,2019-06-28,29.93,467.9,5.18,0.39
3102,South,2019-06-29,25.32,454.54,3.36,0.0
3103,South,2019-06-30,32.47,475.07,3.43,0.04
3104,South,2019-07-01,29.28,445.73,5.21,0.05
3105,South,2019-07-02,24.03,552.11,1.98,0.6
3106,South,2019-07-03,25.8,433.46,0.79,0.03
3107,South,2019-07-04,28.68,414.86,3.35,0.01
3108,South,2019-07-05,29.23,623.37,5.4,0.15
3109,South,2019-07-06,24.16,553.64,4.39,0.15
3110,South,2019-07-07,27.96,322.72,5.29,1.86
3111,South,2019-07-08,22.47,405.32,0.99,0.59
3112,South,2019-07-09,26.01,480.77,4.49,0.15
3113,South,2019-07-10,28.25,482.16,5.0,0.53
3114,South,2019-07-11,24.75,331.92,2.0,0.26
3115,South,2019-07-12,22.67,538.76,5.33,0.06
3116,South,2019-07-13,25.81,507.02,3.87,0.53
3117,South,2019-07-14,24.13,474.5,8.65,0.22
3118,South,2019-07-15,26.44,539.45,0.79,0.53
3119,South,2019-07-16,23.24,462.08,6.12,0.23
3120,South,2019-07-17,23.3,456.79,3.48,0.1
3121,South,2019-07-18,20.64,540.55,1.65,0.02
3122,South,2019-07-19,24.85,499.08,3.3,0.25
3123,South,2019-07-20,24.03,338.75,4.52,0.35
3124,South,2019-07-21,21.81,451.83,5.67,0.26
3125,South,2019-07-22,24.41,343.17,6.71,0.05
3126,South,2019-07-23,25.92,431.82,6.27,3.14
3127,South,2019-07-24,23.27,424.82,2.7,0.01
3128,South,2019-07-25,24.08,271.25,5.86,0.4
3129,South,2019-07-26,23.93,367.45,4.76,0.3
3130,South,2019-07-27,20.82,393.72,3.21,0.01
3131,South,2019-07-28,27.19,332.94,3.89,0.1
3132,South,2019-07-29,21.98,388.4,3.16,0.2
3133,South,2019-07-30,24.08,423.12,4.29,0.43
3134,South,2019-07-31,24.16,351.67,3.16,0.91
3135,South,2019-08-01,22.19,367.6,2.73,0.33
3136,South,2019-08-02,23.53,455.86,5.01,0.13
3137,South,2019-08-03,22.66,378.64,5.25,0.26
3138,South,2019-08-04,19.19,352.49,4.04,0.37
3139,South,2019-08-05,21.22,255.48,6.39,0.13
3140,South,2019-08-06,20.52,381.55,3.97,0.31
3141,South,2019-08-07,20.68,350.08,3.93,0.13
3142,South,2019-08-08,18.86,422.21,5.39,0.1
3143,South,2019-08-09,23.58,319.16,4.22,0.15
3144,South,2019-08-10,24.4,166.07,4.57,0.23
3145,South,2019-08-11,23.01,171.37,0.69,1.3
3146,South,2019-08-12,23.47,362.31,4.51,0.09
3147,South,2019-08-13,20.11,253.97,1.77,0.17
3148,South,2019-08-14,19.4,330.71,2.7,0.48
3149,South,2019-08-15,18.99,301.15,2.56,0.75
3150,South,2019-08-16,21.71,274.98,3.02,0.05
3151,South,2019-08-17,20.76,276.99,3.78,0.04
3152,South,2019-08-18,20.03,211.9,3.9,0.23
3153,South,2019-08-19,22.66,276.37,5.65,0.11
3154,South,2019-08-20,20.76,227.44,5.02,0.0
3155,South,2019-08-21,18.16,241.05,1.86,0.09
3156,South,2019-08-22,18.37,241.64,4.86,1.64
3157,South,2019-08-23,20.99,246.17,5.24,0.32
3158,South,2019-08-24,21.6,334.92,4.3,0.68
3159,South,2019-08-25,20.52,247.67,4.73,0.13
3160,South,2019-08-26,23.11,336.93,5.13,0.17
3161,South,2019-08-27,22.49,375.12,6.02,0.05
3162,South,2019-08-28,20.0,317.62,2.54,0.15
3163,South,2019-08-29,17.35,289.18,4.56,0.0
3164,South,2019-08-30,16.32,269.85,7.22,0.13
3165,South,2019-08-31,18.07,310.29,7.12,0.08
3166,South,2019-09-01,20.27,245.64,6.3,0.22
3167,South,2019-09-02,22.33,314.76,5.86,0.2
3168,South,2019-09-03,19.43,282.71,7.56,0.1
3169,South,2019-09-04,20.86,202.46,7.99,0.01
3170,South,2019-09-05,17.96,300.66,4.95,0.29
3171,South,2019-09-06,19.62,234.14,3.72,0.2
3172,South,2019-09-07,19.95,216.23,4.8,0.02
3173,South,2019-09-08,14.28,184.62,9.88,0.02
3174,South,2019-09-09,17.35,234.06,2.91,0.21
3175,South,2019-09-10,20.01,298.65,4.59,0.28
3176,South,2019-09-11,18.6,288.29,3.21,0.08
3177,South,2019-09-12,15.6,243.76,5.55,0.13
3178,South,2019-09-13,13.08,261.87,3.59,0.58
3179,South,2019-09-14,17.16,314.12,5.27,0.58
3180,South,2019-09-15,17.7,198.96,2.54,0.37
3181,South,2019-09-16,16.03,120.39,6.42,0.33
3182,South,2019-09-17,18.04,312.45,7.36,0.18
3183,South,2019-09-18,18.73,164.81,4.99,0.74
3184,South,2019-09-19,19.02,150.89,5.4,0.13
3185,South,2019-09-20,12.94,61.43,5.39,0.3
3186,South,2019-09-21,14.99,249.92,5.94,0.29
3187,South,2019-09-22,16.98,73.68,5.64,0.69
3188,South,2019-09-23,18.71,142.65,6.89,0.32
3189,South,2019-09-24,18.53,249.08,7.62,0.06
3190,South,2019-09-25,18.47,259.22,4.58,0.03
3191,South,2019-09-26,16.75,148.87,5.37,0.11
3192,South,2019-09-27,16.84,189.89,7.22,0.58
3193,South,2019-09-28,16.03,130.53,3.77,0.14
3194,South,2019-09-29,19.02,156.26,2.98,1.01
3195,South,2019-09-30,15.64,221.32,6.31,0.2
3196,South,2019-10-01,19.18,159.87,6.75,0.03
3197,South,2019-10-02,17.9,180.53,4.96,0.1
3198,South,2019-10-03,17.4,83.05,5.21,0.25
3199,South,2019-10-04,16.18,291.11,4.97,0.72
3200,South,2019-10-05,14.8,241.61,4.85,0.04
3201,South,2019-10-06,16.22,264.66,7.22,0.53
3202,South,2019-10-07,16.88,304.97,4.44,0.02
3203,South,2019-10-08,12.82,136.32,5.85,0.06
3204,South,2019-10-09,17.19,174.35,4.93,0.09
3205,South,2019-10-10,19.45,52.21,4.13,0.16
3206,South,2019-10-11,18.77,455.89,7.66,0.05
3207,South,2019-10-12,16.67,193.64,5.61,0.05
3208,South,2019-10-13,17.79,289.74,6.7,0.3
3209,South,2019-10-14,16.63,108.72,4.19,0.66
3210,South,2019-10-15,18.08,288.69,5.37,0.39
3211,South,2019-10-16,20.9,358.89,7.65,0.23
3212,South,2019-10-17,19.81,206.84,10.43,0.06
3213,South,2019-10-18,18.96,132.26,3.62,0.53
3214,South,2019-10-19,16.98,203.58,6.32,0.22
3215,South,2019-10-20,19.52,38.18,7.27,0.32
3216,South,2019-10-21,14.71,215.01,5.76,0.01
3217,South,2019-10-22,17.64,285.53,7.99,0.18
3218,South,2019-10-23,19.37,218.88,5.45,0.75
3219,South,2019-10-24,19.75,200.98,7.01,0.07
3220,South,2019-10-25,19.68,267.97,6.03,0.06
3221,South,2019-10-26,19.0,276.22,8.67,0.17
3222,South,2019-10-27,18.09,97.32,5.86,0.25
3223,South,2019-10-28,19.64,239.51,6.38,0.01
3224,South,2019-10-29,16.73,429.66,8.35,0.17
3225,South,2019-10-30,17.03,130.43,5.42,0.04
3226,South,2019-10-31,18.93,232.93,7.1,0.03
3227,South,2019-11-01,19.24,397.71,4.29,0.2
3228,South,2019-11-02,15.33,333.39,5.42,0.07
3229,South,2019-11-03,19.98,206.74,7.66,0.58
3230,South,2019-11-04,20.71,267.14,5.63,0.09
3231,South,2019-11-05,19.11,253.39,6.32,1.05
3232,South,2019-11-06,24.11,196.69,7.91,0.13
3233,South,2019-11-07,18.1,253.65,6.33,0.66
3234,South,2019-11-08,18.85,240.32,8.46,0.09
3235,South,2019-11-09,18.89,274.93,7.57,0.27
3236,South,2019-11-10,19.63,209.3,7.93,0.06
3237,South,2019-11-11,19.24,170.38,9.17,0.71
3238,South,2019-11-12,17.2,272.61,7.81,0.16
3239,South,2019-11-13,19.03,416.58,9.66,0.08
3240,South,2019-11-14,20.05,289.48,8.75,0.13
3241,South,2019-11-15,22.82,259.98,6.62,0.07
3242,South,2019-11-16,24.89,350.49,9.37,0.0
3243,South,2019-11-17,23.28,281.22,7.85,0.05
3244,South,2019-11-18,19.18,447.11,6.88,0.24
3245,South,2019-11-19,19.47,301.2,7.92,0.29
3246,South,2019-11-20,20.67,361.45,9.19,0.07
3247,South,2019-11-21,24.69,249.0,8.23,0.52
3248,South,2019-11-22,20.93,353.63,10.3,0.01
3249,South,2019-11-23,18.74,339.46,9.22,0.05
3250,South,2019-11-24,20.53,317.06,8.39,0.3
3251,South,2019-11-25,23.19,285.62,6.09,0.19
3252,South,2019-11-26,23.19,278.95,7.38,0.05
3253,South,2019-11-27,21.55,356.86,7.77,0.06
3254,South,2019-11-28,23.47,388.91,8.73,0.34
3255,South,2019-11-29,17.7,332.8,8.66,0.05
3256,South,2019-11-30,22.6,370.38,7.98,0.08
3257,South,2019-12-01,24.26,348.83,7.92,0.22
3258,South,2019-12-02,21.03,364.26,8.84,0.16
3259,South,2019-12-03,21.17,344.9,6.48,0.12
3260,South,2019-12-04,19.26,366.97,10.33,0.46
3261,South,2019-12-05,26.33,586.01,4.73,0.05
3262,South,2019-12-06,21.87,399.77,10.0,0.27
3263,South,2019-12-07,23.95,431.18,7.76,0.03
3264,South,2019-12-08,24.83,419.34,9.35,0.19
3265,South,2019-12-09,26.81,368.06,8.4,0.41
3266,South,2019-12-10,23.63,497.42,8.39,0.61
3267,South,2019-12-11,23.03,375.45,8.71,0.26
3268,South,2019-12-12,24.61,488.02,9.11,0.34
3269,South,2019-12-13,27.0,381.79,7.41,0.03
3270,South,2019-12-14,24.25,336.66,9.47,0.24
3271,South,2019-12-15,22.85,447.64,6.3,0.5
3272,South,2019-12-16,21.84,335.02,7.93,0.17
3273,South,2019-12-17,22.65,471.25,9.2,0.04
3274,South,2019-12-18,26.99,337.89,9.44,0.03
3275,South,2019-12-19,24.79,412.95,8.65,0.06
3276,South,2019-12-20,24.38,328.99,7.37,0.02
3277,South,2019-12-21,24.33,674.55,9.32,0.14
3278,South,2019-12-22,26.11,321.39,6.97,0.01
3279,South,2019-12-23,25.63,459.6,10.61,0.05
3280,South,2019-12-24,25.73,555.4,7.86,0.12
3281,South,2019-12-25,29.15,551.98,5.68,0.13
3282,South,2019-12-26,29.7,542.32,6.2,0.17
3283,South,2019-12-27,23.57,453.98,8.06,0.24
3284,South,2019-12-28,27.62,592.6,8.21,0.01
3285,South,2019-12-29,25.58,562.74,10.95,0.02
3286,South,2019-12-30,26.81,511.82,6.44,0.01
3287,South,2019-12-31,28.1,519.25,8.06,0.55
3288,South,2020-01-01,27.23,480.85,6.41,0.01
3289,South,2020-01-02,28.28,437.55,7.26,1.37
3290,South,2020-01-03,29.34,614.46,10.52,0.05
3291,South,2020-01-04,28.76,625.62,6.29,0.56
3292,South,2020-01-05,27.05,455.06,8.87,0.13
3293,South,2020-01-06,27.25,518.63,8.58,0.59
3294,South,2020-01-07,25.8,524.59,7.95,0.3
3295,South,2020-01-08,27.14,538.57,8.76,0.25
3296,South,2020-01-09,32.95,551.44,6.24,0.19
3297,South,2020-01-10,27.61,627.14,10.45,0.55
3298,South,2020-01-11,26.97,496.69,10.85,0.11
3299,South,2020-01-12,30.17,493.82,8.03,0.33
3300,South,2020-01-13,29.48,665.51,11.58,0.1
3301,South,2020-01-14,29.47,534.59,7.34,0.36
3302,South,2020-01-15,32.85,475.56,8.53,0.06
3303,South,2020-01-16,31.3,542.78,10.07,0.07
3304,South,2020-01-17,29.3,560.14,7.23,0.23
3305,South,2020-01-18,29.68,715.87,5.83,0.05
3306,South,2020-01-19,29.69,670.37,5.48,0.05
3307,South,2020-01-20,32.6,693.06,10.97,0.07
3308,South,2020-01-21,30.4,671.7,7.08,0.23
3309,South,2020-01-22,27.59,686.62,7.58,0.44
3310,South,2020-01-23,31.24,560.65,6.18,0.22
3311,South,2020-01-24,28.42,604.56,9.25,0.35
3312,South,2020-01-25,36.02,545.96,6.65,0.16
3313,South,2020-01-26,29.88,612.99,7.07,0.01
3314,South,2020-01-27,31.64,689.2,8.24,0.02
3315,South,2020-01-28,32.63,649.83,6.18,0.16
3316,South,2020-01-29,31.69,748.54,7.49,0.08
3317,South,2020-01-30,31.84,556.82,9.84,0.05
3318,South,2020-01-31,33.41,692.62,8.36,0.13
3319,South,2020-02-01,35.77,557.16,7.9,0.22
3320,South,2020-02-02,34.39,668.94,8.01,0.1
3321,South,2020-02-03,35.96,724.96,7.08,0.32
3322,South,2020-02-04,31.05,652.85,10.64,0.27
3323,South,2020-02-05,33.92,718.33,6.41,0.27
3324,South,2020-02-06,33.74,601.64,7.92,0.84
3325,South,2020-02-07,34.27,549.45,7.76,0.07
3326,South,2020-02-08,36.45,731.18,9.08,0.21
3327,South,2020-02-09,33.39,830.15,9.2,0.39
3328,South,2020-02-10,33.15,614.91,7.47,0.17
3329,South,2020-02-11,35.16,796.27,7.94,0.31
3330,South,2020-02-12,30.67,705.81,7.97,0.11
3331,South,2020-02-13,33.88,599.26,4.05,0.18
3332,South,2020-02-14,34.21,619.32,5.05,0.01
3333,South,2020-02-15,32.76,714.76,6.5,0.85
3334,South,2020-02-16,36.83,684.74,6.54,0.32
3335,South,2020-02-17,32.71,615.59,5.56,0.41
3336,South,2020-02-18,34.68,588.57,8.45,0.24
3337,South,2020-02-19,35.65,659.75,7.31,0.04
3338,South,2020-02-20,37.88,746.33,6.96,0.03
3339,South,2020-02-21,35.26,733.58,5.37,0.4
3340,South,2020-02-22,37.26,697.18,7.16,0.1
3341,South,2020-02-23,36.89,756.56,3.26,0.06
3342,South,2020-02-24,35.84,826.66,6.92,0.16
3343,South,2020-02-25,33.52,777.97,7.24,0.11
3344,South,2020-02-26,32.92,739.65,7.47,0.21
3345,South,2020-02-27,36.1,826.43,4.74,0.66
3346,South,2020-02-28,34.89,678.16,7.39,0.24
3347,South,2020-02-29,37.91,739.64,5.46,0.38
3348,South,2020-03-01,37.65,744.15,5.78,0.04
3349,South,2020-03-02,35.87,663.81,8.04,0.08
3350,South,2020-03-03,34.0,731.63,9.96,0.57
3351,South,2020-03-04,37.42,601.6,6.98,0.65
3352,South,2020-03-05,34.44,922.86,5.65,0.09
3353,South,2020-03-06,35.03,697.11,7.13,0.1
3354,South,2020-03-07,34.66,901.13,8.22,0.21
3355,South,2020-03-08,36.41,779.34,7.71,0.11
3356,South,2020-03-09,39.1,823.45,10.86,0.6
3357,South,2020-03-10,36.81,741.05,5.64,0.45
3358,South,2020-03-11,35.99,798.59,7.06,0.14
3359,South,2020-03-12,33.88,835.72,8.97,0.21
3360,South,2020-03-13,38.09,838.48,8.85,0.01
3361,South,2020-03-14,35.48,848.85,3.66,0.24
3362,South,2020-03-15,37.33,758.87,6.55,0.25
3363,South,2020-03-16,36.43,751.29,8.75,0.45
3364,South,2020-03-17,38.86,663.49,10.82,0.25
3365,South,2020-03-18,36.91,834.09,7.51,0.49
3366,South,2020-03-19,37.14,879.94,5.87,0.11
3367,South,2020-03-20,38.26,923.67,4.87,0.21
3368,South,2020-03-21,41.54,819.76,9.68,0.01
3369,South,2020-03-22,39.13,734.89,7.41,0.11
3370,South,2020-03-23,37.2,661.21,5.01,0.34
3371,South,2020-03-24,37.41,881.0,5.94,0.1
3372,South,2020-03-25,36.37,654.56,6.68,0.18
3373,South,2020-03-26,35.54,771.53,7.0,0.05
3374,South,2020-03-27,36.35,781.25,4.8,0.11
3375,South,2020-03-28,35.92,793.97,5.19,0.53
3376,South,2020-03-29,38.78,802.64,3.6,0.17
3377,South,2020-03-30,35.33,810.98,7.6,0.46
3378,South,2020-03-31,40.15,606.77,5.5,0.46
3379,South,2020-04-01,38.98,801.15,6.67,0.58
3380,South,2020-04-02,37.52,621.5,8.07,0.45
3381,South,2020-04-03,37.47,858.24,6.24,0.0
3382,South,2020-04-04,36.34,754.97,5.7,0.54
3383,South,2020-04-05,37.99,626.43,6.13,0.03
3384,South,2020-04-06,39.61,733.4,5.9,0.01
3385,South,2020-04-07,36.01,752.37,7.64,0.01
3386,South,2020-04-08,34.32,892.59,6.2,0.09
3387,South,2020-04-09,38.77,812.33,4.88,0.19
3388,South,2020-04-10,37.99,823.34,7.24,0.1
3389,South,2020-04-11,35.07,889.38,7.48,0.01
3390,South,2020-04-12,35.81,786.19,3.59,0.13
3391,South,2020-04-13,35.52,853.14,7.86,0.12
3392,South,2020-04-14,35.75,846.34,6.08,0.28
3393,South,2020-04-15,36.51,687.46,5.92,0.07
3394,South,2020-04-16,36.58,906.88,6.97,0.05
3395,South,2020-04-17,35.77,673.99,4.58,0.06
3396,South,2020-04-18,35.5,859.49,6.83,0.07
3397,South,2020-04-19,36.51,663.14,4.8,0.18
3398,South,2020-04-20,37.24,830.93,3.12,0.13
3399,South,2020-04-21,36.22,930.02,3.8,0.41
3400,South,2020-04-22,39.1,762.18,6.12,0.09
3401,South,2020-04-23,37.74,756.78,3.82,0.09
3402,South,2020-04-24,33.47,824.11,7.62,0.72
3403,South,2020-04-25,37.63,746.83,6.96,0.05
3404,South,2020-04-26,37.72,916.47,7.14,0.34
3405,South,2020-04-27,35.57,784.13,5.3,0.25
3406,South,2020-04-28,33.37,740.8,5.47,0.0
3407,South,2020-04-29,36.3,720.78,3.26,1.0
3408,South,2020-04-30,36.18,686.88,6.51,0.28
3409,South,2020-05-01,33.87,708.72,5.56,0.23
3410,South,2020-05-02,33.12,728.24,5.81,0.1
3411,South,2020-05-03,35.76,714.56,7.46,0.16
3412,South,2020-05-04,35.37,698.12,3.99,0.06
3413,South,2020-05-05,34.91,915.81,4.68,0.01
3414,South,2020-05-06,35.48,662.55,5.34,0.36
3415,South,2020-05-07,33.34,753.67,3.41,0.45
3416,South,2020-05-08,34.57,786.26,4.51,0.04
3417,South,2020-05-09,36.4,786.1,5.5,0.31
3418,South,2020-05-10,34.53,727.78,4.25,0.27
3419,South,2020-05-11,31.77,709.91,6.67,0.04
3420,South,2020-05-12,34.06,761.92,2.42,0.11
3421,South,2020-05-13,32.75,743.69,6.34,0.11
3422,South,2020-05-14,35.31,698.15,5.62,0.29
3423,South,2020-05-15,35.29,590.35,3.75,0.36
3424,South,2020-05-16,31.22,674.24,3.2,0.02
3425,South,2020-05-17,35.93,616.26,1.44,0.17
3426,South,2020-05-18,32.06,650.86,3.34,0.29
3427,South,2020-05-19,37.28,703.08,6.08,0.31
3428,South,2020-05-20,33.93,725.25,4.4,0.03
3429,South,2020-05-21,31.41,835.05,6.21,0.15
3430,South,2020-05-22,31.48,645.64,3.51,0.39
3431,South,2020-05-23,34.33,746.56,5.48,0.08
3432,South,2020-05-24,32.71,704.96,3.33,0.11
3433,South,2020-05-25,33.16,780.02,2.93,0.33
3434,South,2020-05-26,36.44,718.23,4.2,0.09
3435,South,2020-05-27,31.68,587.2,3.35,0.39
3436,South,2020-05-28,33.05,525.73,2.01,0.07
3437,South,2020-05-29,35.63,684.12,4.03,0.0
3438,South,2020-05-30,33.18,612.54,4.45,0.05
3439,South,2020-05-31,29.28,571.95,6.17,0.02
3440,South,2020-06-01,33.35,544.48,5.66,0.02
3441,South,2020-06-02,29.87,654.23,6.07,1.18
3442,South,2020-06-03,34.85,757.39,5.3,0.05
3443,South,2020-06-04,30.24,599.46,4.7,0.55
3444,South,2020-06-05,37.67,674.72,2.35,0.15
3445,South,2020-06-06,34.51,614.63,4.4,0.12
3446,South,2020-06-07,29.82,514.93,5.06,0.57
3447,South,2020-06-08,31.3,672.1,6.33,0.24
3448,South,2020-06-09,32.6,520.94,5.16,0.12
3449,South,2020-06-10,32.5,605.41,5.98,0.03
3450,South,2020-06-11,31.66,571.5,2.56,0.42
3451,South,2020-06-12,33.11,665.38,3.61,0.11
3452,South,2020-06-13,30.2,504.36,4.73,0.02
3453,South,2020-06-14,29.55,615.34,5.82,0.15
3454,South,2020-06-15,29.42,511.92,3.85,0.21
3455,South,2020-06-16,31.67,533.22,3.94,0.06
3456,South,2020-06-17,30.51,278.28,5.08,0.32
3457,South,2020-06-18,30.2,731.42,2.36,0.22
3458,South,2020-06-19,31.04,603.05,6.45,0.21
3459,South,2020-06-20,25.17,492.54,2.71,0.55
3460,South,2020-06-21,29.73,458.87,1.15,0.65
3461,South,2020-06-22,29.37,504.09,4.04,0.06
3462,South,2020-06-23,32.1,595.97,6.56,0.17
3463,South,2020-06-24,25.54,382.13,4.89,0.07
3464,South,2020-06-25,31.54,517.03,5.14,0.27
3465,South,2020-06-26,28.4,664.87,4.07,0.01
3466,South,2020-06-27,29.06,427.35,3.78,0.05
3467,South,2020-06-28,31.26,519.34,1.68,1.67
3468,South,2020-06-29,28.86,684.01,0.61,0.11
3469,South,2020-06-30,28.37,553.15,4.29,0.08
3470,South,2020-07-01,27.88,507.49,5.97,0.19
3471,South,2020-07-02,26.25,532.79,4.52,0.24
3472,South,2020-07-03,26.99,455.02,4.94,0.04
3473,South,2020-07-04,25.45,585.91,6.38,0.04
3474,South,2020-07-05,26.62,444.84,4.5,0.63
3475,South,2020-07-06,21.86,314.9,3.82,0.18
3476,South,2020-07-07,27.22,435.2,2.78,0.1
3477,South,2020-07-08,25.95,384.04,7.05,1.62
3478,South,2020-07-09,25.35,433.76,4.81,0.15
3479,South,2020-07-10,26.29,430.43,2.61,0.28
3480,South,2020-07-11,22.81,541.86,2.28,0.05
3481,South,2020-07-12,29.37,496.62,5.92,0.1
3482,South,2020-07-13,25.14,457.0,2.49,0.39
3483,South,2020-07-14,24.88,430.67,6.83,0.01
3484,South,2020-07-15,23.08,341.18,0.0,0.05
3485,South,2020-07-16,24.89,246.41,6.2,0.45
3486,South,2020-07-17,27.45,424.98,4.81,0.03
3487,South,2020-07-18,26.58,474.56,4.27,0.2
3488,South,2020-07-19,26.06,397.4,3.84,0.05
3489,South,2020-07-20,25.28,358.39,6.95,0.19
3490,South,2020-07-21,23.31,433.48,5.18,0.1
3491,South,2020-07-22,20.96,384.82,2.78,0.11
3492,South,2020-07-23,23.3,521.55,1.57,0.17
3493,South,2020-07-24,23.07,480.54,4.43,0.23
3494,South,2020-07-25,25.48,453.95,4.17,0.23
3495,South,2020-07-26,23.85,433.12,1.91,0.2
3496,South,2020-07-27,26.3,264.63,4.12,0.14
3497,South,2020-07-28,25.32,416.27,3.36,0.15
3498,South,2020-07-29,21.85,388.76,4.25,0.2
3499,South,2020-07-30,19.03,402.63,5.34,0.23
3500,South,2020-07-31,25.24,389.04,6.51,0.21
3501,South,2020-08-01,25.04,381.4,5.65,0.18
3502,South,2020-08-02,19.44,556.85,3.22,0.03
3503,South,2020-08-03,25.05,330.33,4.88,0.05
3504,South,2020-08-04,22.65,407.03,4.44,0.06
3505,South,2020-08-05,22.06,290.19,2.36,0.5
3506,South,2020-08-06,24.83,386.92,4.98,0.28
3507,South,2020-08-07,24.15,394.66,7.19,0.16
3508,South,2020-08-08,22.63,344.57,4.47,0.06
3509,South,2020-08-09,22.14,444.91,2.05,0.02
3510,South,2020-08-10,22.29,236.64,4.51,2.29
3511,South,2020-08-11,20.13,264.48,2.67,0.45
3512,South,2020-08-12,20.69,316.57,5.81,0.02
3513,South,2020-08-13,18.87,366.23,5.32,0.32
3514,South,2020-08-14,19.88,306.37,4.3,0.12
3515,South,2020-08-15,19.69,391.19,4.09,0.08
3516,South,2020-08-16,19.03,231.76,4.29,0.27
3517,South,2020-08-17,20.46,189.89,4.64,0.19
3518,South,2020-08-18,19.42,302.28,3.5,0.3
3519,South,2020-08-19,20.96,268.03,2.6,0.02
3520,South,2020-08-20,16.6,314.26,6.42,0.08
3521,South,2020-08-21,19.5,265.34,4.16,0.08
3522,South,2020-08-22,19.89,237.1,5.01,0.08
3523,South,2020-08-23,18.9,255.15,5.22,0.14
3524,South,2020-08-24,19.07,260.36,5.3,0.07
3525,South,2020-08-25,16.14,230.64,3.08,0.12
3526,South,2020-08-26,19.93,235.84,2.36,0.09
3527,South,2020-08-27,20.42,216.93,4.02,1.33
3528,South,2020-08-28,20.01,314.96,5.52,0.19
3529,South,2020-08-29,21.01,259.23,3.87,0.21
3530,South,2020-08-30,19.25,421.6,4.46,0.05
3531,South,2020-08-31,19.72,251.34,8.21,0.08
3532,South,2020-09-01,18.99,191.93,2.28,0.0
3533,South,2020-09-02,19.97,447.24,3.95,0.02
3534,South,2020-09-03,15.37,264.34,7.96,0.06
3535,South,2020-09-04,16.66,308.2,5.08,0.01
3536,South,2020-09-05,21.55,274.19,4.11,0.18
3537,South,2020-09-06,13.38,274.57,6.96,1.26
3538,South,2020-09-07,17.96,265.57,5.32,0.02
3539,South,2020-09-08,20.52,132.62,4.75,0.34
3540,South,2020-09-09,17.92,248.34,5.59,0.13
3541,South,2020-09-10,17.24,111.18,4.35,1.11
3542,South,2020-09-11,18.25,201.54,3.84,0.21
3543,South,2020-09-12,17.24,155.85,5.23,0.47
3544,South,2020-09-13,17.95,240.98,3.91,0.02
3545,South,2020-09-14,16.48,237.69,5.48,0.08
3546,South,2020-09-15,20.02,248.11,6.03,0.02
3547,South,2020-09-16,20.6,231.35,6.81,0.1
3548,South,2020-09-17,17.45,158.65,7.26,0.49
3549,South,2020-09-18,14.91,185.24,4.99,1.52
3550,South,2020-09-19,16.6,278.75,6.38,0.26
3551,South,2020-09-20,17.25,289.64,6.4,0.15
3552,South,2020-09-21,18.6,111.65,6.19,0.43
3553,South,2020-09-22,15.55,80.19,5.01,0.12
3554,South,2020-09-23,16.01,143.87,4.23,0.03
3555,South,2020-09-24,18.55,285.09,6.56,0.36
3556,South,2020-09-25,19.39,298.19,3.28,0.07
3557,South,2020-09-26,16.26,126.65,5.47,0.01
3558,South,2020-09-27,14.82,224.92,2.07,0.03
3559,South,2020-09-28,24.05,346.89,3.94,0.19
3560,South,2020-09-29,19.05,233.25,4.66,0.19
3561,South,2020-09-30,16.95,313.72,7.65,0.06
3562,South,2020-10-01,19.22,279.97,7.08,0.26
3563,South,2020-10-02,17.24,127.41,5.25,0.3
3564,South,2020-10-03,19.23,185.27,7.21,0.51
3565,South,2020-10-04,17.82,203.58,7.48,0.18
3566,South,2020-10-05,17.7,209.55,5.94,0.3
3567,South,2020-10-06,17.31,275.04,4.14,0.28
3568,South,2020-10-07,14.66,235.03,5.94,0.06
3569,South,2020-10-08,21.46,0.0,6.14,0.07
3570,South,2020-10-09,15.72,98.77,4.47,0.65
3571,South,2020-10-10,14.91,29.67,6.9,0.0
3572,South,2020-10-11,17.24,219.64,6.8,0.07
3573,South,2020-10-12,15.78,225.88,7.09,0.13
3574,South,2020-10-13,17.63,230.43,6.87,0.02
3575,South,2020-10-14,19.15,132.27,7.58,0.03
3576,South,2020-10-15,19.81,264.21,6.25,0.12
3577,South,2020-10-16,19.5,268.96,6.85,0.26
3578,South,2020-10-17,17.31,112.72,5.99,0.36
3579,South,2020-10-18,18.07,97.4,5.74,0.16
3580,South,2020-10-19,18.84,216.31,8.66,0.64
3581,South,2020-10-20,14.57,361.39,3.62,0.1
3582,South,2020-10-21,19.28,355.83,8.03,0.04
3583,South,2020-10-22,15.29,266.81,5.82,0.03
3584,South,2020-10-23,22.35,165.31,5.65,0.31
3585,South,2020-10-24,17.53,296.71,7.2,0.13
3586,South,2020-10-25,18.04,191.7,4.61,0.31
3587,South,2020-10-26,16.94,168.71,5.65,0.24
3588,South,2020-10-27,17.3,60.89,5.63,0.04
3589,South,2020-10-28,23.19,242.97,6.6,0.14
3590,South,2020-10-29,20.6,186.84,5.76,0.12
3591,South,2020-10-30,15.71,247.48,9.4,0.55
3592,South,2020-10-31,21.9,58.42,9.72,0.16
3593,South,2020-11-01,21.37,258.64,4.02,0.8
3594,South,2020-11-02,18.51,53.32,7.9,1.68
3595,South,2020-11-03,19.78,337.68,8.4,0.47
3596,South,2020-11-04,19.23,295.31,7.95,0.01
3597,South,2020-11-05,23.31,234.25,6.18,0.03
3598,South,2020-11-06,17.87,304.61,6.83,0.02
3599,South,2020-11-07,19.86,184.47,6.1,0.06
3600,South,2020-11-08,18.82,271.7,6.62,0.12
3601,South,2020-11-09,16.92,332.76,5.46,0.21
3602,South,2020-11-10,24.28,24.97,7.13,0.14
3603,South,2020-11-11,17.65,240.13,5.08,2.33
3604,South,2020-11-12,20.57,277.56,7.06,0.56
3605,South,2020-11-13,16.76,267.2,5.51,0.04
3606,South,2020-11-14,19.56,403.07,7.72,0.38
3607,South,2020-11-15,21.33,200.25,6.41,0.13
3608,South,2020-11-16,18.96,244.19,7.89,0.6
3609,South,2020-11-17,21.91,144.4,9.1,0.31
3610,South,2020-11-18,20.32,422.33,9.88,0.02
3611,South,2020-11-19,23.31,285.71,3.73,0.43
3612,South,2020-11-20,23.85,274.3,6.29,0.22
3613,South,2020-11-21,20.09,309.19,7.11,0.42
3614,South,2020-11-22,21.55,368.36,8.28,1.04
3615,South,2020-11-23,21.9,349.37,5.13,0.73
3616,South,2020-11-24,22.91,537.59,6.15,0.02
3617,South,2020-11-25,21.84,366.3,7.84,0.04
3618,South,2020-11-26,22.34,297.05,7.79,0.08
3619,South,2020-11-27,21.61,293.69,8.25,0.02
3620,South,2020-11-28,22.48,311.55,8.37,0.34
3621,South,2020-11-29,24.99,227.25,8.23,0.07
3622,South,2020-11-30,23.83,355.06,8.03,3.72
3623,South,2020-12-01,24.09,419.06,7.84,0.24
3624,South,2020-12-02,24.29,311.87,8.77,0.04
3625,South,2020-12-03,22.69,300.94,4.43,0.13
3626,South,2020-12-04,23.79,491.44,10.12,0.13
3627,South,2020-12-05,21.14,260.72,4.51,0.14
3628,South,2020-12-06,26.0,214.13,6.21,0.15
3629,South,2020-12-07,18.06,292.07,7.51,0.01
3630,South,2020-12-08,23.61,265.85,8.87,0.23
3631,South,2020-12-09,26.22,424.8,3.38,0.13
3632,South,2020-12-10,21.38,369.89,7.84,0.31
3633,South,2020-12-11,25.07,386.04,9.08,0.34
3634,South,2020-12-12,23.07,500.76,9.4,0.05
3635,South,2020-12-13,23.86,358.15,6.87,0.01
3636,South,2020-12-14,26.65,480.42,7.47,1.21
3637,South,2020-12-15,25.32,544.3,7.01,0.76
3638,South,2020-12-16,21.02,391.95,7.35,0.12
3639,South,2020-12-17,23.31,492.39,6.4,0.06
3640,South,2020-12-18,27.38,419.12,6.62,0.03
3641,South,2020-12-19,26.5,517.46,8.62,0.07
3642,South,2020-12-20,29.26,322.89,8.17,0.4
3643,South,2020-12-21,29.3,322.07,8.71,0.11
3644,South,2020-12-22,25.42,427.51,8.3,0.21
3645,South,2020-12-23,31.28,392.82,9.04,0.06
3646,South,2020-12-24,26.5,427.73,9.31,0.01
3647,South,2020-12-25,24.69,456.65,5.38,0.09
3648,South,2020-12-26,25.52,536.96,6.71,0.39
3649,South,2020-12-27,22.45,451.9,7.65,0.14
3650,South,2020-12-28,30.35,423.76,7.96,0.67
3651,South,2020-12-29,30.5,466.71,6.99,0.14
3652,South,2020-12-30,25.45,438.47,9.37,0.06
3653,South,2020-12-31,27.2,430.44,10.97,0.04
3654,South,2021-01-01,28.01,381.29,8.28,0.24
3655,South,2021-01-02,26.07,521.04,8.12,0.15
3656,South,2021-01-03,24.66,475.14,9.27,0.19
3657,South,2021-01-04,27.92,603.09,5.19,0.28
3658,South,2021-01-05,27.87,415.14,8.03,0.26
3659,South,2021-01-06,27.9,492.7,9.45,0.01
3660,South,2021-01-07,29.3,686.22,7.02,0.32
3661,South,2021-01-08,31.88,471.12,6.14,0.15
3662,South,2021-01-09,28.59,532.47,7.69,0.5
3663,South,2021-01-10,29.7,459.2,7.87,0.15
3664,South,2021-01-11,30.98,453.66,6.59,0.19
3665,South,2021-01-12,30.81,690.36,11.09,0.03
3666,South,2021-01-13,28.64,585.28,7.22,0.11
3667,South,2021-01-14,30.23,587.3,6.2,0.08
3668,South,2021-01-15,31.29,445.88,7.78,0.09
3669,South,2021-01-16,28.11,615.24,9.28,0.02
3670,South,2021-01-17,33.06,684.07,7.93,0.03
3671,South,2021-01-18,33.56,688.34,8.62,0.04
3672,South,2021-01-19,29.41,654.72,6.58,0.09
3673,South,2021-01-20,31.4,515.74,10.1,0.45
3674,South,2021-01-21,32.46,635.97,8.7,0.05
3675,South,2021-01-22,30.24,669.11,9.42,0.11
3676,South,2021-01-23,32.46,476.89,8.38,0.37
3677,South,2021-01-24,31.98,535.46,9.05,0.31
3678,South,2021-01-25,28.87,700.89,6.49,0.01
3679,South,2021-01-26,32.88,704.55,7.05,0.04
3680,South,2021-01-27,29.91,515.18,9.79,0.05
3681,South,2021-01-28,34.15,707.22,10.1,0.99
3682,South,2021-01-29,31.07,655.76,6.02,0.17
3683,South,2021-01-30,32.24,715.08,8.1,0.03
3684,South,2021-01-31,35.46,606.26,7.06,0.06
3685,South,2021-02-01,33.85,713.02,6.64,0.18
3686,South,2021-02-02,30.84,733.24,8.09,0.03
3687,South,2021-02-03,31.12,641.9,9.36,0.32
3688,South,2021-02-04,32.09,675.66,8.31,0.14
3689,South,2021-02-05,34.22,626.54,7.13,0.2
3690,South,2021-02-06,34.28,814.67,8.36,0.08
3691,South,2021-02-07,32.01,676.99,7.03,0.16
3692,South,2021-02-08,31.5,616.87,8.16,0.06
3693,South,2021-02-09,34.53,637.32,9.62,0.07
3694,South,2021-02-10,33.73,708.63,4.38,0.21
3695,South,2021-02-11,38.54,762.6,8.67,0.03
3696,South,2021-02-12,34.42,599.25,5.14,0.19
3697,South,2021-02-13,38.1,857.65,9.27,0.38
3698,South,2021-02-14,32.26,738.19,6.45,0.03
3699,South,2021-02-15,31.57,754.41,5.55,0.46
3700,South,2021-02-16,32.59,712.85,8.4,0.02
3701,South,2021-02-17,37.33,725.63,7.88,0.09
3702,South,2021-02-18,38.57,715.63,5.81,0.19
3703,South,2021-02-19,33.61,812.25,5.4,0.16
3704,South,2021-02-20,34.36,733.45,6.97,0.02
3705,South,2021-02-21,33.05,798.65,5.42,0.32
3706,South,2021-02-22,31.87,705.7,5.6,0.72
3707,South,2021-02-23,37.03,759.11,7.34,0.04
3708,South,2021-02-24,36.14,682.13,5.69,2.26
3709,South,2021-02-25,35.81,846.67,7.75,0.16
3710,South,2021-02-26,33.09,685.49,9.32,0.55
3711,South,2021-02-27,39.26,728.95,6.83,0.19
3712,South,2021-02-28,35.06,732.43,7.22,0.31
3713,South,2021-03-01,37.22,731.92,10.02,0.01
3714,South,2021-03-02,33.33,820.57,5.18,0.43
3715,South,2021-03-03,35.94,739.89,8.72,0.22
3716,South,2021-03-04,36.98,879.11,8.51,0.09
3717,South,2021-03-05,37.13,704.41,8.15,0.04
3718,South,2021-03-06,36.86,785.65,8.78,0.34
3719,South,2021-03-07,37.61,712.18,7.23,0.18
3720,South,2021-03-08,34.43,809.97,5.9,0.09
3721,South,2021-03-09,37.15,776.99,8.39,0.12
3722,South,2021-03-10,37.05,767.75,8.41,0.35
3723,South,2021-03-11,37.34,877.03,8.34,0.08
3724,South,2021-03-12,37.08,731.33,6.72,0.09
3725,South,2021-03-13,34.44,832.24,5.54,0.48
3726,South,2021-03-14,34.41,725.35,6.87,0.1
3727,South,2021-03-15,32.66,797.35,7.97,0.09
3728,South,2021-03-16,38.77,694.08,8.06,0.05
3729,South,2021-03-17,38.84,738.02,5.84,0.46
3730,South,2021-03-18,38.91,785.66,6.93,0.05
3731,South,2021-03-19,37.87,938.53,4.46,0.2
3732,South,2021-03-20,33.03,802.46,7.86,0.43
3733,South,2021-03-21,35.27,927.72,5.18,0.01
3734,South,2021-03-22,37.69,813.83,7.5,0.35
3735,South,2021-03-23,37.65,766.01,4.56,0.11
3736,South,2021-03-24,36.96,920.82,7.8,0.21
3737,South,2021-03-25,38.16,833.23,6.7,0.09
3738,South,2021-03-26,37.46,747.36,5.01,0.24
3739,South,2021-03-27,37.69,836.84,7.18,0.06
3740,South,2021-03-28,36.19,776.12,5.23,0.0
3741,South,2021-03-29,39.44,640.65,7.2,2.95
3742,South,2021-03-30,36.62,874.81,5.63,0.0
3743,South,2021-03-31,34.82,887.59,3.43,0.35
3744,South,2021-04-01,35.94,947.01,4.5,0.04
3745,South,2021-04-02,36.78,833.64,5.29,0.1
3746,South,2021-04-03,39.46,779.77,7.96,0.35
3747,South,2021-04-04,37.37,866.17,7.22,0.05
3748,South,2021-04-05,37.07,866.98,8.27,0.4
3749,South,2021-04-06,34.93,929.59,8.28,0.69
3750,South,2021-04-07,38.98,794.41,4.97,0.09
3751,South,2021-04-08,36.09,784.09,5.45,0.22
3752,South,2021-04-09,37.17,739.36,5.08,0.08
3753,South,2021-04-10,40.3,838.78,4.66,0.09
3754,South,2021-04-11,38.33,671.02,2.87,0.26
3755,South,2021-04-12,34.02,855.97,5.58,0.07
3756,South,2021-04-13,33.7,839.83,3.64,0.04
3757,South,2021-04-14,37.07,838.44,5.48,0.33
3758,South,2021-04-15,34.73,801.44,8.67,0.33
3759,South,2021-04-16,38.41,911.68,4.7,0.14
3760,South,2021-04-17,37.15,857.37,5.72,0.15
3761,South,2021-04-18,37.35,737.54,6.76,0.24
3762,South,2021-04-19,35.55,737.37,5.79,0.14
3763,South,2021-04-20,40.39,712.45,5.77,0.11
3764,South,2021-04-21,42.53,825.17,4.76,1.06
3765,South,2021-04-22,36.23,699.21,4.92,0.16
3766,South,2021-04-23,37.43,863.96,3.8,0.18
3767,South,2021-04-24,36.85,881.11,6.47,0.43
3768,South,2021-04-25,36.07,702.86,2.56,0.23
3769,South,2021-04-26,34.85,756.16,6.6,2.13
3770,South,2021-04-27,34.27,770.08,3.01,0.08
3771,South,2021-04-28,34.09,837.14,6.52,0.06
3772,South,2021-04-29,37.09,892.75,4.52,0.38
3773,South,2021-04-30,35.16,626.67,3.17,0.1
3774,South,2021-05-01,30.95,733.49,5.86,0.25
3775,South,2021-05-02,36.91,735.02,6.35,0.03
3776,South,2021-05-03,35.86,641.52,4.27,0.28
3777,South,2021-05-04,38.53,711.97,5.98,0.16
3778,South,2021-05-05,36.49,782.13,1.45,0.06
3779,South,2021-05-06,32.69,722.67,2.86,0.14
3780,South,2021-05-07,31.08,618.37,6.76,0.24
3781,South,2021-05-08,34.0,968.78,4.45,0.0
3782,South,2021-05-09,34.09,756.99,1.97,0.2
3783,South,2021-05-10,37.11,741.4,3.69,0.16
3784,South,2021-05-11,35.1,641.33,3.32,0.05
3785,South,2021-05-12,37.27,746.66,4.43,0.28
3786,South,2021-05-13,32.24,709.23,4.1,0.07
3787,South,2021-05-14,36.71,567.79,4.9,0.06
3788,South,2021-05-15,36.1,629.68,4.5,0.13
3789,South,2021-05-16,30.5,775.27,6.62,0.23
3790,South,2021-05-17,37.06,863.51,5.2,0.53
3791,South,2021-05-18,34.47,733.61,5.22,0.03
3792,South,2021-05-19,34.94,788.67,6.26,0.5
3793,South,2021-05-20,32.3,684.09,3.91,0.01
3794,South,2021-05-21,36.45,685.69,2.57,0.28
3795,South,2021-05-22,31.4,775.91,6.26,0.59
3796,South,2021-05-23,35.3,817.61,4.63,1.23
3797,South,2021-05-24,35.14,784.57,4.61,0.08
3798,South,2021-05-25,31.41,591.03,3.43,0.37
3799,South,2021-05-26,37.18,666.77,3.44,0.15
3800,South,2021-05-27,33.54,690.08,5.61,2.88
3801,South,2021-05-28,34.24,642.8,5.8,0.02
3802,South,2021-05-29,29.73,690.25,5.48,0.14
3803,South,2021-05-30,36.88,720.46,5.48,0.29
3804,South,2021-05-31,30.04,730.6,5.12,0.18
3805,South,2021-06-01,34.39,780.75,4.45,0.0
3806,South,2021-06-02,30.2,614.99,3.97,0.72
3807,South,2021-06-03,30.8,527.65,6.04,0.07
3808,South,2021-06-04,33.46,660.81,3.64,0.29
3809,South,2021-06-05,33.78,778.2,4.74,0.13
3810,South,2021-06-06,29.03,584.65,2.97,0.16
3811,South,2021-06-07,33.6,673.02,3.17,0.29
3812,South,2021-06-08,33.35,668.97,3.79,0.1
3813,South,2021-06-09,29.22,623.83,2.93,0.12
3814,South,2021-06-10,34.13,604.24,5.32,0.15
3815,South,2021-06-11,27.86,524.95,2.09,0.1
3816,South,2021-06-12,29.36,411.4,4.25,0.49
3817,South,2021-06-13,31.4,500.07,4.29,0.38
3818,South,2021-06-14,28.57,552.84,1.36,0.12
3819,South,2021-06-15,30.64,666.89,3.41,0.0
3820,South,2021-06-16,30.43,565.86,4.45,0.46
3821,South,2021-06-17,29.41,527.57,4.7,0.03
3822,South,2021-06-18,31.28,492.78,3.74,0.06
3823,South,2021-06-19,28.99,611.55,5.05,0.03
3824,South,2021-06-20,29.74,662.6,3.87,0.04
3825,South,2021-06-21,31.4,633.92,4.05,0.32
3826,South,2021-06-22,30.52,592.23,4.4,0.17
3827,South,2021-06-23,30.34,420.58,5.41,0.63
3828,South,2021-06-24,26.3,505.36,3.0,0.05
3829,South,2021-06-25,29.47,684.15,3.28,0.13
3830,South,2021-06-26,26.5,612.97,3.0,0.76
3831,South,2021-06-27,25.52,395.06,3.51,0.35
3832,South,2021-06-28,27.77,508.46,6.14,0.26
3833,South,2021-06-29,25.93,536.79,4.86,0.04
3834,South,2021-06-30,29.15,441.61,2.3,0.29
3835,South,2021-07-01,29.02,312.68,3.1,0.09
3836,South,2021-07-02,23.42,500.16,4.56,0.15
3837,South,2021-07-03,25.39,424.07,2.64,0.19
3838,South,2021-07-04,23.96,419.23,2.92,0.19
3839,South,2021-07-05,25.78,448.41,6.02,0.26
3840,South,2021-07-06,27.44,460.94,3.09,0.22
3841,South,2021-07-07,25.88,465.78,5.44,0.01
3842,South,2021-07-08,25.01,390.66,5.9,0.12
3843,South,2021-07-09,28.62,438.64,2.92,0.22
3844,South,2021-07-10,21.24,310.56,2.69,0.07
3845,South,2021-07-11,28.16,470.95,3.62,0.08
3846,South,2021-07-12,24.42,212.5,2.41,0.03
3847,South,2021-07-13,25.19,412.78,4.23,0.11
3848,South,2021-07-14,24.12,504.44,3.75,0.87
3849,South,2021-07-15,28.09,341.15,4.6,0.07
3850,South,2021-07-16,22.38,478.21,6.17,0.15
3851,South,2021-07-17,24.7,508.39,5.31,0.27
3852,South,2021-07-18,25.57,146.35,4.82,0.0
3853,South,2021-07-19,21.13,393.96,1.15,0.46
3854,South,2021-07-20,22.35,171.12,4.78,0.1
3855,South,2021-07-21,23.73,386.86,6.71,0.41
3856,South,2021-07-22,22.09,390.91,0.0,0.01
3857,South,2021-07-23,22.07,188.08,5.18,0.16
3858,South,2021-07-24,22.84,535.91,3.92,0.39
3859,South,2021-07-25,24.69,400.07,2.9,0.08
3860,South,2021-07-26,22.54,304.58,5.39,0.38
3861,South,2021-07-27,25.23,485.07,6.77,0.0
3862,South,2021-07-28,20.92,219.58,5.38,0.2
3863,South,2021-07-29,20.26,260.32,3.68,0.14
3864,South,2021-07-30,26.47,170.16,2.84,1.73
3865,South,2021-07-31,21.15,493.71,4.49,0.3
3866,South,2021-08-01,19.7,371.77,5.6,0.14
3867,South,2021-08-02,18.69,393.53,3.72,0.05
3868,South,2021-08-03,24.18,360.51,3.89,0.2
3869,South,2021-08-04,21.2,378.02,8.58,0.03
3870,South,2021-08-05,21.23,334.11,5.98,0.04
3871,South,2021-08-06,21.28,345.34,6.11,0.2
3872,South,2021-08-07,23.49,328.12,2.21,0.95
3873,South,2021-08-08,20.97,266.73,3.36,0.44
3874,South,2021-08-09,25.88,307.64,4.56,0.18
3875,South,2021-08-10,21.33,329.27,2.96,0.15
3876,South,2021-08-11,23.05,312.3,6.89,1.29
3877,South,2021-08-12,22.41,181.36,6.63,0.16
3878,South,2021-08-13,20.6,188.17,3.73,0.11
3879,South,2021-08-14,19.37,378.64,7.23,0.48
3880,South,2021-08-15,21.09,263.77,4.58,0.27
3881,South,2021-08-16,21.32,331.47,8.49,0.1
3882,South,2021-08-17,19.04,193.76,4.85,0.2
3883,South,2021-08-18,20.4,159.78,5.52,0.02
3884,South,2021-08-19,22.43,206.71,6.78,0.09
3885,South,2021-08-20,23.98,253.03,6.63,0.11
3886,South,2021-08-21,21.44,214.32,5.5,0.16
3887,South,2021-08-22,23.35,367.82,4.55,0.96
3888,South,2021-08-23,18.26,275.51,5.56,0.05
3889,South,2021-08-24,20.82,405.97,3.59,0.09
3890,South,2021-08-25,21.99,287.39,5.07,0.03
3891,South,2021-08-26,17.42,59.09,3.21,0.19
3892,South,2021-08-27,18.15,333.71,2.23,0.26
3893,South,2021-08-28,22.5,125.66,5.01,0.13
3894,South,2021-08-29,16.99,262.15,6.85,0.06
3895,South,2021-08-30,16.17,179.08,6.38,0.19
3896,South,2021-08-31,21.82,409.9,4.9,0.15
3897,South,2021-09-01,21.07,351.16,7.67,0.04
3898,South,2021-09-02,19.46,174.24,4.23,0.1
3899,South,2021-09-03,18.43,221.06,2.23,0.11
3900,South,2021-09-04,17.57,248.56,1.87,0.81
3901,South,2021-09-05,18.94,295.89,3.4,0.38
3902,South,2021-09-06,21.46,227.06,6.43,0.27
3903,South,2021-09-07,18.71,140.72,4.28,0.44
3904,South,2021-09-08,22.51,163.38,5.96,0.27
3905,South,2021-09-09,16.31,218.58,7.77,0.47
3906,South,2021-09-10,18.01,315.93,3.68,0.01
3907,South,2021-09-11,17.25,249.72,6.08,0.12
3908,South,2021-09-12,15.77,152.02,6.21,0.27
3909,South,2021-09-13,17.59,264.25,4.14,0.88
3910,South,2021-09-14,18.68,180.0,7.5,0.04
3911,South,2021-09-15,18.85,280.85,5.07,0.08
3912,South,2021-09-16,22.1,410.53,4.96,0.08
3913,South,2021-09-17,18.65,178.49,8.73,0.06
3914,South,2021-09-18,19.98,270.24,6.38,0.08
3915,South,2021-09-19,17.78,145.49,7.02,0.14
3916,South,2021-09-20,20.98,195.23,7.7,0.39
3917,South,2021-09-21,22.39,205.76,4.72,0.27
3918,South,2021-09-22,18.63,187.17,7.61,0.36
3919,South,2021-09-23,15.56,399.06,5.02,0.43
3920,South,2021-09-24,16.43,176.94,4.99,0.11
3921,South,2021-09-25,18.08,247.95,5.43,0.08
3922,South,2021-09-26,18.41,46.22,4.94,0.01
3923,South,2021-09-27,18.89,234.9,7.14,0.53
3924,South,2021-09-28,18.4,291.5,6.34,0.01
3925,South,2021-09-29,17.49,157.82,5.24,0.27
3926,South,2021-09-30,16.21,0.0,7.02,0.09
3927,South,2021-10-01,18.28,196.98,5.63,0.59
3928,South,2021-10-02,21.2,201.6,5.59,0.54
3929,South,2021-10-03,19.53,258.4,6.18,0.34
3930,South,2021-10-04,18.58,361.67,6.84,0.07
3931,South,2021-10-05,19.58,170.82,6.77,0.07
3932,South,2021-10-06,16.8,133.23,5.67,0.18
3933,South,2021-10-07,16.54,108.98,7.52,1.24
3934,South,2021-10-08,16.08,218.87,5.95,0.15
3935,South,2021-10-09,17.36,242.14,5.33,2.75
3936,South,2021-10-10,16.79,161.01,4.15,0.31
3937,South,2021-10-11,20.08,267.9,7.86,0.32
3938,South,2021-10-12,16.75,243.88,6.44,0.11
3939,South,2021-10-13,16.13,211.23,6.77,0.1
3940,South,2021-10-14,21.66,136.79,8.05,0.04
3941,South,2021-10-15,16.92,171.73,5.8,0.66
3942,South,2021-10-16,18.18,17.28,4.49,0.64
3943,South,2021-10-17,18.82,231.99,6.69,0.27
3944,South,2021-10-18,15.7,216.79,7.08,0.07
3945,South,2021-10-19,20.49,231.4,6.26,0.28
3946,South,2021-10-20,19.36,258.39,8.89,0.9
3947,South,2021-10-21,21.26,250.71,2.99,0.01
3948,South,2021-10-22,16.85,212.91,8.43,0.37
3949,South,2021-10-23,18.47,227.6,7.97,0.09
3950,South,2021-10-24,18.42,113.42,7.5,0.11
3951,South,2021-10-25,18.94,181.2,1.84,0.36
3952,South,2021-10-26,15.57,234.15,8.8,0.02
3953,South,2021-10-27,18.78,173.54,5.36,0.09
3954,South,2021-10-28,15.79,303.59,6.17,0.61
3955,South,2021-10-29,19.44,184.54,6.71,0.24
3956,South,2021-10-30,14.55,257.07,7.61,0.28
3957,South,2021-10-31,15.19,251.7,7.98,0.28
3958,South,2021-11-01,20.62,304.76,8.39,0.01
3959,South,2021-11-02,17.98,319.88,8.31,0.05
3960,South,2021-11-03,17.19,306.17,7.49,0.68
3961,South,2021-11-04,21.81,85.08,7.76,0.46
3962,South,2021-11-05,20.02,352.07,5.53,0.11
3963,South,2021-11-06,21.21,381.78,6.07,0.3
3964,South,2021-11-07,19.24,224.15,8.57,0.0
3965,South,2021-11-08,25.04,284.84,8.51,0.22
3966,South,2021-11-09,18.58,197.91,8.36,0.0
3967,South,2021-11-10,23.39,116.64,6.53,0.01
3968,South,2021-11-11,19.89,216.81,8.7,0.1
3969,South,2021-11-12,16.82,236.16,5.61,0.37
3970,South,2021-11-13,21.21,254.52,9.0,0.03
3971,South,2021-11-14,20.99,209.79,7.01,0.16
3972,South,2021-11-15,18.38,231.49,9.96,0.23
3973,South,2021-11-16,18.76,293.0,5.17,0.05
3974,South,2021-11-17,20.69,236.05,10.12,0.14
3975,South,2021-11-18,21.56,344.99,6.96,0.48
3976,South,2021-11-19,16.05,359.94,6.95,0.14
3977,South,2021-11-20,23.23,499.8,7.84,0.03
3978,South,2021-11-21,20.27,403.44,6.52,0.2
3979,South,2021-11-22,18.73,336.91,7.48,0.18
3980,South,2021-11-23,23.41,271.96,6.5,0.01
3981,South,2021-11-24,21.62,349.26,6.58,0.09
3982,South,2021-11-25,24.24,356.12,8.38,0.03
3983,South,2021-11-26,22.83,293.2,6.31,0.03
3984,South,2021-11-27,22.1,401.3,6.53,0.06
3985,South,2021-11-28,21.94,231.13,5.64,0.12
3986,South,2021-11-29,23.36,327.85,6.97,0.09
3987,South,2021-11-30,21.71,396.34,9.71,0.44
3988,South,2021-12-01,20.99,333.37,6.49,0.19
3989,South,2021-12-02,24.06,344.39,6.67,0.42
3990,South,2021-12-03,22.71,354.51,8.08,0.15
3991,South,2021-12-04,23.22,303.32,7.25,0.02
3992,South,2021-12-05,25.49,468.75,11.16,0.12
3993,South,2021-12-06,23.24,298.11,7.59,0.35
3994,South,2021-12-07,23.65,409.75,8.35,0.04
3995,South,2021-12-08,22.58,422.17,9.27,0.02
3996,South,2021-12-09,24.8,318.01,9.26,0.08
3997,South,2021-12-10,24.8,404.59,8.23,0.49
3998,South,2021-12-11,26.07,330.85,7.65,0.07
3999,South,2021-12-12,23.27,519.81,10.94,0.03
4000,South,2021-12-13,23.68,322.35,7.77,0.06
4001,South,2021-12-14,26.34,366.1,7.26,0.23
4002,South,2021-12-15,25.43,325.46,6.96,0.1
4003,South,2021-12-16,23.28,319.78,5.35,1.0
4004,South,2021-12-17,27.87,560.72,9.18,0.15
4005,South,2021-12-18,22.03,481.89,4.44,0.16
4006,South,2021-12-19,27.17,454.76,7.96,0.06
4007,South,2021-12-20,23.24,396.09,7.66,0.15
4008,South,2021-12-21,29.71,526.32,11.34,0.0
4009,South,2021-12-22,23.02,392.88,5.23,0.11
4010,South,2021-12-23,28.58,527.43,6.63,0.85
4011,South,2021-12-24,26.29,399.27,7.79,0.04
4012,South,2021-12-25,25.89,422.65,7.7,0.06
4013,South,2021-12-26,27.16,540.02,7.17,0.05
4014,South,2021-12-27,28.23,553.62,7.88,0.01
4015,South,2021-12-28,25.33,537.47,6.11,0.09
4016,South,2021-12-29,25.68,410.86,8.54,3.86
4017,South,2021-12-30,28.78,464.26,4.52,0.09
4018,South,2021-12-31,24.24,517.72,7.96,0.12
4019,South,2022-01-01,26.66,442.38,7.1,0.21
4020,South,2022-01-02,34.08,625.16,9.52,0.21
4021,South,2022-01-03,26.23,328.48,10.63,0.6
4022,South,2022-01-04,30.63,463.49,7.5,0.39
4023,South,2022-01-05,27.34,490.17,10.08,0.32
4024,South,2022-01-06,29.7,308.55,7.51,0.61
4025,South,2022-01-07,30.16,429.49,6.53,0.05
4026,South,2022-01-08,31.28,596.32,10.59,0.19
4027,South,2022-01-09,28.79,553.81,8.75,0.44
4028,South,2022-01-10,33.34,682.32,7.97,0.2
4029,South,2022-01-11,28.35,685.15,8.99,0.76
4030,South,2022-01-12,30.17,601.22,8.36,0.02
4031,South,2022-01-13,30.36,596.66,7.84,0.12
4032,South,2022-01-14,27.79,581.88,5.94,0.76
4033,South,2022-01-15,29.63,369.18,7.52,0.1
4034,South,2022-01-16,30.69,474.98,8.85,0.27
4035,South,2022-01-17,29.66,599.53,7.72,0.01
4036,South,2022-01-18,35.57,645.66,9.25,0.24
4037,South,2022-01-19,29.18,624.43,8.46,0.55
4038,South,2022-01-20,33.38,534.71,6.55,0.1
4039,South,2022-01-21,32.89,685.91,5.88,0.0
4040,South,2022-01-22,31.31,734.29,7.61,0.03
4041,South,2022-01-23,29.76,695.49,7.05,0.45
4042,South,2022-01-24,30.11,704.33,8.32,0.26
4043,South,2022-01-25,30.77,585.09,6.73,0.02
4044,South,2022-01-26,28.39,720.54,6.86,0.01
4045,South,2022-01-27,30.11,650.73,9.35,0.33
4046,South,2022-01-28,29.3,684.54,7.98,0.33
4047,South,2022-01-29,35.11,677.37,6.69,0.03
4048,South,2022-01-30,33.8,642.88,7.75,0.07
4049,South,2022-01-31,34.29,588.22,9.77,0.3
4050,South,2022-02-01,34.04,654.83,8.13,0.75
4051,South,2022-02-02,33.34,744.67,8.56,0.63
4052,South,2022-02-03,36.07,634.69,6.52,0.13
4053,South,2022-02-04,32.07,745.71,9.17,0.23
4054,South,2022-02-05,33.64,737.38,11.09,0.14
4055,South,2022-02-06,35.06,658.63,6.4,0.57
4056,South,2022-02-07,31.06,797.72,5.79,0.1
4057,South,2022-02-08,40.03,662.19,7.81,0.05
4058,South,2022-02-09,34.02,815.35,8.84,0.08
4059,South,2022-02-10,34.38,733.22,7.36,0.38
4060,South,2022-02-11,36.74,701.06,5.9,0.14
4061,South,2022-02-12,36.18,635.09,7.29,0.09
4062,South,2022-02-13,34.55,702.78,8.33,0.16
4063,South,2022-02-14,34.86,697.2,6.79,0.03
4064,South,2022-02-15,31.71,616.43,8.29,0.0
4065,South,2022-02-16,33.72,703.22,9.1,0.07
4066,South,2022-02-17,35.98,659.79,7.69,0.19
4067,South,2022-02-18,35.95,774.37,7.26,0.25
4068,South,2022-02-19,37.62,835.33,8.52,0.35
4069,South,2022-02-20,35.04,635.94,5.97,0.52
4070,South,2022-02-21,32.61,874.27,5.79,0.11
4071,South,2022-02-22,37.61,730.12,6.8,1.35
4072,South,2022-02-23,38.47,665.46,6.43,0.02
4073,South,2022-02-24,37.49,807.06,5.94,0.01
4074,South,2022-02-25,35.46,713.63,9.86,0.03
4075,South,2022-02-26,37.97,745.65,10.34,0.12
4076,South,2022-02-27,42.84,722.6,6.52,0.05
4077,South,2022-02-28,36.3,692.29,7.16,0.07
4078,South,2022-03-01,33.53,818.16,6.71,1.04
4079,South,2022-03-02,35.07,739.86,8.63,0.09
4080,South,2022-03-03,37.57,650.29,8.89,0.16
4081,South,2022-03-04,33.19,811.68,4.24,0.11
4082,South,2022-03-05,36.81,673.44,7.59,0.04
4083,South,2022-03-06,37.31,679.84,4.88,0.02
4084,South,2022-03-07,39.69,869.65,9.45,0.05
4085,South,2022-03-08,39.31,680.58,7.44,0.01
4086,South,2022-03-09,38.48,592.95,5.51,0.19
4087,South,2022-03-10,32.49,829.98,6.35,0.32
4088,South,2022-03-11,38.72,757.65,6.25,0.08
4089,South,2022-03-12,38.35,766.27,7.44,0.1
4090,South,2022-03-13,37.5,760.16,8.18,0.34
4091,South,2022-03-14,33.58,805.4,4.86,0.05
4092,South,2022-03-15,35.54,728.12,9.31,0.03
4093,South,2022-03-16,34.8,907.81,8.93,0.14
4094,South,2022-03-17,33.15,672.92,5.17,0.21
4095,South,2022-03-18,37.21,827.82,6.56,0.18
4096,South,2022-03-19,35.66,844.72,8.98,1.25
4097,South,2022-03-20,42.54,733.62,8.23,0.01
4098,South,2022-03-21,36.99,713.44,5.85,0.11
4099,South,2022-03-22,39.94,877.58,7.54,0.05
4100,South,2022-03-23,34.24,717.71,10.78,0.28
4101,South,2022-03-24,36.34,749.13,6.41,0.41
4102,South,2022-03-25,37.62,869.25,5.27,0.33
4103,South,2022-03-26,35.62,801.55,6.44,0.02
4104,South,2022-03-27,36.61,655.43,6.52,0.29
4105,South,2022-03-28,37.03,939.3,5.33,0.02
4106,South,2022-03-29,37.0,757.37,6.74,0.08
4107,South,2022-03-30,41.19,767.71,4.16,0.15
4108,South,2022-03-31,38.24,820.46,5.01,0.73
4109,South,2022-04-01,38.44,849.98,7.11,0.1
4110,South,2022-04-02,38.55,956.75,3.31,0.05
4111,South,2022-04-03,38.69,666.86,7.26,0.04
4112,South,2022-04-04,37.29,865.45,2.85,0.04
4113,South,2022-04-05,36.8,858.44,3.24,0.04
4114,South,2022-04-06,37.76,787.56,5.05,0.29
4115,South,2022-04-07,39.73,860.96,6.2,0.01
4116,South,2022-04-08,39.64,872.08,7.72,1.19
4117,South,2022-04-09,36.89,686.05,5.79,0.15
4118,South,2022-04-10,38.87,935.77,5.3,0.16
4119,South,2022-04-11,36.92,670.18,6.5,0.44
4120,South,2022-04-12,37.34,703.06,4.29,1.17
4121,South,2022-04-13,36.29,771.86,5.77,0.13
4122,South,2022-04-14,36.84,945.63,3.73,0.08
4123,South,2022-04-15,39.84,765.72,5.62,0.06
4124,South,2022-04-16,37.3,786.49,5.27,0.52
4125,South,2022-04-17,37.34,902.18,4.22,0.07
4126,South,2022-04-18,34.12,762.08,5.65,0.11
4127,South,2022-04-19,36.34,690.23,5.6,0.09
4128,South,2022-04-20,36.42,749.45,7.1,0.02
4129,South,2022-04-21,35.19,890.73,2.89,0.04
4130,South,2022-04-22,36.83,784.89,5.15,0.04
4131,South,2022-04-23,35.86,931.74,4.1,0.24
4132,South,2022-04-24,36.82,834.31,6.51,0.52
4133,South,2022-04-25,36.83,721.6,6.3,0.3
4134,South,2022-04-26,34.6,775.09,5.9,0.25
4135,South,2022-04-27,35.64,700.49,4.06,0.04
4136,South,2022-04-28,36.51,712.94,6.41,0.17
4137,South,2022-04-29,38.65,1122.33,2.75,0.27
4138,South,2022-04-30,36.71,843.0,2.42,0.2
4139,South,2022-05-01,34.79,827.83,3.08,0.18
4140,South,2022-05-02,36.82,706.44,4.91,0.27
4141,South,2022-05-03,39.35,879.14,5.94,0.01
4142,South,2022-05-04,37.67,838.73,0.44,0.26
4143,South,2022-05-05,36.84,898.44,6.86,0.06
4144,South,2022-05-06,37.1,891.61,5.04,0.17
4145,South,2022-05-07,38.42,623.62,2.47,0.06
4146,South,2022-05-08,37.59,650.07,4.94,1.83
4147,South,2022-05-09,36.47,655.39,6.4,0.13
4148,South,2022-05-10,37.37,656.95,5.63,0.21
4149,South,2022-05-11,32.95,755.04,6.36,0.32
4150,South,2022-05-12,32.0,680.46,2.63,0.45
4151,South,2022-05-13,35.21,888.17,4.04,0.26
4152,South,2022-05-14,34.91,871.24,3.25,0.03
4153,South,2022-05-15,33.57,714.79,7.18,0.39
4154,South,2022-05-16,36.19,868.1,5.54,0.19
4155,South,2022-05-17,30.69,827.04,8.83,0.19
4156,South,2022-05-18,33.22,668.18,3.83,0.51
4157,South,2022-05-19,33.19,539.68,3.42,0.06
4158,South,2022-05-20,30.76,679.11,4.27,0.05
4159,South,2022-05-21,36.89,641.05,6.53,0.14
4160,South,2022-05-22,31.05,705.15,3.9,0.28
4161,South,2022-05-23,32.46,691.72,4.61,0.12
4162,South,2022-05-24,35.31,685.53,4.55,0.2
4163,South,2022-05-25,34.65,718.23,4.44,0.12
4164,South,2022-05-26,31.0,575.13,3.38,0.19
4165,South,2022-05-27,34.44,700.79,4.14,0.35
4166,South,2022-05-28,33.51,628.4,4.05,0.04
4167,South,2022-05-29,37.45,675.22,4.29,0.24
4168,South,2022-05-30,33.45,731.41,5.7,0.31
4169,South,2022-05-31,32.21,552.42,6.91,0.12
4170,South,2022-06-01,30.63,623.38,2.99,0.39
4171,South,2022-06-02,30.7,631.87,3.65,0.0
4172,South,2022-06-03,30.39,595.63,2.98,1.6
4173,South,2022-06-04,34.63,704.14,4.49,0.08
4174,South,2022-06-05,31.77,569.87,3.38,0.09
4175,South,2022-06-06,32.7,578.37,4.53,0.08
4176,South,2022-06-07,34.44,561.28,5.82,0.14
4177,South,2022-06-08,26.54,700.68,0.36,0.24
4178,South,2022-06-09,33.65,569.12,4.87,0.3
4179,South,2022-06-10,31.05,640.49,3.43,0.1
4180,South,2022-06-11,31.64,756.88,4.8,0.22
4181,South,2022-06-12,28.95,587.95,2.76,0.26
4182,South,2022-06-13,28.94,677.98,5.88,0.07
4183,South,2022-06-14,31.26,717.78,5.45,0.02
4184,South,2022-06-15,34.89,661.27,4.92,0.45
4185,South,2022-06-16,31.96,572.76,5.25,0.23
4186,South,2022-06-17,32.31,620.46,2.94,0.21
4187,South,2022-06-18,29.23,461.07,3.12,0.01
4188,South,2022-06-19,28.25,496.6,5.17,0.34
4189,South,2022-06-20,27.72,505.56,2.88,0.17
4190,South,2022-06-21,28.13,728.09,6.2,0.38
4191,South,2022-06-22,24.83,478.73,3.54,0.73
4192,South,2022-06-23,27.32,472.43,4.77,0.63
4193,South,2022-06-24,27.48,449.98,7.16,0.39
4194,South,2022-06-25,28.07,573.15,2.95,0.0
4195,South,2022-06-26,28.52,534.63,4.11,0.43
4196,South,2022-06-27,28.81,605.0,5.58,0.02
4197,South,2022-06-28,27.88,566.61,5.43,0.38
4198,South,2022-06-29,26.57,397.31,3.51,0.07
4199,South,2022-06-30,23.64,438.0,3.22,0.94
4200,South,2022-07-01,26.24,606.64,3.65,0.01
4201,South,2022-07-02,25.28,475.99,6.17,0.29
4202,South,2022-07-03,27.98,582.1,3.58,0.02
4203,South,2022-07-04,28.7,469.96,4.12,0.11
4204,South,2022-07-05,28.58,399.37,3.37,0.34
4205,South,2022-07-06,28.05,447.38,5.07,0.24
4206,South,2022-07-07,26.1,389.06,4.25,0.0
4207,South,2022-07-08,25.15,416.13,2.51,0.1
4208,South,2022-07-09,24.53,472.33,2.57,0.01
4209,South,2022-07-10,22.84,492.09,1.03,0.22
4210,South,2022-07-11,27.67,318.85,2.79,0.69
4211,South,2022-07-12,25.16,439.61,5.23,0.21
4212,South,2022-07-13,22.85,389.01,6.03,0.05
4213,South,2022-07-14,23.52,379.04,5.08,0.44
4214,South,2022-07-15,23.28,436.51,4.89,0.75
4215,South,2022-07-16,24.93,376.86,3.88,0.05
4216,South,2022-07-17,26.81,526.5,5.24,0.16
4217,South,2022-07-18,23.82,506.03,4.52,0.1
4218,South,2022-07-19,19.84,500.61,6.81,0.29
4219,South,2022-07-20,23.81,361.58,3.96,0.4
4220,South,2022-07-21,23.71,319.32,6.14,0.08
4221,South,2022-07-22,23.41,398.05,5.45,0.22
4222,South,2022-07-23,22.45,374.66,5.25,0.16
4223,South,2022-07-24,23.98,333.22,1.14,0.07
4224,South,2022-07-25,23.52,283.13,5.57,0.06
4225,South,2022-07-26,23.18,369.18,4.0,0.15
4226,South,2022-07-27,23.9,335.52,3.54,0.03
4227,South,2022-07-28,22.06,418.3,2.0,0.33
4228,South,2022-07-29,21.79,411.86,4.23,0.01
4229,South,2022-07-30,25.38,442.18,4.3,0.02
4230,South,2022-07-31,23.59,248.88,2.31,0.08
4231,South,2022-08-01,23.97,377.27,2.08,0.03
4232,South,2022-08-02,24.62,282.58,5.03,0.13
4233,South,2022-08-03,23.08,238.79,5.63,0.1
4234,South,2022-08-04,23.74,297.84,4.63,0.26
4235,South,2022-08-05,18.58,413.36,6.09,0.61
4236,South,2022-08-06,22.01,293.88,4.25,1.4
4237,South,2022-08-07,21.1,444.75,4.32,0.04
4238,South,2022-08-08,24.68,359.32,3.05,0.55
4239,South,2022-08-09,23.05,279.84,2.1,0.1
4240,South,2022-08-10,19.8,400.19,7.25,0.64
4241,South,2022-08-11,21.67,339.08,6.19,0.11
4242,South,2022-08-12,21.13,224.98,2.42,0.07
4243,South,2022-08-13,21.58,444.47,4.77,0.45
4244,South,2022-08-14,18.51,312.77,4.41,0.08
4245,South,2022-08-15,21.14,289.83,4.17,0.17
4246,South,2022-08-16,19.85,216.25,3.99,0.05
4247,South,2022-08-17,20.75,375.5,5.2,0.32
4248,South,2022-08-18,18.62,319.02,5.88,0.3
4249,South,2022-08-19,18.78,324.54,5.29,0.07
4250,South,2022-08-20,22.19,230.23,4.53,0.23
4251,South,2022-08-21,17.63,334.26,4.5,0.24
4252,South,2022-08-22,17.67,337.25,6.17,0.17
4253,South,2022-08-23,19.41,207.64,5.49,0.18
4254,South,2022-08-24,17.87,144.7,4.93,0.17
4255,South,2022-08-25,17.54,301.55,4.79,0.02
4256,South,2022-08-26,19.43,126.23,5.39,0.22
4257,South,2022-08-27,16.11,261.38,4.2,0.13
4258,South,2022-08-28,17.01,210.65,6.16,0.12
4259,South,2022-08-29,23.04,341.2,3.35,0.39
4260,South,2022-08-30,19.77,209.63,4.37,0.0
4261,South,2022-08-31,17.27,327.07,5.94,0.06
4262,South,2022-09-01,19.52,194.86,3.35,0.13
4263,South,2022-09-02,19.73,313.58,2.72,0.01
4264,South,2022-09-03,20.51,396.08,5.21,0.06
4265,South,2022-09-04,18.19,143.55,2.6,0.89
4266,South,2022-09-05,20.33,250.18,3.23,0.06
4267,South,2022-09-06,14.23,444.63,6.34,0.22
4268,South,2022-09-07,16.12,228.04,4.93,0.03
4269,South,2022-09-08,18.5,225.73,7.2,0.18
4270,South,2022-09-09,18.77,282.02,3.49,0.83
4271,South,2022-09-10,16.23,220.46,5.19,0.07
4272,South,2022-09-11,18.51,78.91,5.96,0.38
4273,South,2022-09-12,16.69,304.48,3.64,1.2
4274,South,2022-09-13,17.34,52.15,6.98,0.18
4275,South,2022-09-14,19.89,177.62,6.23,0.07
4276,South,2022-09-15,19.62,306.21,3.08,0.22
4277,South,2022-09-16,15.76,179.84,5.47,0.37
4278,South,2022-09-17,15.6,151.7,6.14,0.04
4279,South,2022-09-18,16.86,276.46,4.71,0.12
4280,South,2022-09-19,17.6,137.03,3.41,0.08
4281,South,2022-09-20,16.3,106.44,6.08,0.07
4282,South,2022-09-21,19.67,225.36,9.02,0.39
4283,South,2022-09-22,18.26,188.03,5.15,0.11
4284,South,2022-09-23,18.36,102.53,8.12,0.08
4285,South,2022-09-24,15.0,252.42,4.67,0.19
4286,South,2022-09-25,19.85,238.16,6.16,0.25
4287,South,2022-09-26,11.86,171.84,7.03,0.05
4288,South,2022-09-27,19.16,177.03,5.89,0.15
4289,South,2022-09-28,19.35,237.77,5.49,0.11
4290,South,2022-09-29,16.62,295.25,7.06,0.07
4291,South,2022-09-30,20.03,177.38,8.85,0.01
4292,South,2022-10-01,17.36,252.44,6.49,0.15
4293,South,2022-10-02,17.61,245.44,5.3,0.34
4294,South,2022-10-03,18.17,270.81,5.83,0.38
4295,South,2022-10-04,23.88,203.95,9.93,0.05
4296,South,2022-10-05,20.21,128.24,6.38,0.18
4297,South,2022-10-06,18.94,164.73,5.32,0.39
4298,South,2022-10-07,15.73,229.76,4.53,0.11
4299,South,2022-10-08,17.87,348.5,3.54,0.54
4300,South,2022-10-09,15.98,165.07,6.86,0.47
4301,South,2022-10-10,19.28,269.04,7.33,0.23
4302,South,2022-10-11,17.95,179.36,5.79,0.06
4303,South,2022-10-12,15.45,215.48,6.4,0.04
4304,South,2022-10-13,17.9,329.0,4.7,0.04
4305,South,2022-10-14,16.08,270.12,6.69,0.48
4306,South,2022-10-15,18.12,110.97,7.24,0.54
4307,South,2022-10-16,16.15,165.86,5.75,0.01
4308,South,2022-10-17,17.97,313.63,9.12,0.18
4309,South,2022-10-18,19.47,226.03,5.36,0.17
4310,South,2022-10-19,17.92,124.41,7.08,0.1
4311,South,2022-10-20,17.3,152.53,7.96,0.2
4312,South,2022-10-21,18.55,276.13,6.6,2.94
4313,South,2022-10-22,19.6,301.29,6.46,0.04
4314,South,2022-10-23,16.06,225.14,4.64,0.03
4315,South,2022-10-24,18.86,423.79,8.85,0.01
4316,South,2022-10-25,21.04,293.83,6.59,0.09
4317,South,2022-10-26,19.63,210.63,7.68,0.08
4318,South,2022-10-27,18.68,167.15,7.91,0.11
4319,South,2022-10-28,19.92,156.79,5.99,0.7
4320,South,2022-10-29,19.63,264.07,6.67,0.28
4321,South,2022-10-30,20.31,200.66,9.0,0.1
4322,South,2022-10-31,14.84,376.27,5.35,0.08
4323,South,2022-11-01,15.87,362.36,10.25,0.35
4324,South,2022-11-02,21.08,298.46,5.97,0.38
4325,South,2022-11-03,16.16,156.33,5.34,0.05
4326,South,2022-11-04,20.07,199.78,7.34,0.08
4327,South,2022-11-05,18.66,356.99,10.48,0.35
4328,South,2022-11-06,17.47,214.55,4.33,0.02
4329,South,2022-11-07,20.27,352.49,7.01,0.08
4330,South,2022-11-08,20.08,303.88,7.97,0.59
4331,South,2022-11-09,24.01,273.31,7.33,0.04
4332,South,2022-11-10,18.65,216.28,7.88,0.04
4333,South,2022-11-11,22.89,268.37,6.25,0.11
4334,South,2022-11-12,20.83,294.55,6.46,1.4
4335,South,2022-11-13,18.92,365.51,7.16,0.37
4336,South,2022-11-14,21.96,215.64,5.71,0.77
4337,South,2022-11-15,21.62,269.14,7.36,0.02
4338,South,2022-11-16,20.68,297.47,6.87,0.05
4339,South,2022-11-17,21.27,350.68,6.77,0.28
4340,South,2022-11-18,19.67,228.83,7.98,0.16
4341,South,2022-11-19,19.34,200.09,4.79,0.08
4342,South,2022-11-20,22.64,363.29,7.2,0.05
4343,South,2022-11-21,20.81,191.95,11.04,0.07
4344,South,2022-11-22,21.23,420.26,5.96,0.11
4345,South,2022-11-23,22.09,309.11,9.54,0.04
4346,South,2022-11-24,22.2,201.96,7.71,0.67
4347,South,2022-11-25,18.95,291.56,6.74,0.02
4348,South,2022-11-26,24.53,364.6,5.69,0.85
4349,South,2022-11-27,22.34,295.98,7.9,1.84
4350,South,2022-11-28,21.84,344.58,9.88,0.11
4351,South,2022-11-29,23.25,406.6,7.14,0.27
4352,South,2022-11-30,23.01,335.69,7.62,0.22
4353,South,2022-12-01,24.23,281.42,9.27,0.05
4354,South,2022-12-02,23.92,337.02,8.28,0.08
4355,South,2022-12-03,24.43,478.72,5.43,0.14
4356,South,2022-12-04,25.85,504.97,7.95,1.02
4357,South,2022-12-05,25.07,213.25,10.09,0.16
4358,South,2022-12-06,23.14,466.84,7.78,0.13
4359,South,2022-12-07,21.38,404.31,3.73,0.12
4360,South,2022-12-08,27.12,463.0,8.44,0.69
4361,South,2022-12-09,23.47,349.86,7.57,0.11
4362,South,2022-12-10,23.16,257.28,5.14,0.16
4363,South,2022-12-11,20.79,450.38,5.38,0.44
4364,South,2022-12-12,25.11,333.25,9.37,0.2
4365,South,2022-12-13,24.89,302.39,6.82,0.26
4366,South,2022-12-14,21.73,312.94,6.56,0.18
4367,South,2022-12-15,25.83,471.47,7.88,0.21
4368,South,2022-12-16,24.1,439.55,6.98,0.17
4369,South,2022-12-17,30.64,496.02,8.1,0.01
4370,South,2022-12-18,24.29,491.99,7.65,1.56
4371,South,2022-12-19,24.73,409.86,6.16,0.01
4372,South,2022-12-20,24.02,442.97,7.2,0.1
4373,South,2022-12-21,28.49,412.79,8.64,0.02
4374,South,2022-12-22,25.36,441.99,8.04,0.02
4375,South,2022-12-23,24.83,386.56,7.86,1.58
4376,South,2022-12-24,27.86,500.31,10.9,0.55
4377,South,2022-12-25,23.86,560.22,9.09,1.62
4378,South,2022-12-26,28.04,414.03,9.27,0.06
4379,South,2022-12-27,30.53,587.02,7.75,0.06
4380,South,2022-12-28,28.27,498.76,8.33,0.06
4381,South,2022-12-29,28.58,514.12,7.35,0.19
4382,South,2022-12-30,29.22,364.05,9.17,1.69
4383,South,2022-12-31,31.07,360.58,7.83,0.12
4384,South,2023-01-01,30.24,521.86,8.33,0.48
4385,South,2023-01-02,28.87,578.66,8.24,0.73
4386,South,2023-01-03,29.98,466.93,7.97,0.02
4387,South,2023-01-04,26.57,659.4,12.4,0.13
4388,South,2023-01-05,30.06,589.73,6.99,0.11
4389,South,2023-01-06,26.67,463.4,6.97,0.1
4390,South,2023-01-07,28.12,543.65,9.02,0.06
4391,South,2023-01-08,22.86,744.45,7.08,0.01
4392,South,2023-01-09,30.0,451.98,7.53,0.42
4393,South,2023-01-10,28.07,598.73,6.33,0.19
4394,South,2023-01-11,31.75,535.71,8.69,0.34
4395,South,2023-01-12,30.48,623.13,8.71,0.15
4396,South,2023-01-13,32.11,672.98,7.47,0.18
4397,South,2023-01-14,27.87,545.71,9.01,0.24
4398,South,2023-01-15,32.28,671.1,5.14,0.48
4399,South,2023-01-16,34.58,764.24,6.85,0.02
4400,South,2023-01-17,32.06,596.78,7.65,0.08
4401,South,2023-01-18,32.27,659.17,6.14,0.25
4402,South,2023-01-19,31.19,554.02,5.26,3.18
4403,South,2023-01-20,29.97,607.64,7.41,0.79
4404,South,2023-01-21,32.7,596.78,8.9,0.2
4405,South,2023-01-22,28.32,679.45,9.77,0.04
4406,South,2023-01-23,30.66,716.82,7.01,0.03
4407,South,2023-01-24,28.11,616.39,8.92,0.58
4408,South,2023-01-25,30.4,752.52,8.76,0.11
4409,South,2023-01-26,33.25,756.87,9.62,0.04
4410,South,2023-01-27,33.13,706.81,7.25,2.72
4411,South,2023-01-28,32.37,602.34,5.06,0.02
4412,South,2023-01-29,32.76,599.19,7.84,0.26
4413,South,2023-01-30,28.79,587.61,6.2,0.98
4414,South,2023-01-31,31.97,732.96,6.62,0.02
4415,South,2023-02-01,31.5,564.46,7.23,0.08
4416,South,2023-02-02,31.69,719.88,7.16,0.03
4417,South,2023-02-03,34.35,583.52,7.86,0.19
4418,South,2023-02-04,31.57,740.12,8.68,0.13
4419,South,2023-02-05,32.22,679.8,7.06,0.0
4420,South,2023-02-06,29.39,789.23,8.18,0.74
4421,South,2023-02-07,33.11,777.93,7.59,0.09
4422,South,2023-02-08,31.66,805.43,8.95,0.06
4423,South,2023-02-09,34.12,811.45,7.24,0.05
4424,South,2023-02-10,32.19,709.98,7.38,0.03
4425,South,2023-02-11,34.43,609.63,6.92,1.41
4426,South,2023-02-12,34.06,621.91,7.21,0.07
4427,South,2023-02-13,37.82,542.89,6.25,0.1
4428,South,2023-02-14,35.59,626.8,6.08,0.41
4429,South,2023-02-15,31.04,722.6,8.54,0.21
4430,South,2023-02-16,32.3,675.85,5.73,0.09
4431,South,2023-02-17,35.06,709.68,6.85,0.46
4432,South,2023-02-18,33.2,766.91,8.83,0.28
4433,South,2023-02-19,29.24,706.5,6.75,0.05
4434,South,2023-02-20,37.98,644.34,8.49,0.21
4435,South,2023-02-21,36.83,733.03,6.34,0.51
4436,South,2023-02-22,36.53,668.53,5.62,0.14
4437,South,2023-02-23,34.38,721.8,4.78,0.26
4438,South,2023-02-24,36.55,853.87,9.11,0.71
4439,South,2023-02-25,34.38,727.71,5.41,0.23
4440,South,2023-02-26,36.3,893.86,8.2,0.02
4441,South,2023-02-27,34.14,869.48,5.55,0.06
4442,South,2023-02-28,39.1,711.28,9.0,0.18
4443,South,2023-03-01,33.01,671.35,10.31,0.06
4444,South,2023-03-02,38.7,758.56,4.44,0.63
4445,South,2023-03-03,36.4,857.49,5.31,0.1
4446,South,2023-03-04,35.42,728.38,8.06,0.12
4447,South,2023-03-05,36.81,842.54,7.64,0.24
4448,South,2023-03-06,38.02,868.78,8.01,0.15
4449,South,2023-03-07,39.35,712.32,5.95,0.1
4450,South,2023-03-08,37.32,722.21,9.76,0.08
4451,South,2023-03-09,34.97,835.28,6.92,0.18
4452,South,2023-03-10,36.93,792.3,4.89,0.4
4453,South,2023-03-11,40.51,727.07,6.3,0.23
4454,South,2023-03-12,39.63,755.5,4.85,0.1
4455,South,2023-03-13,38.81,779.68,9.0,0.03
4456,South,2023-03-14,38.63,661.68,5.59,0.34
4457,South,2023-03-15,38.49,849.59,7.29,0.57
4458,South,2023-03-16,39.45,751.43,5.81,0.49
4459,South,2023-03-17,36.27,568.32,5.56,0.26
4460,South,2023-03-18,34.51,790.32,3.59,0.11
4461,South,2023-03-19,37.4,734.03,7.32,0.14
4462,South,2023-03-20,35.66,929.5,8.33,0.36
4463,South,2023-03-21,35.21,748.51,4.98,0.02
4464,South,2023-03-22,35.91,708.39,4.0,0.15
4465,South,2023-03-23,42.35,837.61,7.49,0.05
4466,South,2023-03-24,37.67,744.83,3.78,0.08
4467,South,2023-03-25,38.15,735.91,8.04,0.21
4468,South,2023-03-26,34.99,839.54,4.82,0.01
4469,South,2023-03-27,33.77,715.96,4.49,0.18
4470,South,2023-03-28,35.83,682.95,6.48,0.07
4471,South,2023-03-29,40.35,937.85,4.52,0.22
4472,South,2023-03-30,38.15,846.29,4.98,0.03
4473,South,2023-03-31,38.68,778.86,6.54,0.27
4474,South,2023-04-01,38.96,799.7,2.33,1.04
4475,South,2023-04-02,36.29,840.33,8.4,0.71
4476,South,2023-04-03,40.24,877.53,5.97,0.48
4477,South,2023-04-04,36.19,738.9,3.93,0.07
4478,South,2023-04-05,40.26,828.29,4.31,0.01
4479,South,2023-04-06,38.32,758.0,7.29,0.21
4480,South,2023-04-07,33.83,782.86,6.67,0.18
4481,South,2023-04-08,35.89,810.19,7.81,0.01
4482,South,2023-04-09,33.8,796.07,4.68,0.03
4483,South,2023-04-10,39.67,854.63,6.11,0.18
4484,South,2023-04-11,37.26,833.84,6.27,0.49
4485,South,2023-04-12,32.82,673.23,6.64,0.47
4486,South,2023-04-13,37.99,684.18,7.26,0.03
4487,South,2023-04-14,36.13,762.06,4.46,0.1
4488,South,2023-04-15,34.19,936.67,5.33,0.01
4489,South,2023-04-16,40.47,720.91,4.55,0.13
4490,South,2023-04-17,37.28,770.96,5.35,0.28
4491,South,2023-04-18,36.43,743.2,6.45,0.31
4492,South,2023-04-19,36.16,740.18,2.88,0.14
4493,South,2023-04-20,33.88,797.09,7.0,0.02
4494,South,2023-04-21,34.24,893.13,3.59,0.1
4495,South,2023-04-22,39.36,815.69,4.81,0.54
4496,South,2023-04-23,35.77,713.0,7.1,0.05
4497,South,2023-04-24,36.7,995.53,5.7,0.08
4498,South,2023-04-25,32.5,779.47,5.68,0.27
4499,South,2023-04-26,33.88,724.83,3.37,0.26
4500,South,2023-04-27,37.66,881.72,3.55,0.49
4501,South,2023-04-28,37.12,728.89,6.49,0.1
4502,South,2023-04-29,39.79,897.04,4.17,0.14
4503,South,2023-04-30,38.88,691.86,4.28,0.13
4504,South,2023-05-01,35.65,873.35,6.44,0.53
4505,South,2023-05-02,36.97,772.38,3.39,0.29
4506,South,2023-05-03,35.3,856.86,5.34,0.36
4507,South,2023-05-04,39.95,902.92,4.97,0.03
4508,South,2023-05-05,38.04,657.3,4.87,0.31
4509,South,2023-05-06,35.98,847.02,4.07,0.11
4510,South,2023-05-07,35.94,629.23,3.95,0.02
4511,South,2023-05-08,38.33,655.08,3.17,0.01
4512,South,2023-05-09,36.5,671.42,5.49,0.23
4513,South,2023-05-10,38.35,772.76,3.73,0.09
4514,South,2023-05-11,30.73,731.81,6.16,0.41
4515,South,2023-05-12,35.93,712.43,4.35,0.27
4516,South,2023-05-13,33.86,734.07,3.07,0.02
4517,South,2023-05-14,38.29,766.17,4.28,0.23
4518,South,2023-05-15,37.75,768.76,3.99,0.04
4519,South,2023-05-16,34.6,799.21,6.1,0.11
4520,South,2023-05-17,37.48,853.59,4.01,0.2
4521,South,2023-05-18,37.85,702.52,4.12,0.41
4522,South,2023-05-19,34.31,658.73,6.63,0.61
4523,South,2023-05-20,38.97,745.63,5.25,0.33
4524,South,2023-05-21,33.84,601.08,6.96,0.31
4525,South,2023-05-22,33.34,634.33,6.33,0.11
4526,South,2023-05-23,35.36,764.54,3.09,0.14
4527,South,2023-05-24,32.79,670.56,5.89,0.24
4528,South,2023-05-25,33.53,579.68,6.67,0.01
4529,South,2023-05-26,36.04,552.95,6.66,0.44
4530,South,2023-05-27,33.11,671.77,5.82,1.47
4531,South,2023-05-28,29.54,754.92,5.77,0.06
4532,South,2023-05-29,33.52,749.5,3.85,0.79
4533,South,2023-05-30,31.25,663.69,3.03,0.04
4534,South,2023-05-31,34.22,811.09,3.74,0.49
4535,South,2023-06-01,33.73,637.5,1.76,0.08
4536,South,2023-06-02,35.13,630.26,6.25,0.29
4537,South,2023-06-03,33.85,431.38,3.8,0.12
4538,South,2023-06-04,34.07,596.37,6.14,0.27
4539,South,2023-06-05,30.39,695.66,2.34,0.03
4540,South,2023-06-06,33.18,747.92,5.8,0.06
4541,South,2023-06-07,35.35,551.66,3.42,0.02
4542,South,2023-06-08,29.88,650.29,2.22,0.4
4543,South,2023-06-09,34.7,692.26,6.58,0.07
4544,South,2023-06-10,29.84,604.58,5.78,0.24
4545,South,2023-06-11,29.07,416.16,4.43,0.34
4546,South,2023-06-12,31.2,613.72,4.15,0.46
4547,South,2023-06-13,31.88,649.93,4.75,0.02
4548,South,2023-06-14,32.11,508.28,4.37,0.45
4549,South,2023-06-15,28.19,558.77,2.88,0.04
4550,South,2023-06-16,30.82,481.67,3.44,0.27
4551,South,2023-06-17,28.41,363.48,6.99,0.26
4552,South,2023-06-18,26.64,646.22,8.05,0.0
4553,South,2023-06-19,27.59,558.7,6.38,0.05
4554,South,2023-06-20,27.78,681.74,4.75,0.14
4555,South,2023-06-21,30.15,617.43,3.52,0.54
4556,South,2023-06-22,31.24,515.4,2.82,0.5
4557,South,2023-06-23,25.82,531.97,2.92,0.09
4558,South,2023-06-24,29.3,578.79,3.18,0.55
4559,South,2023-06-25,26.07,605.71,7.24,0.62
4560,South,2023-06-26,29.51,549.03,6.72,0.67
4561,South,2023-06-27,26.84,606.51,5.12,0.27
4562,South,2023-06-28,25.81,489.17,2.56,0.35
4563,South,2023-06-29,29.34,427.97,5.34,0.02
4564,South,2023-06-30,26.39,497.4,3.64,0.18
4565,South,2023-07-01,26.76,513.83,0.77,0.03
4566,South,2023-07-02,22.78,396.13,4.43,0.07
4567,South,2023-07-03,28.94,380.16,2.74,0.98
4568,South,2023-07-04,28.52,517.73,2.79,0.26
4569,South,2023-07-05,26.72,444.28,3.63,0.01
4570,South,2023-07-06,23.48,458.37,3.26,0.15
4571,South,2023-07-07,28.78,437.73,3.96,0.17
4572,South,2023-07-08,24.86,583.02,3.89,0.02
4573,South,2023-07-09,25.11,557.2,1.21,0.14
4574,South,2023-07-10,30.48,352.17,6.31,0.25
4575,South,2023-07-11,24.27,403.45,2.56,0.01
4576,South,2023-07-12,27.0,509.0,2.61,0.29
4577,South,2023-07-13,26.47,484.1,3.55,0.17
4578,South,2023-07-14,25.96,427.59,3.89,1.79
4579,South,2023-07-15,25.57,334.89,6.25,0.05
4580,South,2023-07-16,25.6,366.3,4.47,0.36
4581,South,2023-07-17,25.22,374.59,4.93,0.1
4582,South,2023-07-18,24.41,433.15,4.5,0.1
4583,South,2023-07-19,27.37,542.37,4.45,0.04
4584,South,2023-07-20,21.56,346.23,4.58,0.42
4585,South,2023-07-21,26.07,314.23,1.22,1.22
4586,South,2023-07-22,25.51,382.8,3.76,0.01
4587,South,2023-07-23,25.1,469.23,5.89,0.0
4588,South,2023-07-24,25.78,266.17,10.07,0.07
4589,South,2023-07-25,23.2,493.48,2.37,0.03
4590,South,2023-07-26,19.49,358.74,4.82,0.2
4591,South,2023-07-27,22.93,309.1,3.35,0.22
4592,South,2023-07-28,20.94,235.21,7.29,0.57
4593,South,2023-07-29,21.3,415.17,2.21,0.61
4594,South,2023-07-30,20.13,340.42,5.19,0.22
4595,South,2023-07-31,21.51,363.28,2.16,0.0
4596,South,2023-08-01,21.13,273.12,3.81,0.09
4597,South,2023-08-02,17.42,315.25,4.25,0.14
4598,South,2023-08-03,23.43,297.5,5.93,0.14
4599,South,2023-08-04,26.32,324.08,2.73,0.18
4600,South,2023-08-05,22.95,274.3,5.36,0.65
4601,South,2023-08-06,21.2,200.93,4.41,0.43
4602,South,2023-08-07,21.35,537.79,4.81,0.02
4603,South,2023-08-08,20.48,206.34,5.86,0.06
4604,South,2023-08-09,21.37,325.89,2.52,0.36
4605,South,2023-08-10,20.98,165.62,5.68,0.35
4606,South,2023-08-11,19.25,143.69,3.64,0.06
4607,South,2023-08-12,24.16,307.41,6.16,0.26
4608,South,2023-08-13,17.7,309.72,5.04,0.22
4609,South,2023-08-14,21.98,392.94,4.24,0.64
4610,South,2023-08-15,20.22,320.29,3.7,0.22
4611,South,2023-08-16,24.1,272.71,5.84,0.44
4612,South,2023-08-17,20.87,205.16,6.52,0.23
4613,South,2023-08-18,19.35,397.55,3.86,0.04
4614,South,2023-08-19,19.46,348.51,2.98,0.24
4615,South,2023-08-20,19.92,171.13,5.75,0.27
4616,South,2023-08-21,17.44,270.57,2.56,2.18
4617,South,2023-08-22,18.09,275.83,2.8,0.05
4618,South,2023-08-23,15.95,233.49,3.2,0.9
4619,South,2023-08-24,17.57,319.8,4.19,0.03
4620,South,2023-08-25,19.5,321.58,2.84,0.18
4621,South,2023-08-26,19.82,236.85,1.97,1.07
4622,South,2023-08-27,15.16,226.75,3.2,0.11
4623,South,2023-08-28,18.75,366.34,5.89,0.13
4624,South,2023-08-29,20.06,318.33,3.05,2.22
4625,South,2023-08-30,18.52,246.85,4.48,0.21
4626,South,2023-08-31,17.49,108.15,7.94,0.14
4627,South,2023-09-01,17.85,263.52,4.98,0.03
4628,South,2023-09-02,17.52,289.43,5.59,0.0
4629,South,2023-09-03,17.25,10.89,3.69,0.03
4630,South,2023-09-04,18.79,249.14,8.39,0.63
4631,South,2023-09-05,22.99,193.48,4.36,1.44
4632,South,2023-09-06,16.82,207.06,4.86,0.68
4633,South,2023-09-07,17.6,150.12,7.21,0.01
4634,South,2023-09-08,18.07,208.93,5.0,0.23
4635,South,2023-09-09,16.74,330.29,5.37,0.01
4636,South,2023-09-10,20.25,181.46,4.91,0.3
4637,South,2023-09-11,13.25,292.74,4.95,0.1
4638,South,2023-09-12,16.88,149.39,5.95,0.02
4639,South,2023-09-13,19.53,273.09,6.26,0.17
4640,South,2023-09-14,17.26,211.09,4.5,0.07
4641,South,2023-09-15,16.16,237.78,4.35,0.22
4642,South,2023-09-16,18.64,208.94,4.62,0.21
4643,South,2023-09-17,19.53,258.53,3.46,0.24
4644,South,2023-09-18,18.1,0.71,3.21,0.98
4645,South,2023-09-19,16.05,91.54,6.08,0.49
4646,South,2023-09-20,18.53,237.58,7.07,0.13
4647,South,2023-09-21,16.79,39.91,7.01,0.33
4648,South,2023-09-22,19.06,160.22,2.16,0.17
4649,South,2023-09-23,20.51,197.68,5.4,0.04
4650,South,2023-09-24,12.32,135.22,4.15,0.37
4651,South,2023-09-25,17.73,145.68,6.05,0.01
4652,South,2023-09-26,14.03,222.35,5.24,0.04
4653,South,2023-09-27,22.37,281.08,6.79,0.11
4654,South,2023-09-28,16.55,123.46,5.91,0.08
4655,South,2023-09-29,18.97,154.02,3.13,0.01
4656,South,2023-09-30,17.41,141.5,4.56,0.01
4657,South,2023-10-01,15.88,6.36,6.05,0.58
4658,South,2023-10-02,15.64,211.56,6.21,0.06
4659,South,2023-10-03,20.67,275.25,4.0,0.03
4660,South,2023-10-04,19.42,282.13,3.84,0.22
4661,South,2023-10-05,21.41,131.56,6.26,0.05
4662,South,2023-10-06,17.65,101.6,4.11,0.0
4663,South,2023-10-07,18.13,204.06,3.75,0.11
4664,South,2023-10-08,17.05,269.36,5.62,0.37
4665,South,2023-10-09,17.03,216.18,5.58,0.38
4666,South,2023-10-10,15.55,227.8,5.03,0.59
4667,South,2023-10-11,17.83,296.95,5.33,0.22
4668,South,2023-10-12,16.12,147.51,6.44,0.19
4669,South,2023-10-13,18.62,190.17,5.37,0.55
4670,South,2023-10-14,18.12,339.75,6.59,0.15
4671,South,2023-10-15,18.4,194.53,5.95,0.13
4672,South,2023-10-16,21.22,110.27,6.8,0.05
4673,South,2023-10-17,17.84,159.58,7.9,1.41
4674,South,2023-10-18,19.48,139.63,7.88,0.03
4675,South,2023-10-19,22.13,244.89,8.58,0.14
4676,South,2023-10-20,20.69,146.37,7.94,0.11
4677,South,2023-10-21,20.45,241.53,7.07,0.21
4678,South,2023-10-22,17.59,162.85,6.1,0.5
4679,South,2023-10-23,18.73,53.84,6.2,0.59
4680,South,2023-10-24,15.7,250.29,5.49,0.04
4681,South,2023-10-25,19.41,239.77,6.85,0.06
4682,South,2023-10-26,19.03,271.53,7.92,0.33
4683,South,2023-10-27,18.61,178.57,5.82,0.15
4684,South,2023-10-28,20.69,172.42,6.88,0.6
4685,South,2023-10-29,16.3,269.35,5.95,0.25
4686,South,2023-10-30,22.07,361.28,7.31,0.18
4687,South,2023-10-31,20.7,243.26,6.2,0.71
4688,South,2023-11-01,18.84,279.02,5.94,0.18
4689,South,2023-11-02,18.78,222.09,6.06,0.13
4690,South,2023-11-03,20.13,127.16,7.87,0.16
4691,South,2023-11-04,22.31,330.95,7.0,1.65
4692,South,2023-11-05,19.57,329.21,6.53,0.19
4693,South,2023-11-06,19.75,316.45,7.59,0.21
4694,South,2023-11-07,19.61,248.16,6.6,0.71
4695,South,2023-11-08,23.24,313.68,8.94,0.96
4696,South,2023-11-09,19.05,340.68,5.82,0.1
4697,South,2023-11-10,19.84,402.12,7.02,0.24
4698,South,2023-11-11,22.94,354.99,5.22,1.08
4699,South,2023-11-12,20.42,284.48,6.83,0.0
4700,South,2023-11-13,22.52,178.25,4.86,0.13
4701,South,2023-11-14,18.54,298.96,8.52,0.27
4702,South,2023-11-15,20.07,310.69,8.58,0.14
4703,South,2023-11-16,23.58,350.61,8.63,0.3
4704,South,2023-11-17,19.38,405.98,7.52,0.12
4705,South,2023-11-18,20.56,293.9,6.18,0.82
4706,South,2023-11-19,21.51,473.49,6.32,0.07
4707,South,2023-11-20,19.15,168.63,9.84,0.02
4708,South,2023-11-21,20.43,346.93,9.72,0.11
4709,South,2023-11-22,21.62,253.58,7.77,0.16
4710,South,2023-11-23,21.63,169.0,6.83,0.09
4711,South,2023-11-24,24.23,309.62,9.68,0.06
4712,South,2023-11-25,24.9,213.42,6.61,0.22
4713,South,2023-11-26,20.24,321.36,8.01,0.09
4714,South,2023-11-27,22.32,341.38,9.71,0.2
4715,South,2023-11-28,23.59,432.46,6.45,0.3
4716,South,2023-11-29,25.43,226.79,8.97,1.43
4717,South,2023-11-30,23.98,424.54,8.52,0.09
4718,South,2023-12-01,23.27,364.23,7.7,0.17
4719,South,2023-12-02,24.18,443.24,6.28,0.6
4720,South,2023-12-03,24.34,330.99,6.7,0.41
4721,South,2023-12-04,21.3,263.59,8.24,0.42
4722,South,2023-12-05,23.69,277.44,5.68,0.08
4723,South,2023-12-06,26.38,276.21,8.03,0.02
4724,South,2023-12-07,23.21,422.53,8.66,0.04
4725,South,2023-12-08,24.04,507.24,9.34,0.09
4726,South,2023-12-09,23.46,348.7,5.77,0.17
4727,South,2023-12-10,19.48,449.07,9.86,0.21
4728,South,2023-12-11,24.31,281.74,10.44,0.08
4729,South,2023-12-12,25.03,422.95,8.52,0.22
4730,South,2023-12-13,23.57,466.94,6.36,0.56
4731,South,2023-12-14,22.45,302.56,7.43,0.21
4732,South,2023-12-15,23.16,407.08,7.86,0.03
4733,South,2023-12-16,26.62,485.67,8.35,0.17
4734,South,2023-12-17,29.21,198.72,7.98,0.16
4735,South,2023-12-18,28.19,545.3,8.38,0.41
4736,South,2023-12-19,22.91,471.83,7.83,0.09
4737,South,2023-12-20,27.48,505.95,8.37,0.11
4738,South,2023-12-21,24.61,420.69,7.29,0.18
4739,South,2023-12-22,24.94,321.0,7.47,0.15
4740,South,2023-12-23,25.35,506.66,7.12,0.25
4741,South,2023-12-24,27.86,462.46,10.87,0.01
4742,South,2023-12-25,28.54,476.78,10.19,0.17
4743,South,2023-12-26,26.6,566.37,8.83,0.13
4744,South,2023-12-27,26.8,545.48,9.99,0.38
4745,South,2023-12-28,28.06,643.37,9.2,0.22
4746,South,2023-12-29,28.44,507.14,8.27,0.03
4747,South,2023-12-30,29.83,444.7,5.74,0.37
4748,South,2023-12-31,25.08,490.09,7.61,0.24
4749,South,2024-01-01,27.86,543.58,7.5,0.21
4750,South,2024-01-02,25.86,596.75,6.3,0.02
4751,South,2024-01-03,28.07,403.28,5.77,0.17
4752,South,2024-01-04,27.89,526.47,8.73,0.03
4753,South,2024-01-05,28.42,659.69,8.48,0.06
4754,South,2024-01-06,27.08,516.85,6.23,0.12
4755,South,2024-01-07,25.88,615.66,6.86,0.02
4756,South,2024-01-08,24.83,585.74,9.72,1.01
4757,South,2024-01-09,28.93,627.86,6.65,0.04
4758,South,2024-01-10,28.5,491.69,8.22,1.52
4759,South,2024-01-11,28.18,497.1,7.67,0.35
4760,South,2024-01-12,32.34,568.2,8.71,1.04
4761,South,2024-01-13,28.15,449.02,6.66,0.11
4762,South,2024-01-14,32.87,555.03,8.07,0.41
4763,South,2024-01-15,33.45,601.82,8.18,3.16
4764,South,2024-01-16,26.46,729.32,8.26,0.04
4765,South,2024-01-17,30.71,623.69,8.02,0.13
4766,South,2024-01-18,29.89,646.4,8.41,0.06
4767,South,2024-01-19,25.03,694.41,11.17,0.97
4768,South,2024-01-20,28.13,528.93,11.71,0.17
4769,South,2024-01-21,32.73,597.71,6.9,0.23
4770,South,2024-01-22,35.37,809.73,4.37,0.32
4771,South,2024-01-23,33.3,614.12,8.72,0.01
4772,South,2024-01-24,32.3,714.47,8.1,0.33
4773,South,2024-01-25,31.76,706.93,9.39,0.01
4774,South,2024-01-26,35.33,516.22,8.22,1.07
4775,South,2024-01-27,36.41,663.9,7.86,0.02
4776,South,2024-01-28,31.09,655.36,9.45,0.06
4777,South,2024-01-29,28.42,674.53,9.64,0.26
4778,South,2024-01-30,28.37,592.27,5.64,0.07
4779,South,2024-01-31,35.36,567.67,6.48,0.14
4780,South,2024-02-01,32.77,623.32,7.53,0.49
4781,South,2024-02-02,33.37,657.91,7.81,0.01
4782,South,2024-02-03,29.57,764.81,7.31,0.33
4783,South,2024-02-04,31.78,819.62,8.28,0.01
4784,South,2024-02-05,32.84,790.15,9.1,0.03
4785,South,2024-02-06,33.98,751.36,10.17,0.03
4786,South,2024-02-07,32.9,606.27,8.43,1.03
4787,South,2024-02-08,31.76,657.92,6.27,0.04
4788,South,2024-02-09,32.4,711.38,7.3,0.45
4789,South,2024-02-10,36.51,647.9,7.39,0.94
4790,South,2024-02-11,34.71,748.51,8.25,0.1
4791,South,2024-02-12,35.57,763.75,8.04,0.2
4792,South,2024-02-13,32.68,752.74,10.5,0.3
4793,South,2024-02-14,28.69,795.51,6.71,0.1
4794,South,2024-02-15,33.67,644.73,7.96,0.04
4795,South,2024-02-16,33.1,795.25,10.89,0.57
4796,South,2024-02-17,35.65,668.44,6.45,0.3
4797,South,2024-02-18,41.63,652.22,7.52,0.3
4798,South,2024-02-19,36.56,773.39,5.86,0.26
4799,South,2024-02-20,40.75,831.36,7.37,0.04
4800,South,2024-02-21,36.53,776.32,6.05,0.51
4801,South,2024-02-22,34.23,742.07,8.77,0.04
4802,South,2024-02-23,36.29,768.27,7.39,0.27
4803,South,2024-02-24,39.26,757.36,5.74,0.01
4804,South,2024-02-25,39.45,659.28,8.37,0.36
4805,South,2024-02-26,34.73,652.78,7.35,0.47
4806,South,2024-02-27,36.48,748.64,8.48,0.07
4807,South,2024-02-28,33.21,764.02,5.3,0.02
4808,South,2024-02-29,37.8,761.14,7.55,0.13
4809,South,2024-03-01,39.35,816.86,8.13,0.07
4810,South,2024-03-02,36.4,747.98,6.3,0.11
4811,South,2024-03-03,35.06,812.63,5.02,1.09
4812,South,2024-03-04,37.2,758.32,6.81,0.05
4813,South,2024-03-05,37.38,917.97,8.68,0.44
4814,South,2024-03-06,36.78,780.7,8.5,0.31
4815,South,2024-03-07,37.05,963.55,6.14,0.21
4816,South,2024-03-08,36.41,806.42,4.82,0.08
4817,South,2024-03-09,38.81,763.06,6.07,0.22
4818,South,2024-03-10,38.35,710.0,5.98,0.29
4819,South,2024-03-11,34.97,668.25,7.32,0.9
4820,South,2024-03-12,34.97,706.0,6.46,0.05
4821,South,2024-03-13,36.53,716.5,5.46,0.0
4822,South,2024-03-14,38.56,819.92,8.21,0.32
4823,South,2024-03-15,37.43,747.63,6.73,0.35
4824,South,2024-03-16,35.89,805.97,7.14,0.24
4825,South,2024-03-17,37.74,894.79,3.86,0.02
4826,South,2024-03-18,36.6,786.33,2.78,0.18
4827,South,2024-03-19,39.05,960.72,4.23,1.72
4828,South,2024-03-20,37.99,701.28,5.63,0.1
4829,South,2024-03-21,36.72,784.16,7.18,0.04
4830,South,2024-03-22,37.84,753.83,2.77,0.89
4831,South,2024-03-23,40.03,872.59,8.64,0.35
4832,South,2024-03-24,36.28,619.08,6.47,0.01
4833,South,2024-03-25,38.24,683.33,8.22,0.18
4834,South,2024-03-26,37.31,790.61,4.82,0.21
4835,South,2024-03-27,38.32,923.64,6.87,0.18
4836,South,2024-03-28,36.16,817.84,6.21,0.21
4837,South,2024-03-29,37.7,691.81,7.27,0.2
4838,South,2024-03-30,39.69,704.22,5.66,0.03
4839,South,2024-03-31,35.6,933.81,6.68,0.05
4840,South,2024-04-01,34.82,750.17,7.59,0.19
4841,South,2024-04-02,34.89,724.23,4.93,0.0
4842,South,2024-04-03,35.12,917.56,6.23,0.2
4843,South,2024-04-04,38.64,879.89,3.0,0.22
4844,South,2024-04-05,34.62,900.46,6.86,0.05
4845,South,2024-04-06,36.82,721.97,8.7,0.18
4846,South,2024-04-07,38.63,675.33,3.87,0.15
4847,South,2024-04-08,38.2,807.26,5.56,0.06
4848,South,2024-04-09,36.57,822.59,6.99,0.12
4849,South,2024-04-10,37.69,824.05,5.68,2.4
4850,South,2024-04-11,37.49,912.14,5.85,0.56
4851,South,2024-04-12,36.79,654.1,4.98,0.2
4852,South,2024-04-13,36.78,860.41,4.89,0.01
4853,South,2024-04-14,41.63,702.65,5.37,0.02
4854,South,2024-04-15,38.73,857.5,5.53,0.02
4855,South,2024-04-16,42.03,749.62,3.66,0.3
4856,South,2024-04-17,36.02,720.99,5.3,0.09
4857,South,2024-04-18,36.79,735.72,7.72,0.05
4858,South,2024-04-19,34.24,667.18,4.7,0.28
4859,South,2024-04-20,35.23,784.3,3.44,0.04
4860,South,2024-04-21,40.59,717.4,5.04,0.06
4861,South,2024-04-22,35.68,840.19,4.16,0.11
4862,South,2024-04-23,40.49,826.48,3.2,0.08
4863,South,2024-04-24,34.1,908.23,5.38,0.18
4864,South,2024-04-25,34.41,800.31,4.08,0.08
4865,South,2024-04-26,35.76,810.41,4.17,0.5
4866,South,2024-04-27,36.23,878.43,5.31,0.4
4867,South,2024-04-28,38.13,713.79,2.75,0.43
4868,South,2024-04-29,37.1,642.45,2.41,0.35
4869,South,2024-04-30,35.28,774.95,6.0,0.4
4870,South,2024-05-01,35.76,642.49,2.06,0.17
4871,South,2024-05-02,35.29,949.89,3.47,1.04
4872,South,2024-05-03,34.01,867.22,2.2,0.16
4873,South,2024-05-04,33.97,921.02,4.14,1.54
4874,South,2024-05-05,37.7,749.96,5.49,0.16
4875,South,2024-05-06,31.89,785.99,4.99,0.02
4876,South,2024-05-07,38.68,702.1,8.38,0.33
4877,South,2024-05-08,34.65,806.33,6.39,0.29
4878,South,2024-05-09,33.68,635.22,3.34,0.34
4879,South,2024-05-10,36.6,525.72,2.91,0.04
4880,South,2024-05-11,37.98,662.54,8.74,0.06
4881,South,2024-05-12,37.13,605.93,6.25,0.07
4882,South,2024-05-13,35.78,837.1,5.52,0.14
4883,South,2024-05-14,36.83,860.56,4.72,0.03
4884,South,2024-05-15,31.1,599.44,4.99,0.1
4885,South,2024-05-16,33.37,811.32,2.34,0.2
4886,South,2024-05-17,32.46,780.34,4.77,0.31
4887,South,2024-05-18,36.61,574.84,4.62,0.25
4888,South,2024-05-19,33.26,665.33,3.13,0.39
4889,South,2024-05-20,35.59,646.2,3.66,0.0
4890,South,2024-05-21,34.84,748.47,6.72,0.17
4891,South,2024-05-22,31.91,586.28,4.24,0.01
4892,South,2024-05-23,32.32,672.58,7.51,0.02
4893,South,2024-05-24,35.94,621.46,1.77,0.24
4894,South,2024-05-25,31.67,710.0,3.58,0.27
4895,South,2024-05-26,33.33,650.53,2.02,0.34
4896,South,2024-05-27,31.37,620.75,2.51,0.13
4897,South,2024-05-28,32.16,642.16,3.06,0.39
4898,South,2024-05-29,32.55,817.7,4.76,0.04
4899,South,2024-05-30,30.93,617.02,4.67,0.06
4900,South,2024-05-31,30.42,562.6,3.23,0.03
4901,South,2024-06-01,32.76,688.02,0.89,0.32
4902,South,2024-06-02,30.35,625.29,6.44,0.05
4903,South,2024-06-03,30.26,518.94,3.78,0.03
4904,South,2024-06-04,29.85,806.02,2.52,0.2
4905,South,2024-06-05,31.42,594.61,4.59,0.02
4906,South,2024-06-06,33.3,587.85,4.47,0.01
4907,South,2024-06-07,34.27,626.1,3.66,0.02
4908,South,2024-06-08,29.64,746.92,4.36,0.0
4909,South,2024-06-09,35.24,469.3,2.39,0.24
4910,South,2024-06-10,28.76,620.9,5.25,0.17
4911,South,2024-06-11,32.78,760.91,2.61,0.05
4912,South,2024-06-12,29.0,599.31,3.18,0.27
4913,South,2024-06-13,28.54,485.24,5.05,0.33
4914,South,2024-06-14,28.63,529.63,5.88,0.14
4915,South,2024-06-15,29.84,590.66,6.44,0.24
4916,South,2024-06-16,30.94,675.56,5.64,0.12
4917,South,2024-06-17,30.95,536.91,3.56,0.05
4918,South,2024-06-18,27.56,625.13,1.73,0.7
4919,South,2024-06-19,27.3,439.1,6.14,0.17
4920,South,2024-06-20,27.27,433.34,6.08,0.03
4921,South,2024-06-21,28.71,505.12,3.01,0.1
4922,South,2024-06-22,28.35,653.67,5.4,0.08
4923,South,2024-06-23,26.7,539.01,3.51,0.05
4924,South,2024-06-24,28.96,551.55,6.26,0.54
4925,South,2024-06-25,32.78,545.46,3.23,0.43
4926,South,2024-06-26,27.07,606.8,6.97,0.04
4927,South,2024-06-27,27.04,464.09,5.18,0.09
4928,South,2024-06-28,28.86,562.81,6.7,0.29
4929,South,2024-06-29,26.45,436.11,3.3,0.05
4930,South,2024-06-30,28.73,656.08,4.61,0.18
4931,South,2024-07-01,25.78,428.22,2.55,0.24
4932,South,2024-07-02,30.71,416.5,5.27,0.21
4933,South,2024-07-03,27.57,525.91,5.35,0.25
4934,South,2024-07-04,25.47,483.17,7.6,0.25
4935,South,2024-07-05,25.36,497.79,4.73,0.67
4936,South,2024-07-06,25.34,484.69,5.1,0.09
4937,South,2024-07-07,28.94,374.14,3.31,0.42
4938,South,2024-07-08,23.48,585.33,4.83,0.0
4939,South,2024-07-09,24.52,522.64,3.46,0.07
4940,South,2024-07-10,24.56,554.79,4.21,0.01
4941,South,2024-07-11,25.48,398.73,4.3,0.21
4942,South,2024-07-12,24.8,469.27,3.52,0.02
4943,South,2024-07-13,22.19,446.7,4.15,0.37
4944,South,2024-07-14,24.21,516.13,3.5,0.21
4945,South,2024-07-15,24.64,513.72,3.5,0.01
4946,South,2024-07-16,23.42,431.37,5.7,0.25
4947,South,2024-07-17,25.89,289.55,4.35,0.4
4948,South,2024-07-18,26.19,548.44,4.62,0.22
4949,South,2024-07-19,24.03,445.66,1.93,0.01
4950,South,2024-07-20,24.48,347.64,4.76,0.39
4951,South,2024-07-21,19.54,424.01,4.93,0.26
4952,South,2024-07-22,22.86,265.8,3.55,0.1
4953,South,2024-07-23,25.55,466.35,7.29,0.08
4954,South,2024-07-24,22.54,259.5,0.74,0.13
4955,South,2024-07-25,21.75,354.83,5.37,0.4
4956,South,2024-07-26,27.63,387.4,5.27,0.06
4957,South,2024-07-27,26.56,446.34,5.03,0.02
4958,South,2024-07-28,23.7,367.18,4.5,0.4
4959,South,2024-07-29,24.89,404.92,5.08,0.01
4960,South,2024-07-30,18.02,347.37,5.57,0.48
4961,South,2024-07-31,20.74,342.61,3.2,0.07
4962,South,2024-08-01,21.23,347.62,4.75,0.14
4963,South,2024-08-02,21.56,321.3,4.05,0.03
4964,South,2024-08-03,20.9,197.2,2.7,0.47
4965,South,2024-08-04,16.64,266.4,5.44,0.28
4966,South,2024-08-05,22.37,343.25,3.54,0.52
4967,South,2024-08-06,22.55,299.58,2.16,0.23
4968,South,2024-08-07,24.53,302.95,3.61,0.04
4969,South,2024-08-08,19.62,285.5,3.25,0.07
4970,South,2024-08-09,19.32,238.3,6.01,0.67
4971,South,2024-08-10,15.57,264.01,4.72,0.19
4972,South,2024-08-11,20.21,275.03,6.59,0.52
4973,South,2024-08-12,22.47,296.18,3.54,0.1
4974,South,2024-08-13,19.32,323.49,5.87,0.24
4975,South,2024-08-14,24.71,273.88,8.84,0.65
4976,South,2024-08-15,19.79,202.32,5.14,0.03
4977,South,2024-08-16,20.48,169.29,5.92,0.4
4978,South,2024-08-17,17.34,485.43,5.7,0.11
4979,South,2024-08-18,20.53,183.81,2.55,1.32
4980,South,2024-08-19,15.88,229.34,5.59,0.07
4981,South,2024-08-20,21.12,308.89,5.2,0.08
4982,South,2024-08-21,21.07,293.17,4.37,0.01
4983,South,2024-08-22,22.24,302.81,3.46,0.71
4984,South,2024-08-23,17.37,222.64,5.86,0.34
4985,South,2024-08-24,19.64,274.12,3.39,0.02
4986,South,2024-08-25,20.34,257.0,8.07,1.52
4987,South,2024-08-26,20.0,224.25,5.07,0.19
4988,South,2024-08-27,17.3,266.06,3.1,0.38
4989,South,2024-08-28,14.15,328.13,4.19,0.01
4990,South,2024-08-29,19.54,239.28,4.57,0.1
4991,South,2024-08-30,18.46,237.24,8.64,1.11
4992,South,2024-08-31,17.55,321.45,3.72,0.02
4993,South,2024-09-01,20.13,310.49,4.91,0.13
4994,South,2024-09-02,18.43,357.96,4.3,0.12
4995,South,2024-09-03,15.81,88.49,5.89,0.05
4996,South,2024-09-04,14.51,299.23,4.39,0.07
4997,South,2024-09-05,16.05,272.85,3.5,0.68
4998,South,2024-09-06,23.02,151.86,4.94,0.07
4999,South,2024-09-07,19.62,240.91,4.82,0.05
5000,South,2024-09-08,18.49,303.03,4.41,0.15
5001,South,2024-09-09,17.69,150.84,4.52,0.22
5002,South,2024-09-10,17.5,250.9,7.14,0.26
5003,South,2024-09-11,20.28,283.6,4.92,0.28
5004,South,2024-09-12,16.91,126.7,3.73,0.04
5005,South,2024-09-13,19.0,199.58,4.77,0.1
5006,South,2024-09-14,17.1,233.7,5.58,0.3
5007,South,2024-09-15,21.64,144.67,3.53,0.47
5008,South,2024-09-16,19.2,136.86,8.0,0.18
5009,South,2024-09-17,20.17,195.31,6.9,0.01
5010,South,2024-09-18,16.48,269.25,7.78,0.1
5011,South,2024-09-19,19.74,255.71,6.25,0.02
5012,South,2024-09-20,16.97,134.48,2.56,0.28
5013,South,2024-09-21,17.79,254.84,8.04,0.01
5014,South,2024-09-22,20.82,135.15,4.47,0.04
5015,South,2024-09-23,15.44,72.65,4.63,0.11
5016,South,2024-09-24,17.92,171.63,6.07,0.12
5017,South,2024-09-25,18.38,290.46,7.94,0.1
5018,South,2024-09-26,18.53,252.81,7.49,0.12
5019,South,2024-09-27,16.58,200.01,7.3,0.25
5020,South,2024-09-28,21.65,166.69,5.51,0.09
5021,South,2024-09-29,14.89,168.82,5.52,0.16
5022,South,2024-09-30,20.4,208.77,6.56,0.07
5023,South,2024-10-01,19.92,114.75,5.88,0.44
5024,South,2024-10-02,21.3,172.62,7.45,0.19
5025,South,2024-10-03,14.33,183.56,7.39,0.13
5026,South,2024-10-04,15.78,93.14,7.07,0.26
5027,South,2024-10-05,20.52,134.66,2.43,0.16
5028,South,2024-10-06,13.8,235.17,6.44,0.33
5029,South,2024-10-07,14.37,203.78,6.12,0.12
5030,South,2024-10-08,16.63,179.09,6.57,0.14
5031,South,2024-10-09,18.02,131.74,5.22,0.22
5032,South,2024-10-10,20.85,331.76,4.4,0.05
5033,South,2024-10-11,17.33,139.61,7.11,0.1
5034,South,2024-10-12,16.52,227.9,5.92,0.2
5035,South,2024-10-13,18.4,169.95,7.35,0.01
5036,South,2024-10-14,18.76,213.18,5.51,0.11
5037,South,2024-10-15,18.75,248.27,8.68,0.18
5038,South,2024-10-16,17.56,103.51,8.09,0.68
5039,South,2024-10-17,14.06,214.15,7.06,0.42
5040,South,2024-10-18,16.19,311.58,6.33,0.07
5041,South,2024-10-19,20.92,358.96,7.96,0.14
5042,South,2024-10-20,18.52,209.45,7.3,0.01
5043,South,2024-10-21,17.56,225.07,7.11,0.06
5044,South,2024-10-22,20.51,400.62,8.34,0.3
5045,South,2024-10-23,16.08,316.56,8.95,0.03
5046,South,2024-10-24,17.96,178.51,4.96,0.06
5047,South,2024-10-25,18.76,180.59,5.3,2.88
5048,South,2024-10-26,17.68,308.93,5.73,0.35
5049,South,2024-10-27,18.84,153.9,4.68,0.3
5050,South,2024-10-28,18.35,324.25,6.87,0.4
5051,South,2024-10-29,16.01,266.51,7.9,0.28
5052,South,2024-10-30,19.25,283.79,6.99,0.03
5053,South,2024-10-31,16.32,224.52,6.25,0.15
5054,South,2024-11-01,19.4,197.43,8.77,0.59
5055,South,2024-11-02,21.92,367.61,7.32,0.07
5056,South,2024-11-03,18.7,233.82,7.65,1.8
5057,South,2024-11-04,17.02,223.66,8.9,0.12
5058,South,2024-11-05,19.21,253.18,7.01,0.01
5059,South,2024-11-06,17.91,278.16,10.31,0.06
5060,South,2024-11-07,20.87,183.45,6.58,0.05
5061,South,2024-11-08,19.49,223.99,10.27,0.44
5062,South,2024-11-09,23.32,223.07,5.84,0.21
5063,South,2024-11-10,22.34,343.53,8.11,0.16
5064,South,2024-11-11,19.82,208.5,6.39,0.14
5065,South,2024-11-12,21.67,142.45,9.06,0.21
5066,South,2024-11-13,19.58,129.14,6.69,0.28
5067,South,2024-11-14,20.55,172.53,7.87,0.16
5068,South,2024-11-15,19.89,402.81,6.48,0.56
5069,South,2024-11-16,22.27,298.96,8.88,0.75
5070,South,2024-11-17,23.73,341.61,6.52,1.07
5071,South,2024-11-18,22.59,348.33,10.05,0.22
5072,South,2024-11-19,22.97,313.87,6.05,0.54
5073,South,2024-11-20,23.11,307.4,5.55,0.1
5074,South,2024-11-21,22.5,401.02,9.01,0.39
5075,South,2024-11-22,19.25,333.26,6.72,0.48
5076,South,2024-11-23,25.07,437.69,7.62,0.47
5077,South,2024-11-24,25.42,379.66,7.16,0.36
5078,South,2024-11-25,21.49,284.85,5.7,0.1
5079,South,2024-11-26,21.36,298.83,7.57,0.03
5080,South,2024-11-27,23.47,284.78,9.6,0.08
5081,South,2024-11-28,23.49,444.8,9.23,0.29
5082,South,2024-11-29,22.14,319.46,8.09,0.05
5083,South,2024-11-30,20.19,292.5,9.42,0.13
5084,South,2024-12-01,23.46,386.52,6.18,0.17
5085,South,2024-12-02,24.1,357.76,7.3,0.19
5086,South,2024-12-03,24.6,393.73,8.4,2.74
5087,South,2024-12-04,24.01,526.03,7.62,0.22
5088,South,2024-12-05,22.92,452.6,7.46,0.31
5089,South,2024-12-06,25.61,386.46,6.04,0.17
5090,South,2024-12-07,23.91,276.41,4.74,0.36
5091,South,2024-12-08,23.01,353.9,9.1,0.06
5092,South,2024-12-09,23.74,455.63,8.25,0.05
5093,South,2024-12-10,20.77,309.94,9.25,0.52
5094,South,2024-12-11,24.07,579.8,7.25,0.24
5095,South,2024-12-12,25.97,414.61,6.85,0.22
5096,South,2024-12-13,25.44,422.32,7.93,0.13
5097,South,2024-12-14,27.97,370.06,9.21,0.09
5098,South,2024-12-15,24.57,468.14,7.6,0.16
5099,South,2024-12-16,26.23,340.78,9.15,0.03
5100,South,2024-12-17,27.01,611.66,6.45,0.12
5101,South,2024-12-18,30.28,548.92,7.72,0.12
5102,South,2024-12-19,26.06,527.36,7.87,0.15
5103,South,2024-12-20,23.85,342.47,9.82,0.2
5104,South,2024-12-21,27.8,475.25,8.29,0.63
5105,South,2024-12-22,30.01,560.66,10.6,0.21
5106,South,2024-12-23,25.8,516.52,5.97,0.43
5107,South,2024-12-24,28.3,394.04,8.19,0.16
5108,South,2024-12-25,29.25,427.35,8.26,0.2
5109,South,2024-12-26,29.0,448.36,8.93,0.01
5110,South,2024-12-27,27.39,441.4,6.78,0.03
5111,South,2024-12-28,25.91,617.14,10.53,0.17
5112,South,2024-12-29,27.32,346.32,8.02,0.1
5113,South,2024-12-30,28.57,557.64,6.37,0.32
5114,South,2024-12-31,29.64,406.94,7.97,0.16
5115,East,2018-01-01,26.56,666.13,7.2,0.32
5116,East,2018-01-02,30.79,576.66,6.1,0.19
5117,East,2018-01-03,25.79,559.7,9.24,0.29
5118,East,2018-01-04,25.98,601.03,5.63,0.12
5119,East,2018-01-05,25.15,545.36,8.92,0.09
5120,East,2018-01-06,26.7,633.83,5.87,0.35
5121,East,2018-01-07,27.16,540.61,8.19,0.4
5122,East,2018-01-08,27.43,541.32,9.38,0.03
5123,East,2018-01-09,27.17,597.11,7.47,0.16
5124,East,2018-01-10,25.99,677.5,10.51,0.23
5125,East,2018-01-11,25.61,677.43,10.84,0.02
5126,East,2018-01-12,26.79,608.96,8.31,2.65
5127,East,2018-01-13,30.0,607.91,8.76,0.15
5128,East,2018-01-14,30.59,627.29,9.53,0.21
5129,East,2018-01-15,27.89,655.46,8.75,0.04
5130,East,2018-01-16,26.33,685.49,8.58,0.06
5131,East,2018-01-17,28.22,567.62,7.13,0.03
5132,East,2018-01-18,32.73,696.92,5.37,0.06
5133,East,2018-01-19,30.7,623.82,5.81,0.68
5134,East,2018-01-20,29.97,653.33,11.46,0.36
5135,East,2018-01-21,30.96,716.66,8.35,0.15
5136,East,2018-01-22,32.27,670.68,7.49,0.28
5137,East,2018-01-23,27.04,688.98,9.74,0.05
5138,East,2018-01-24,28.72,589.29,6.71,0.19
5139,East,2018-01-25,28.61,745.02,8.69,0.11
5140,East,2018-01-26,31.0,685.49,7.92,0.83
5141,East,2018-01-27,30.3,644.55,8.48,0.3
5142,East,2018-01-28,31.64,727.15,7.27,0.33
5143,East,2018-01-29,29.27,850.65,6.31,0.0
5144,East,2018-01-30,33.18,554.62,6.5,0.3
5145,East,2018-01-31,30.44,588.3,6.55,0.04
5146,East,2018-02-01,32.12,871.85,7.7,0.18
5147,East,2018-02-02,33.26,695.54,5.35,0.12
5148,East,2018-02-03,33.25,681.0,5.8,0.17
5149,East,2018-02-04,31.88,660.78,7.85,0.03
5150,East,2018-02-05,32.94,770.91,7.44,0.12
5151,East,2018-02-06,34.92,887.32,7.89,0.01
5152,East,2018-02-07,32.61,629.33,7.52,0.01
5153,East,2018-02-08,30.26,678.86,11.34,0.21
5154,East,2018-02-09,33.01,662.57,7.73,0.61
5155,East,2018-02-10,31.91,753.22,6.95,1.5
5156,East,2018-02-11,27.41,796.28,7.65,0.13
5157,East,2018-02-12,33.16,832.01,9.01,0.01
5158,East,2018-02-13,32.6,767.45,7.38,0.01
5159,East,2018-02-14,34.8,911.38,8.46,0.03
5160,East,2018-02-15,31.11,667.52,8.0,0.74
5161,East,2018-02-16,29.72,650.33,6.94,0.1
5162,East,2018-02-17,33.19,838.17,7.52,0.37
5163,East,2018-02-18,33.72,733.92,9.73,0.24
5164,East,2018-02-19,33.26,617.42,7.67,0.19
5165,East,2018-02-20,33.23,705.54,5.8,0.59
5166,East,2018-02-21,31.16,754.54,6.77,0.05
5167,East,2018-02-22,33.13,685.58,4.05,0.12
5168,East,2018-02-23,32.81,659.24,7.4,0.4
5169,East,2018-02-24,35.75,726.85,9.14,0.16
5170,East,2018-02-25,34.47,661.28,5.13,0.06
5171,East,2018-02-26,33.25,800.16,7.34,0.05
5172,East,2018-02-27,37.35,596.68,8.56,0.28
5173,East,2018-02-28,33.45,762.18,8.69,0.0
5174,East,2018-03-01,35.2,799.19,8.94,0.49
5175,East,2018-03-02,33.83,752.99,4.19,0.0
5176,East,2018-03-03,37.52,850.23,7.72,0.2
5177,East,2018-03-04,34.51,655.58,4.68,0.19
5178,East,2018-03-05,34.65,711.51,5.41,0.17
5179,East,2018-03-06,34.21,743.49,8.1,0.13
5180,East,2018-03-07,34.96,829.12,7.08,0.38
5181,East,2018-03-08,37.03,791.72,7.9,0.22
5182,East,2018-03-09,36.4,947.76,5.39,0.3
5183,East,2018-03-10,34.83,713.8,8.96,0.02
5184,East,2018-03-11,38.24,668.55,7.75,0.01
5185,East,2018-03-12,36.64,925.08,8.02,0.01
5186,East,2018-03-13,34.07,669.21,5.03,0.03
5187,East,2018-03-14,32.24,839.96,8.38,0.22
5188,East,2018-03-15,34.23,708.58,6.11,0.68
5189,East,2018-03-16,35.93,622.79,5.64,0.28
5190,East,2018-03-17,36.35,759.74,7.46,0.04
5191,East,2018-03-18,37.91,862.98,7.36,0.09
5192,East,2018-03-19,33.05,694.49,5.18,2.19
5193,East,2018-03-20,34.39,839.44,9.5,0.55
5194,East,2018-03-21,32.95,855.42,9.11,0.51
5195,East,2018-03-22,32.66,693.61,7.26,0.34
5196,East,2018-03-23,34.11,777.98,6.96,0.23
5197,East,2018-03-24,36.13,923.15,6.78,2.45
5198,East,2018-03-25,36.96,849.71,3.92,0.25
5199,East,2018-03-26,33.54,777.35,6.38,0.62
5200,East,2018-03-27,33.83,832.0,6.33,0.01
5201,East,2018-03-28,31.91,744.38,5.28,0.51
5202,East,2018-03-29,35.91,888.63,5.65,0.16
5203,East,2018-03-30,34.02,888.84,2.51,0.02
5204,East,2018-03-31,38.82,809.6,4.4,0.05
5205,East,2018-04-01,36.31,818.45,7.39,0.38
5206,East,2018-04-02,35.15,720.07,8.57,0.14
5207,East,2018-04-03,34.21,691.7,4.52,0.81
5208,East,2018-04-04,32.49,769.54,6.18,0.03
5209,East,2018-04-05,32.74,792.38,7.52,0.11
5210,East,2018-04-06,34.22,884.01,5.06,0.08
5211,East,2018-04-07,34.05,872.33,6.82,0.15
5212,East,2018-04-08,33.43,812.76,5.72,0.2
5213,East,2018-04-09,36.16,892.58,7.52,0.22
5214,East,2018-04-10,36.41,721.12,3.78,0.0
5215,East,2018-04-11,34.44,881.97,4.01,0.02
5216,East,2018-04-12,39.19,731.64,6.05,0.01
5217,East,2018-04-13,31.8,893.06,5.74,0.4
5218,East,2018-04-14,35.37,791.74,5.48,0.08
5219,East,2018-04-15,34.78,631.77,6.39,0.09
5220,East,2018-04-16,34.07,848.79,4.1,0.12
5221,East,2018-04-17,33.73,853.8,3.41,0.38
5222,East,2018-04-18,35.07,751.09,4.68,0.01
5223,East,2018-04-19,34.58,756.4,4.82,0.03
5224,East,2018-04-20,34.19,771.74,4.94,0.23
5225,East,2018-04-21,32.32,628.82,7.24,0.66
5226,East,2018-04-22,31.63,591.89,6.46,0.21
5227,East,2018-04-23,34.22,883.35,6.07,0.06
5228,East,2018-04-24,33.93,711.36,5.57,0.15
5229,East,2018-04-25,34.28,923.7,4.55,0.74
5230,East,2018-04-26,34.38,882.81,3.89,0.15
5231,East,2018-04-27,33.48,896.38,3.35,0.47
5232,East,2018-04-28,34.03,716.73,4.07,0.1
5233,East,2018-04-29,32.67,637.75,5.02,0.68
5234,East,2018-04-30,37.34,677.05,3.32,0.25
5235,East,2018-05-01,32.61,725.8,5.27,0.23
5236,East,2018-05-02,33.38,569.08,4.7,0.05
5237,East,2018-05-03,32.59,718.26,4.36,0.82
5238,East,2018-05-04,32.47,737.44,6.67,0.09
5239,East,2018-05-05,33.9,647.22,1.21,0.05
5240,East,2018-05-06,33.55,664.67,4.3,2.26
5241,East,2018-05-07,32.74,727.31,1.32,0.48
5242,East,2018-05-08,32.99,770.45,5.18,0.07
5243,East,2018-05-09,32.02,667.59,5.93,0.54
5244,East,2018-05-10,34.15,759.08,2.74,0.22
5245,East,2018-05-11,37.35,743.41,2.9,0.27
5246,East,2018-05-12,31.38,732.92,2.16,0.21
5247,East,2018-05-13,33.81,673.64,4.78,0.51
5248,East,2018-05-14,33.0,615.7,4.15,1.78
5249,East,2018-05-15,34.13,854.58,4.21,0.24
5250,East,2018-05-16,34.06,765.73,4.06,0.08
5251,East,2018-05-17,32.96,792.13,3.12,0.14
5252,East,2018-05-18,32.35,701.29,6.26,0.58
5253,East,2018-05-19,31.43,691.11,4.94,0.0
5254,East,2018-05-20,30.64,739.67,2.73,0.32
5255,East,2018-05-21,31.85,549.77,3.44,0.29
5256,East,2018-05-22,29.35,603.44,3.16,0.04
5257,East,2018-05-23,30.59,624.81,6.55,0.05
5258,East,2018-05-24,33.86,648.22,5.49,0.01
5259,East,2018-05-25,31.71,610.11,4.21,0.97
5260,East,2018-05-26,33.16,702.96,6.94,0.41
5261,East,2018-05-27,34.17,678.65,6.54,0.15
5262,East,2018-05-28,30.74,779.31,4.0,0.25
5263,East,2018-05-29,31.36,861.47,3.71,0.16
5264,East,2018-05-30,30.2,558.19,3.76,1.67
5265,East,2018-05-31,29.03,666.6,2.86,0.37
5266,East,2018-06-01,28.6,662.01,6.87,0.26
5267,East,2018-06-02,32.04,644.75,2.74,0.12
5268,East,2018-06-03,30.62,554.56,5.54,0.2
5269,East,2018-06-04,33.75,563.4,5.26,3.84
5270,East,2018-06-05,31.84,651.39,3.75,1.15
5271,East,2018-06-06,28.28,551.87,6.9,0.46
5272,East,2018-06-07,31.27,635.55,1.84,0.37
5273,East,2018-06-08,28.82,598.4,4.04,0.17
5274,East,2018-06-09,31.7,624.65,3.41,0.45
5275,East,2018-06-10,28.14,532.25,5.58,0.09
5276,East,2018-06-11,26.85,616.28,4.65,0.1
5277,East,2018-06-12,27.2,528.35,1.52,0.3
5278,East,2018-06-13,27.14,606.79,5.96,0.03
5279,East,2018-06-14,26.78,696.17,4.82,0.07
5280,East,2018-06-15,27.15,604.95,2.53,0.19
5281,East,2018-06-16,29.84,604.85,3.55,0.54
5282,East,2018-06-17,31.56,639.48,2.11,2.83
5283,East,2018-06-18,25.14,456.81,3.8,0.64
5284,East,2018-06-19,30.16,701.57,4.27,0.14
5285,East,2018-06-20,26.51,474.55,3.54,0.15
5286,East,2018-06-21,27.99,624.3,3.36,0.26
5287,East,2018-06-22,23.81,608.59,1.61,0.12
5288,East,2018-06-23,28.0,471.57,4.53,0.21
5289,East,2018-06-24,22.77,619.34,1.13,0.27
5290,East,2018-06-25,27.24,573.32,4.06,0.27
5291,East,2018-06-26,26.95,679.56,1.31,0.06
5292,East,2018-06-27,26.65,538.69,4.08,0.36
5293,East,2018-06-28,24.63,509.38,3.99,0.19
5294,East,2018-06-29,27.02,471.73,4.61,0.27
5295,East,2018-06-30,26.53,368.28,5.29,0.21
5296,East,2018-07-01,25.16,477.12,5.57,0.05
5297,East,2018-07-02,26.75,475.35,1.59,0.06
5298,East,2018-07-03,25.04,513.22,3.91,0.38
5299,East,2018-07-04,26.12,373.25,7.02,0.53
5300,East,2018-07-05,24.64,462.82,4.18,0.06
5301,East,2018-07-06,25.15,522.88,2.76,0.53
5302,East,2018-07-07,25.7,525.68,3.89,0.05
5303,East,2018-07-08,23.58,317.72,3.44,0.02
5304,East,2018-07-09,21.74,517.89,2.25,0.01
5305,East,2018-07-10,24.59,436.53,5.33,0.28
5306,East,2018-07-11,26.24,436.36,4.9,0.1
5307,East,2018-07-12,24.29,256.91,2.03,0.52
5308,East,2018-07-13,24.16,560.48,3.9,0.06
5309,East,2018-07-14,23.27,450.09,3.2,0.09
5310,East,2018-07-15,24.67,308.39,1.65,0.26
5311,East,2018-07-16,22.65,455.91,1.94,0.07
5312,East,2018-07-17,21.95,448.46,2.17,0.23
5313,East,2018-07-18,24.9,513.73,3.99,0.11
5314,East,2018-07-19,21.47,386.21,3.4,0.04
5315,East,2018-07-20,24.14,407.03,2.66,1.32
5316,East,2018-07-21,24.41,349.75,3.52,0.01
5317,East,2018-07-22,23.17,444.15,5.24,0.07
5318,East,2018-07-23,19.38,328.81,4.67,0.09
5319,East,2018-07-24,21.77,315.25,5.65,0.12
5320,East,2018-07-25,21.15,376.5,3.82,0.23
5321,East,2018-07-26,20.41,279.12,6.58,0.12
5322,East,2018-07-27,21.53,500.67,4.71,0.18
5323,East,2018-07-28,22.63,522.03,3.47,0.18
5324,East,2018-07-29,20.02,326.94,4.36,0.09
5325,East,2018-07-30,20.44,247.72,2.36,0.54
5326,East,2018-07-31,20.15,381.05,3.79,0.62
5327,East,2018-08-01,22.81,311.06,4.91,0.17
5328,East,2018-08-02,19.82,439.16,5.2,0.01
5329,East,2018-08-03,17.72,277.81,3.69,0.14
5330,East,2018-08-04,16.89,379.99,8.42,0.04
5331,East,2018-08-05,20.62,341.24,4.08,0.13
5332,East,2018-08-06,18.23,273.77,1.84,0.04
5333,East,2018-08-07,20.95,342.87,6.2,1.22
5334,East,2018-08-08,16.82,389.8,5.31,0.02
5335,East,2018-08-09,18.26,322.36,4.77,0.61
5336,East,2018-08-10,16.55,319.15,3.75,0.04
5337,East,2018-08-11,19.94,237.56,5.06,0.22
5338,East,2018-08-12,20.24,394.99,6.92,2.49
5339,East,2018-08-13,19.49,383.14,4.81,0.06
5340,East,2018-08-14,16.51,262.92,2.33,0.54
5341,East,2018-08-15,17.07,282.07,0.0,0.1
5342,East,2018-08-16,18.91,401.46,5.16,0.65
5343,East,2018-08-17,14.94,194.01,3.13,0.71
5344,East,2018-08-18,17.72,329.48,4.48,0.04
5345,East,2018-08-19,21.12,232.94,3.44,0.36
5346,East,2018-08-20,17.61,416.45,3.36,0.04
5347,East,2018-08-21,14.88,275.91,3.56,0.05
5348,East,2018-08-22,16.53,368.37,3.72,0.02
5349,East,2018-08-23,16.38,203.4,5.93,0.03
5350,East,2018-08-24,21.81,161.26,5.65,0.2
5351,East,2018-08-25,20.76,239.32,3.01,0.12
5352,East,2018-08-26,18.79,276.05,3.24,0.31
5353,East,2018-08-27,16.54,211.24,5.44,0.08
5354,East,2018-08-28,19.54,309.89,6.48,0.69
5355,East,2018-08-29,14.77,229.63,6.49,0.01
5356,East,2018-08-30,19.1,77.19,3.46,0.01
5357,East,2018-08-31,18.72,285.28,6.47,0.24
5358,East,2018-09-01,16.47,167.89,2.36,0.44
5359,East,2018-09-02,18.97,207.07,4.75,0.32
5360,East,2018-09-03,15.72,357.83,5.81,0.13
5361,East,2018-09-04,14.01,373.07,1.99,0.06
5362,East,2018-09-05,18.42,182.95,8.28,0.0
5363,East,2018-09-06,16.22,273.04,7.16,0.14
5364,East,2018-09-07,17.52,180.54,6.18,0.13
5365,East,2018-09-08,19.89,199.76,3.79,0.08
5366,East,2018-09-09,14.74,172.32,5.17,0.17
5367,East,2018-09-10,15.84,80.99,6.49,0.26
5368,East,2018-09-11,19.21,224.78,3.65,0.24
5369,East,2018-09-12,17.35,238.54,5.09,0.06
5370,East,2018-09-13,14.56,160.22,6.76,0.18
5371,East,2018-09-14,14.0,299.41,3.19,0.03
5372,East,2018-09-15,14.8,176.07,5.96,0.03
5373,East,2018-09-16,14.34,158.64,2.87,0.31
5374,East,2018-09-17,16.25,250.48,4.12,0.24
5375,East,2018-09-18,15.89,83.78,4.81,0.29
5376,East,2018-09-19,16.26,278.65,6.37,0.03
5377,East,2018-09-20,13.98,172.95,4.58,0.49
5378,East,2018-09-21,15.49,283.36,5.85,0.03
5379,East,2018-09-22,11.5,306.45,4.67,0.41
5380,East,2018-09-23,15.87,253.88,4.94,0.09
5381,East,2018-09-24,17.91,137.07,7.64,0.02
5382,East,2018-09-25,12.69,101.4,4.08,0.07
5383,East,2018-09-26,16.49,86.28,6.98,0.04
5384,East,2018-09-27,14.29,288.86,5.87,0.13
5385,East,2018-09-28,17.11,189.55,5.04,0.6
5386,East,2018-09-29,15.82,152.2,4.11,0.08
5387,East,2018-09-30,16.3,189.46,4.25,0.95
5388,East,2018-10-01,15.62,286.45,4.9,0.44
5389,East,2018-10-02,18.15,262.37,5.82,0.2
5390,East,2018-10-03,16.2,235.31,6.98,0.09
5391,East,2018-10-04,14.1,251.5,5.66,0.94
5392,East,2018-10-05,15.72,215.22,5.8,0.04
5393,East,2018-10-06,14.8,225.39,6.05,0.15
5394,East,2018-10-07,15.88,219.42,6.93,0.32
5395,East,2018-10-08,14.73,202.33,7.22,0.0
5396,East,2018-10-09,14.24,263.29,4.2,0.24
5397,East,2018-10-10,16.02,232.7,5.89,0.06
5398,East,2018-10-11,15.76,134.2,8.19,0.04
5399,East,2018-10-12,17.81,247.92,4.41,0.06
5400,East,2018-10-13,14.89,226.43,6.53,0.68
5401,East,2018-10-14,11.79,256.68,6.2,2.23
5402,East,2018-10-15,15.07,200.64,5.64,0.05
5403,East,2018-10-16,12.58,275.22,8.91,0.02
5404,East,2018-10-17,16.71,206.75,6.61,0.09
5405,East,2018-10-18,12.58,271.04,8.85,0.18
5406,East,2018-10-19,14.01,178.17,6.63,0.4
5407,East,2018-10-20,15.31,185.34,7.34,0.68
5408,East,2018-10-21,19.18,266.21,5.82,1.39
5409,East,2018-10-22,14.01,193.31,5.87,0.91
5410,East,2018-10-23,16.24,398.2,7.36,0.03
5411,East,2018-10-24,17.44,269.02,7.42,0.02
5412,East,2018-10-25,19.32,227.76,7.71,0.18
5413,East,2018-10-26,17.98,293.49,7.41,0.15
5414,East,2018-10-27,18.69,191.66,4.87,0.37
5415,East,2018-10-28,18.3,306.25,5.69,0.08
5416,East,2018-10-29,14.24,306.4,8.21,0.01
5417,East,2018-10-30,17.45,337.52,4.03,0.11
5418,East,2018-10-31,18.52,204.5,7.43,0.7
5419,East,2018-11-01,14.99,144.55,6.86,0.32
5420,East,2018-11-02,15.84,196.24,8.33,0.01
5421,East,2018-11-03,15.48,225.28,7.71,0.42
5422,East,2018-11-04,18.73,384.03,6.12,0.13
5423,East,2018-11-05,17.14,429.16,6.08,0.09
5424,East,2018-11-06,16.74,284.11,6.38,0.09
5425,East,2018-11-07,14.92,260.34,8.07,0.18
5426,East,2018-11-08,17.45,234.72,3.77,0.15
5427,East,2018-11-09,16.56,331.89,7.49,0.21
5428,East,2018-11-10,18.29,444.26,5.95,0.17
5429,East,2018-11-11,15.63,415.38,7.59,0.03
5430,East,2018-11-12,18.38,366.95,7.85,0.06
5431,East,2018-11-13,17.26,369.24,4.86,0.37
5432,East,2018-11-14,15.76,349.49,7.04,0.22
5433,East,2018-11-15,15.72,282.72,7.64,0.12
5434,East,2018-11-16,16.15,231.24,7.56,0.04
5435,East,2018-11-17,18.21,292.22,7.27,0.0
5436,East,2018-11-18,18.99,331.45,5.65,0.07
5437,East,2018-11-19,19.42,185.22,5.9,0.01
5438,East,2018-11-20,19.62,293.18,5.46,0.13
5439,East,2018-11-21,17.62,243.3,8.38,0.34
5440,East,2018-11-22,21.39,394.49,7.39,0.07
5441,East,2018-11-23,18.52,273.48,7.51,0.38
5442,East,2018-11-24,20.45,347.84,5.05,0.24
5443,East,2018-11-25,19.36,269.76,7.58,0.03
5444,East,2018-11-26,20.58,457.81,8.6,0.21
5445,East,2018-11-27,19.54,198.21,4.9,0.03
5446,East,2018-11-28,20.9,376.67,6.88,0.21
5447,East,2018-11-29,20.25,240.79,5.35,0.03
5448,East,2018-11-30,22.04,306.65,7.09,0.1
5449,East,2018-12-01,18.92,368.36,6.39,0.17
5450,East,2018-12-02,17.17,376.81,8.33,0.01
5451,East,2018-12-03,18.91,379.28,8.03,0.03
5452,East,2018-12-04,23.15,377.67,9.73,0.08
5453,East,2018-12-05,20.86,318.82,7.72,0.62
5454,East,2018-12-06,21.51,361.72,8.33,0.39
5455,East,2018-12-07,19.37,382.08,7.0,0.21
5456,East,2018-12-08,21.77,399.93,6.19,0.09
5457,East,2018-12-09,19.75,383.83,9.11,0.13
5458,East,2018-12-10,20.21,452.26,9.74,0.07
5459,East,2018-12-11,21.31,406.21,8.94,0.2
5460,East,2018-12-12,23.17,419.73,8.09,0.06
5461,East,2018-12-13,23.55,377.91,6.44,0.3
5462,East,2018-12-14,23.77,329.26,9.63,0.14
5463,East,2018-12-15,19.6,430.73,8.79,0.09
5464,East,2018-12-16,22.93,519.99,10.97,0.2
5465,East,2018-12-17,22.71,463.91,6.21,0.17
5466,East,2018-12-18,20.21,368.02,9.24,0.08
5467,East,2018-12-19,23.47,503.65,8.78,0.01
5468,East,2018-12-20,23.11,416.72,7.45,0.04
5469,East,2018-12-21,24.8,505.78,10.02,0.1
5470,East,2018-12-22,24.11,424.2,8.58,0.04
5471,East,2018-12-23,23.02,487.08,6.58,0.17
5472,East,2018-12-24,26.14,422.46,7.81,0.25
5473,East,2018-12-25,20.02,429.63,6.57,0.39
5474,East,2018-12-26,24.51,348.91,7.29,1.04
5475,East,2018-12-27,21.28,520.33,9.05,0.23
5476,East,2018-12-28,23.15,514.13,9.48,0.19
5477,East,2018-12-29,26.2,523.79,8.33,0.85
5478,East,2018-12-30,22.77,516.86,6.87,0.06
5479,East,2018-12-31,22.65,439.02,8.57,0.06
5480,East,2019-01-01,30.43,582.44,9.08,0.03
5481,East,2019-01-02,23.12,589.75,5.04,0.13
5482,East,2019-01-03,29.31,452.43,8.17,0.1
5483,East,2019-01-04,25.84,563.21,7.71,0.31
5484,East,2019-01-05,25.3,595.79,9.42,0.13
5485,East,2019-01-06,27.66,493.32,8.57,0.63
5486,East,2019-01-07,29.37,512.38,8.71,0.66
5487,East,2019-01-08,24.57,583.91,7.26,0.27
5488,East,2019-01-09,26.02,425.47,7.98,0.1
5489,East,2019-01-10,28.9,464.31,9.39,0.4
5490,East,2019-01-11,27.95,477.29,7.87,0.42
5491,East,2019-01-12,29.75,417.83,8.22,0.48
5492,East,2019-01-13,28.74,653.37,5.65,0.2
5493,East,2019-01-14,31.5,412.55,7.84,0.23
5494,East,2019-01-15,28.4,604.05,4.92,0.02
5495,East,2019-01-16,28.66,646.52,7.15,0.49
5496,East,2019-01-17,29.02,563.06,8.01,0.01
5497,East,2019-01-18,28.26,538.01,9.06,0.35
5498,East,2019-01-19,30.4,615.01,6.4,0.13
5499,East,2019-01-20,29.34,601.4,8.44,0.0
5500,East,2019-01-21,30.61,686.38,10.07,2.37
5501,East,2019-01-22,31.08,400.64,6.9,0.07
5502,East,2019-01-23,30.21,542.2,5.52,0.01
5503,East,2019-01-24,30.51,665.37,8.27,1.01
5504,East,2019-01-25,27.65,629.19,6.03,0.07
5505,East,2019-01-26,28.72,690.0,6.57,0.42
5506,East,2019-01-27,31.66,655.43,9.17,0.12
5507,East,2019-01-28,32.98,628.29,10.59,1.09
5508,East,2019-01-29,26.4,619.44,6.25,0.06
5509,East,2019-01-30,29.3,834.14,6.63,0.14
5510,East,2019-01-31,30.63,775.4,7.06,0.06
5511,East,2019-02-01,28.97,696.67,6.88,0.6
5512,East,2019-02-02,29.23,667.68,10.59,0.01
5513,East,2019-02-03,31.97,708.78,6.87,0.06
5514,East,2019-02-04,34.32,736.16,7.07,0.45
5515,East,2019-02-05,27.24,707.75,10.05,0.13
5516,East,2019-02-06,31.1,618.31,8.47,0.18
5517,East,2019-02-07,32.51,825.3,9.07,0.21
5518,East,2019-02-08,33.27,706.31,6.21,0.01
5519,East,2019-02-09,32.49,851.74,6.75,0.0
5520,East,2019-02-10,35.5,709.56,5.96,0.56
5521,East,2019-02-11,32.17,678.84,8.7,0.06
5522,East,2019-02-12,34.86,813.06,9.31,0.1
5523,East,2019-02-13,31.07,730.21,6.55,0.23
5524,East,2019-02-14,32.6,720.51,6.88,0.05
5525,East,2019-02-15,30.19,617.47,6.92,0.26
5526,East,2019-02-16,34.53,769.91,5.06,0.12
5527,East,2019-02-17,32.61,681.16,6.34,0.39
5528,East,2019-02-18,33.68,688.27,8.49,0.07
5529,East,2019-02-19,32.45,688.25,5.99,0.05
5530,East,2019-02-20,34.36,765.95,7.42,0.36
5531,East,2019-02-21,34.09,611.26,5.29,0.08
5532,East,2019-02-22,31.41,720.42,7.01,0.11
5533,East,2019-02-23,31.63,818.83,6.35,0.32
5534,East,2019-02-24,33.55,643.81,5.34,0.2
5535,East,2019-02-25,35.03,760.27,8.33,0.12
5536,East,2019-02-26,37.53,698.84,8.38,0.06
5537,East,2019-02-27,34.51,719.89,5.63,0.29
5538,East,2019-02-28,36.01,887.36,6.73,0.04
5539,East,2019-03-01,30.86,625.59,7.09,0.53
5540,East,2019-03-02,38.19,821.49,4.27,0.16
5541,East,2019-03-03,35.46,724.53,4.87,0.33
5542,East,2019-03-04,34.24,723.01,8.86,0.11
5543,East,2019-03-05,34.08,678.67,5.31,0.04
5544,East,2019-03-06,32.28,830.2,8.76,0.1
5545,East,2019-03-07,32.92,756.79,4.82,0.05
5546,East,2019-03-08,38.46,748.82,7.8,0.03
5547,East,2019-03-09,32.73,785.08,6.31,0.05
5548,East,2019-03-10,32.75,764.64,6.49,0.4
5549,East,2019-03-11,33.43,620.1,9.5,0.11
5550,East,2019-03-12,32.5,742.69,4.8,0.72
5551,East,2019-03-13,34.98,855.31,7.54,0.0
5552,East,2019-03-14,37.18,664.79,7.45,0.21
5553,East,2019-03-15,33.84,699.68,11.62,0.39
5554,East,2019-03-16,32.36,754.2,4.94,0.54
5555,East,2019-03-17,35.74,731.67,5.58,0.16
5556,East,2019-03-18,35.08,788.79,7.71,0.24
5557,East,2019-03-19,37.24,704.78,6.15,0.11
5558,East,2019-03-20,34.36,762.33,5.72,0.43
5559,East,2019-03-21,34.79,790.55,7.82,0.26
5560,East,2019-03-22,35.04,847.26,5.95,0.08
5561,East,2019-03-23,35.55,895.79,4.98,0.08
5562,East,2019-03-24,34.61,776.06,7.37,0.02
5563,East,2019-03-25,34.31,948.71,6.81,0.01
5564,East,2019-03-26,31.74,783.55,5.75,0.12
5565,East,2019-03-27,34.32,865.09,5.64,0.42
5566,East,2019-03-28,36.9,953.72,4.77,0.0
5567,East,2019-03-29,37.18,810.68,7.2,0.24
5568,East,2019-03-30,34.54,689.89,5.54,1.46
5569,East,2019-03-31,38.09,807.2,4.89,0.17
5570,East,2019-04-01,35.44,751.07,4.08,1.31
5571,East,2019-04-02,32.82,778.02,6.56,0.21
5572,East,2019-04-03,32.18,958.66,5.18,0.12
5573,East,2019-04-04,37.92,701.84,2.89,0.1
5574,East,2019-04-05,34.73,823.41,4.07,0.57
5575,East,2019-04-06,33.03,728.78,5.49,0.71
5576,East,2019-04-07,30.93,773.92,5.49,0.21
5577,East,2019-04-08,34.64,857.56,5.4,0.04
5578,East,2019-04-09,36.21,822.79,5.16,0.12
5579,East,2019-04-10,33.99,778.6,3.49,0.14
5580,East,2019-04-11,33.25,743.8,4.35,1.42
5581,East,2019-04-12,34.22,820.16,7.41,0.22
5582,East,2019-04-13,37.78,930.5,7.15,0.14
5583,East,2019-04-14,32.47,720.7,6.43,0.23
5584,East,2019-04-15,33.93,944.57,6.27,0.0
5585,East,2019-04-16,37.59,886.34,6.85,0.3
5586,East,2019-04-17,36.12,898.59,3.78,0.05
5587,East,2019-04-18,35.44,812.29,5.48,0.21
5588,East,2019-04-19,33.73,879.79,3.72,0.02
5589,East,2019-04-20,35.04,703.8,3.71,0.12
5590,East,2019-04-21,33.85,729.38,5.89,0.01
5591,East,2019-04-22,33.14,842.33,6.72,0.48
5592,East,2019-04-23,32.64,802.88,4.98,0.19
5593,East,2019-04-24,36.31,765.42,7.71,0.09
5594,East,2019-04-25,34.55,575.07,5.52,1.55
5595,East,2019-04-26,35.23,738.34,4.01,0.2
5596,East,2019-04-27,34.83,677.08,3.51,0.97
5597,East,2019-04-28,35.33,808.23,6.64,0.13
5598,East,2019-04-29,33.87,751.12,5.27,0.0
5599,East,2019-04-30,33.33,713.74,6.06,0.06
5600,East,2019-05-01,32.58,972.94,1.03,0.02
5601,East,2019-05-02,31.3,842.0,5.36,0.22
5602,East,2019-05-03,31.79,840.77,4.19,0.06
5603,East,2019-05-04,33.22,929.75,2.84,0.12
5604,East,2019-05-05,30.65,814.95,4.81,0.09
5605,East,2019-05-06,30.99,686.23,6.51,0.15
5606,East,2019-05-07,35.74,673.93,8.24,0.64
5607,East,2019-05-08,34.01,819.14,5.18,0.54
5608,East,2019-05-09,32.55,574.11,3.73,0.02
5609,East,2019-05-10,37.89,729.47,3.61,0.35
5610,East,2019-05-11,29.95,558.78,6.18,0.13
5611,East,2019-05-12,35.08,737.07,3.21,0.3
5612,East,2019-05-13,32.8,794.13,5.62,0.03
5613,East,2019-05-14,34.48,744.72,5.1,0.03
5614,East,2019-05-15,33.01,793.92,4.91,0.44
5615,East,2019-05-16,28.93,872.49,2.26,2.28
5616,East,2019-05-17,32.74,700.19,4.05,0.13
5617,East,2019-05-18,33.1,932.6,2.37,0.41
5618,East,2019-05-19,27.92,721.25,3.65,1.1
5619,East,2019-05-20,36.06,776.35,5.89,0.04
5620,East,2019-05-21,32.67,647.66,6.34,0.08
5621,East,2019-05-22,33.26,822.16,4.79,0.03
5622,East,2019-05-23,29.45,771.97,3.59,0.3
5623,East,2019-05-24,33.03,802.3,6.81,0.84
5624,East,2019-05-25,33.69,684.85,3.53,0.16
5625,East,2019-05-26,31.88,575.9,2.68,0.21
5626,East,2019-05-27,31.21,708.96,5.41,0.27
5627,East,2019-05-28,29.3,532.12,5.03,0.25
5628,East,2019-05-29,30.51,636.68,3.51,0.08
5629,East,2019-05-30,29.78,674.51,4.46,0.11
5630,East,2019-05-31,31.8,845.0,4.95,0.18
5631,East,2019-06-01,28.81,675.86,4.57,0.38
5632,East,2019-06-02,31.49,657.04,4.94,0.06
5633,East,2019-06-03,28.53,636.31,3.48,0.13
5634,East,2019-06-04,29.53,529.4,5.01,0.28
5635,East,2019-06-05,31.13,639.02,4.23,0.09
5636,East,2019-06-06,28.34,635.73,3.48,0.14
5637,East,2019-06-07,30.89,545.32,3.81,0.03
5638,East,2019-06-08,30.54,523.14,4.01,0.15
5639,East,2019-06-09,28.73,574.79,1.98,0.29
5640,East,2019-06-10,31.43,613.71,3.18,0.05
5641,East,2019-06-11,29.11,567.08,4.22,0.38
5642,East,2019-06-12,30.99,514.75,2.09,0.08
5643,East,2019-06-13,32.21,617.07,3.17,0.04
5644,East,2019-06-14,27.98,632.12,7.67,0.13
5645,East,2019-06-15,29.59,593.77,2.39,0.42
5646,East,2019-06-16,26.86,534.06,3.5,0.01
5647,East,2019-06-17,25.9,621.69,2.81,0.08
5648,East,2019-06-18,27.41,553.85,3.88,0.21
5649,East,2019-06-19,24.9,468.93,2.82,0.09
5650,East,2019-06-20,25.59,641.9,3.67,0.01
5651,East,2019-06-21,28.47,582.21,2.95,0.08
5652,East,2019-06-22,26.09,539.3,5.61,0.34
5653,East,2019-06-23,28.37,418.06,4.14,0.69
5654,East,2019-06-24,27.38,479.04,2.51,0.01
5655,East,2019-06-25,30.31,694.98,5.27,0.17
5656,East,2019-06-26,27.49,407.69,2.57,0.02
5657,East,2019-06-27,28.5,503.11,1.66,1.14
5658,East,2019-06-28,26.9,516.76,4.0,0.0
5659,East,2019-06-29,26.55,538.54,6.86,0.0
5660,East,2019-06-30,28.08,387.97,1.26,0.3
5661,East,2019-07-01,26.92,516.52,2.0,0.02
5662,East,2019-07-02,25.83,362.53,5.13,0.07
5663,East,2019-07-03,25.65,500.05,3.04,0.63
5664,East,2019-07-04,26.14,434.9,4.92,0.84
5665,East,2019-07-05,23.55,412.67,2.75,0.04
5666,East,2019-07-06,23.29,543.57,4.22,0.16
5667,East,2019-07-07,27.4,452.79,6.63,0.16
5668,East,2019-07-08,28.11,504.4,2.22,0.12
5669,East,2019-07-09,22.35,501.92,5.55,0.52
5670,East,2019-07-10,22.7,557.86,5.04,0.28
5671,East,2019-07-11,26.15,354.5,1.79,0.29
5672,East,2019-07-12,24.76,519.59,4.87,0.06
5673,East,2019-07-13,24.88,442.32,4.15,0.11
5674,East,2019-07-14,25.15,405.69,4.18,0.13
5675,East,2019-07-15,22.71,338.97,4.56,0.07
5676,East,2019-07-16,23.68,474.42,3.54,0.02
5677,East,2019-07-17,23.36,347.12,4.18,0.03
5678,East,2019-07-18,20.97,457.36,4.44,0.2
5679,East,2019-07-19,23.16,565.21,5.21,0.23
5680,East,2019-07-20,24.84,484.47,1.81,0.06
5681,East,2019-07-21,21.53,512.49,6.05,0.06
5682,East,2019-07-22,22.34,338.8,2.39,0.12
5683,East,2019-07-23,22.29,452.5,5.28,0.14
5684,East,2019-07-24,21.15,295.15,4.27,0.07
5685,East,2019-07-25,22.91,363.24,2.24,0.48
5686,East,2019-07-26,20.04,516.49,4.97,0.16
5687,East,2019-07-27,23.91,323.87,2.77,0.31
5688,East,2019-07-28,22.34,456.75,5.81,0.52
5689,East,2019-07-29,19.06,444.48,3.15,0.04
5690,East,2019-07-30,24.18,444.63,1.99,0.11
5691,East,2019-07-31,20.97,252.76,6.55,0.11
5692,East,2019-08-01,19.04,391.64,4.54,0.09
5693,East,2019-08-02,22.54,332.65,5.59,0.0
5694,East,2019-08-03,21.18,427.86,3.03,0.34
5695,East,2019-08-04,16.5,204.03,1.49,0.02
5696,East,2019-08-05,18.85,361.55,6.86,1.08
5697,East,2019-08-06,20.31,345.98,4.35,0.3
5698,East,2019-08-07,15.3,164.46,5.12,0.17
5699,East,2019-08-08,19.65,248.68,5.39,0.03
5700,East,2019-08-09,19.66,169.0,3.92,0.14
5701,East,2019-08-10,16.84,253.26,4.78,0.06
5702,East,2019-08-11,19.61,351.32,6.86,0.06
5703,East,2019-08-12,18.96,319.08,4.44,0.35
5704,East,2019-08-13,16.43,313.13,5.92,0.1
5705,East,2019-08-14,20.53,212.59,1.55,0.12
5706,East,2019-08-15,20.24,381.65,6.24,0.37
5707,East,2019-08-16,17.86,286.82,2.3,0.02
5708,East,2019-08-17,17.92,287.39,6.12,0.18
5709,East,2019-08-18,19.65,356.36,5.22,0.17
5710,East,2019-08-19,17.68,198.33,4.51,0.11
5711,East,2019-08-20,14.11,292.48,4.53,0.35
5712,East,2019-08-21,18.83,304.71,4.33,0.57
5713,East,2019-08-22,16.12,223.89,3.5,0.13
5714,East,2019-08-23,16.86,316.49,4.45,0.12
5715,East,2019-08-24,20.45,299.31,8.1,0.14
5716,East,2019-08-25,17.16,249.96,6.77,0.26
5717,East,2019-08-26,17.33,244.47,3.54,0.22
5718,East,2019-08-27,18.25,293.98,5.28,0.05
5719,East,2019-08-28,18.15,312.3,5.05,0.01
5720,East,2019-08-29,15.2,251.46,4.72,0.6
5721,East,2019-08-30,16.83,333.32,3.46,0.06
5722,East,2019-08-31,16.93,293.74,5.66,0.2
5723,East,2019-09-01,17.32,95.41,6.29,0.35
5724,East,2019-09-02,17.27,123.6,3.8,0.07
5725,East,2019-09-03,21.79,328.16,8.01,0.2
5726,East,2019-09-04,14.18,211.51,7.39,0.02
5727,East,2019-09-05,18.42,242.13,5.96,0.7
5728,East,2019-09-06,18.75,317.96,3.33,0.01
5729,East,2019-09-07,17.3,224.21,5.81,0.12
5730,East,2019-09-08,14.95,225.69,5.66,0.15
5731,East,2019-09-09,19.52,151.28,6.04,0.31
5732,East,2019-09-10,11.74,248.54,7.69,0.03
5733,East,2019-09-11,14.7,264.09,5.07,0.12
5734,East,2019-09-12,18.35,169.26,8.44,0.36
5735,East,2019-09-13,15.22,140.13,6.01,0.07
5736,East,2019-09-14,19.1,422.49,5.0,0.3
5737,East,2019-09-15,12.84,203.53,9.06,0.0
5738,East,2019-09-16,13.59,154.92,6.74,0.28
5739,East,2019-09-17,14.71,264.89,4.85,0.33
5740,East,2019-09-18,16.57,203.13,5.69,0.46
5741,East,2019-09-19,15.25,119.25,6.55,0.2
5742,East,2019-09-20,14.68,243.77,5.41,0.08
5743,East,2019-09-21,18.48,135.97,5.87,0.11
5744,East,2019-09-22,18.63,329.51,4.47,3.5
5745,East,2019-09-23,14.75,242.23,3.21,0.43
5746,East,2019-09-24,12.14,179.87,5.93,0.12
5747,East,2019-09-25,11.23,210.22,6.01,0.57
5748,East,2019-09-26,16.01,273.27,6.63,0.35
5749,East,2019-09-27,16.83,215.5,5.01,2.31
5750,East,2019-09-28,15.63,370.1,3.89,0.23
5751,East,2019-09-29,15.36,291.01,4.49,0.39
5752,East,2019-09-30,13.89,239.03,7.56,0.44
5753,East,2019-10-01,16.8,125.04,5.01,0.02
5754,East,2019-10-02,18.85,188.32,5.38,0.67
5755,East,2019-10-03,11.07,238.53,5.61,0.08
5756,East,2019-10-04,15.35,134.64,5.18,0.12
5757,East,2019-10-05,13.58,304.28,5.11,0.31
5758,East,2019-10-06,12.55,123.29,4.87,0.22
5759,East,2019-10-07,13.29,150.76,8.32,0.45
5760,East,2019-10-08,16.33,157.35,7.27,0.1
5761,East,2019-10-09,16.4,262.53,8.15,0.09
5762,East,2019-10-10,18.54,139.4,8.49,0.01
5763,East,2019-10-11,15.67,60.66,2.83,0.12
5764,East,2019-10-12,12.16,292.65,6.9,0.26
5765,East,2019-10-13,15.24,171.09,5.54,0.07
5766,East,2019-10-14,12.98,122.29,8.13,0.12
5767,East,2019-10-15,13.38,148.59,5.37,0.05
5768,East,2019-10-16,17.0,347.62,4.94,0.3
5769,East,2019-10-17,16.27,159.1,4.4,0.01
5770,East,2019-10-18,17.11,203.26,6.13,0.24
5771,East,2019-10-19,15.27,178.93,7.99,0.1
5772,East,2019-10-20,17.62,117.71,7.03,0.04
5773,East,2019-10-21,15.27,158.63,4.88,0.38
5774,East,2019-10-22,18.39,115.76,9.94,0.13
5775,East,2019-10-23,16.91,298.21,7.72,0.18
5776,East,2019-10-24,15.87,231.78,7.95,1.32
5777,East,2019-10-25,16.78,424.38,8.74,0.21
5778,East,2019-10-26,16.39,171.18,4.38,0.26
5779,East,2019-10-27,19.69,161.4,5.51,0.29
5780,East,2019-10-28,17.07,355.11,8.14,0.18
5781,East,2019-10-29,16.65,319.42,5.72,0.46
5782,East,2019-10-30,16.26,268.01,6.55,0.06
5783,East,2019-10-31,18.51,150.67,6.88,0.47
5784,East,2019-11-01,18.32,381.97,5.11,0.7
5785,East,2019-11-02,16.45,239.29,6.51,0.09
5786,East,2019-11-03,14.78,213.36,8.46,0.02
5787,East,2019-11-04,15.38,342.09,8.21,0.05
5788,East,2019-11-05,16.91,251.77,8.81,0.22
5789,East,2019-11-06,20.08,163.28,8.68,0.04
5790,East,2019-11-07,16.98,262.82,7.81,0.3
5791,East,2019-11-08,16.4,200.21,7.71,0.51
5792,East,2019-11-09,14.17,25.16,7.63,0.66
5793,East,2019-11-10,20.83,198.64,6.34,0.0
5794,East,2019-11-11,19.05,230.29,5.76,0.63
5795,East,2019-11-12,19.62,183.46,6.3,0.27
5796,East,2019-11-13,20.06,325.39,6.87,0.02
5797,East,2019-11-14,17.93,220.71,6.4,0.11
5798,East,2019-11-15,18.55,324.78,8.03,0.24
5799,East,2019-11-16,21.48,191.5,7.73,0.63
5800,East,2019-11-17,18.98,366.62,7.92,0.04
5801,East,2019-11-18,19.92,195.55,8.0,0.03
5802,East,2019-11-19,20.62,114.19,9.29,0.13
5803,East,2019-11-20,20.29,404.39,7.51,0.69
5804,East,2019-11-21,18.88,240.9,9.06,0.71
5805,East,2019-11-22,19.21,453.94,8.34,0.26
5806,East,2019-11-23,20.96,362.62,9.28,0.08
5807,East,2019-11-24,21.1,384.8,10.03,0.48
5808,East,2019-11-25,22.02,409.4,8.49,0.27
5809,East,2019-11-26,20.93,339.0,7.8,0.72
5810,East,2019-11-27,21.16,344.19,7.81,0.45
5811,East,2019-11-28,19.22,441.11,6.98,0.05
5812,East,2019-11-29,19.1,351.88,6.95,0.29
5813,East,2019-11-30,21.97,289.14,9.08,0.01
5814,East,2019-12-01,19.41,398.73,6.29,0.34
5815,East,2019-12-02,20.67,187.29,10.18,0.18
5816,East,2019-12-03,23.62,466.5,7.54,0.63
5817,East,2019-12-04,23.45,472.77,12.08,3.22
5818,East,2019-12-05,21.77,466.02,6.76,0.01
5819,East,2019-12-06,20.73,467.62,8.19,0.03
5820,East,2019-12-07,21.23,372.82,7.3,0.66
5821,East,2019-12-08,23.37,375.77,6.66,0.42
5822,East,2019-12-09,21.72,290.71,9.45,0.34
5823,East,2019-12-10,20.84,533.74,6.21,0.67
5824,East,2019-12-11,24.55,359.94,6.87,0.19
5825,East,2019-12-12,22.64,430.81,8.77,0.06
5826,East,2019-12-13,21.29,428.85,9.02,0.03
5827,East,2019-12-14,23.57,306.22,5.83,0.05
5828,East,2019-12-15,24.72,278.84,8.8,0.22
5829,East,2019-12-16,20.93,423.84,8.13,0.52
5830,East,2019-12-17,22.71,392.1,6.57,0.08
5831,East,2019-12-18,22.78,426.27,6.77,0.42
5832,East,2019-12-19,24.35,523.7,4.91,0.1
5833,East,2019-12-20,24.88,461.53,10.54,0.07
5834,East,2019-12-21,22.68,509.29,9.49,0.14
5835,East,2019-12-22,20.97,489.33,6.04,0.12
5836,East,2019-12-23,26.18,433.51,9.18,0.49
5837,East,2019-12-24,22.05,383.79,7.12,0.13
5838,East,2019-12-25,25.01,490.25,9.36,0.06
5839,East,2019-12-26,24.37,480.92,7.25,0.37
5840,East,2019-12-27,25.13,552.57,7.45,1.34
5841,East,2019-12-28,28.28,472.44,7.56,0.21
5842,East,2019-12-29,31.23,465.89,7.01,0.06
5843,East,2019-12-30,22.06,476.48,10.1,0.05
5844,East,2019-12-31,27.46,426.5,9.35,0.01
5845,East,2020-01-01,25.35,620.92,8.16,0.08
5846,East,2020-01-02,27.93,601.5,9.54,0.49
5847,East,2020-01-03,27.92,418.44,5.56,0.02
5848,East,2020-01-04,29.0,584.96,6.15,0.66
5849,East,2020-01-05,26.92,378.19,8.7,0.24
5850,East,2020-01-06,24.75,609.75,9.09,1.9
5851,East,2020-01-07,28.55,480.35,8.4,0.19
5852,East,2020-01-08,27.1,569.98,5.16,0.12
5853,East,2020-01-09,26.57,391.93,6.38,0.06
5854,East,2020-01-10,26.25,455.49,8.6,0.06
5855,East,2020-01-11,29.39,593.96,11.6,0.07
5856,East,2020-01-12,30.75,505.46,9.78,0.18
5857,East,2020-01-13,25.32,499.38,10.32,0.0
5858,East,2020-01-14,29.12,683.27,8.45,0.11
5859,East,2020-01-15,27.3,753.48,8.43,0.04
5860,East,2020-01-16,25.28,656.55,6.37,0.68
5861,East,2020-01-17,28.67,499.19,9.34,0.17
5862,East,2020-01-18,26.88,732.56,7.79,0.41
5863,East,2020-01-19,25.55,471.47,8.93,0.04
5864,East,2020-01-20,27.31,576.9,7.93,1.66
5865,East,2020-01-21,26.98,610.49,8.29,0.11
5866,East,2020-01-22,27.9,764.84,7.73,0.04
5867,East,2020-01-23,26.7,688.71,8.18,0.29
5868,East,2020-01-24,28.72,583.35,9.33,0.29
5869,East,2020-01-25,28.24,549.56,5.92,1.1
5870,East,2020-01-26,30.57,710.01,5.56,0.3
5871,East,2020-01-27,31.16,591.8,8.43,0.03
5872,East,2020-01-28,30.65,656.4,9.93,0.08
5873,East,2020-01-29,29.81,534.04,10.3,0.12
5874,East,2020-01-30,29.91,693.67,5.9,0.03
5875,East,2020-01-31,28.91,691.7,7.12,0.31
5876,East,2020-02-01,29.1,557.7,5.49,0.15
5877,East,2020-02-02,32.28,743.93,6.86,0.58
5878,East,2020-02-03,27.5,710.11,9.35,0.18
5879,East,2020-02-04,31.0,729.21,7.63,0.74
5880,East,2020-02-05,30.65,643.95,7.07,0.01
5881,East,2020-02-06,32.64,692.73,8.43,0.03
5882,East,2020-02-07,28.73,687.61,6.39,0.38
5883,East,2020-02-08,31.74,674.76,9.96,0.94
5884,East,2020-02-09,32.53,704.27,7.56,0.11
5885,East,2020-02-10,28.17,795.1,6.92,0.33
5886,East,2020-02-11,29.96,784.49,8.38,0.2
5887,East,2020-02-12,32.05,607.78,8.89,0.64
5888,East,2020-02-13,33.39,784.95,9.85,0.05
5889,East,2020-02-14,32.85,805.13,7.11,0.16
5890,East,2020-02-15,33.73,701.4,9.03,0.11
5891,East,2020-02-16,30.57,757.77,7.53,0.16
5892,East,2020-02-17,29.67,760.15,6.44,0.06
5893,East,2020-02-18,33.13,656.09,6.16,0.14
5894,East,2020-02-19,30.62,696.94,5.66,0.2
5895,East,2020-02-20,31.46,790.89,6.16,0.02
5896,East,2020-02-21,35.16,694.42,8.92,0.27
5897,East,2020-02-22,33.78,815.32,8.28,0.25
5898,East,2020-02-23,32.37,844.81,5.33,0.42
5899,East,2020-02-24,32.21,834.96,4.55,0.55
5900,East,2020-02-25,34.95,904.83,5.47,0.01
5901,East,2020-02-26,34.23,742.09,5.95,0.12
5902,East,2020-02-27,31.47,766.36,6.63,0.03
5903,East,2020-02-28,30.1,780.6,8.81,0.21
5904,East,2020-02-29,37.85,752.8,6.2,0.01
5905,East,2020-03-01,31.72,803.61,9.52,0.09
5906,East,2020-03-02,35.31,625.87,4.44,0.02
5907,East,2020-03-03,37.36,781.61,6.41,0.0
5908,East,2020-03-04,34.71,657.4,8.08,0.65
5909,East,2020-03-05,33.29,692.88,8.14,1.11
5910,East,2020-03-06,31.71,830.74,6.34,0.16
5911,East,2020-03-07,31.76,758.31,8.31,0.27
5912,East,2020-03-08,35.46,832.1,8.0,0.48
5913,East,2020-03-09,37.67,760.6,5.72,0.51
5914,East,2020-03-10,34.04,868.66,7.19,0.39
5915,East,2020-03-11,33.78,762.83,7.74,0.16
5916,East,2020-03-12,36.34,627.29,5.73,0.02
5917,East,2020-03-13,33.63,803.35,9.16,0.02
5918,East,2020-03-14,35.61,613.36,5.33,0.45
5919,East,2020-03-15,35.19,672.12,6.77,0.42
5920,East,2020-03-16,34.33,719.09,4.64,0.11
5921,East,2020-03-17,35.16,710.4,6.64,0.4
5922,East,2020-03-18,38.76,748.63,4.85,0.21
5923,East,2020-03-19,36.48,709.99,5.98,0.33
5924,East,2020-03-20,37.49,681.92,4.01,0.26
5925,East,2020-03-21,33.5,918.69,7.55,0.19
5926,East,2020-03-22,37.56,741.95,6.85,0.05
5927,East,2020-03-23,36.67,618.52,7.91,0.06
5928,East,2020-03-24,32.42,768.79,5.73,0.26
5929,East,2020-03-25,36.52,708.29,7.92,0.32
5930,East,2020-03-26,34.43,727.98,6.24,0.02
5931,East,2020-03-27,32.38,856.02,6.32,0.04
5932,East,2020-03-28,35.74,763.68,9.28,0.23
5933,East,2020-03-29,36.56,707.57,5.35,0.1
5934,East,2020-03-30,35.79,835.63,7.88,0.17
5935,East,2020-03-31,35.28,891.99,6.73,0.19
5936,East,2020-04-01,34.83,842.92,5.12,0.3
5937,East,2020-04-02,40.42,603.58,3.97,0.33
5938,East,2020-04-03,33.12,710.46,4.36,0.07
5939,East,2020-04-04,37.22,803.17,7.57,0.16
5940,East,2020-04-05,35.49,779.45,8.44,0.03
5941,East,2020-04-06,33.74,772.35,5.94,0.37
5942,East,2020-04-07,35.33,719.36,5.98,1.87
5943,East,2020-04-08,32.62,684.89,6.9,0.07
5944,East,2020-04-09,34.19,957.23,5.81,0.04
5945,East,2020-04-10,35.26,797.95,7.32,0.01
5946,East,2020-04-11,32.22,846.25,6.07,0.17
5947,East,2020-04-12,36.3,794.38,5.8,0.02
5948,East,2020-04-13,33.33,796.51,4.52,0.23
5949,East,2020-04-14,32.31,786.67,4.11,0.23
5950,East,2020-04-15,33.01,700.75,0.76,0.19
5951,East,2020-04-16,39.48,667.88,7.32,0.42
5952,East,2020-04-17,31.13,818.51,5.21,0.1
5953,East,2020-04-18,35.9,801.13,4.8,0.47
5954,East,2020-04-19,33.47,859.57,2.44,0.01
5955,East,2020-04-20,34.22,841.66,4.37,0.02
5956,East,2020-04-21,36.07,716.38,4.14,0.11
5957,East,2020-04-22,35.91,869.82,4.08,0.18
5958,East,2020-04-23,33.38,838.49,5.74,0.03
5959,East,2020-04-24,31.95,830.54,5.39,0.17
5960,East,2020-04-25,35.84,953.13,3.13,0.07
5961,East,2020-04-26,35.63,934.52,3.2,0.44
5962,East,2020-04-27,33.88,823.94,3.16,0.15
5963,East,2020-04-28,35.26,811.63,7.8,0.18
5964,East,2020-04-29,33.4,850.54,7.29,0.58
5965,East,2020-04-30,32.56,714.8,3.74,0.29
5966,East,2020-05-01,34.13,713.36,2.03,0.12
5967,East,2020-05-02,35.08,810.17,5.15,0.13
5968,East,2020-05-03,34.57,685.06,5.0,0.21
5969,East,2020-05-04,34.87,798.2,5.38,0.04
5970,East,2020-05-05,32.24,760.45,5.99,0.02
5971,East,2020-05-06,36.82,676.47,5.52,0.07
5972,East,2020-05-07,32.87,744.01,3.14,0.3
5973,East,2020-05-08,33.22,843.26,5.23,0.06
5974,East,2020-05-09,30.71,742.28,6.04,0.03
5975,East,2020-05-10,32.86,739.39,3.65,0.05
5976,East,2020-05-11,34.2,755.49,5.16,0.23
5977,East,2020-05-12,34.55,762.54,3.85,0.19
5978,East,2020-05-13,36.03,695.9,7.65,0.23
5979,East,2020-05-14,33.83,746.89,2.64,0.08
5980,East,2020-05-15,33.22,631.38,6.34,0.46
5981,East,2020-05-16,31.66,647.75,2.08,0.12
5982,East,2020-05-17,31.1,654.29,7.25,0.14
5983,East,2020-05-18,34.24,741.81,2.82,0.59
5984,East,2020-05-19,34.08,713.24,4.8,0.78
5985,East,2020-05-20,29.89,685.8,2.05,0.22
5986,East,2020-05-21,33.36,747.88,2.44,0.58
5987,East,2020-05-22,33.08,718.94,5.79,0.16
5988,East,2020-05-23,29.42,661.39,5.97,0.07
5989,East,2020-05-24,32.59,597.67,4.76,0.08
5990,East,2020-05-25,29.27,610.76,5.49,0.16
5991,East,2020-05-26,26.37,554.79,5.93,0.19
5992,East,2020-05-27,30.77,679.12,3.32,0.12
5993,East,2020-05-28,31.46,594.6,2.22,0.43
5994,East,2020-05-29,30.57,619.59,4.28,0.11
5995,East,2020-05-30,36.39,644.61,3.42,0.06
5996,East,2020-05-31,31.26,733.89,4.85,0.0
5997,East,2020-06-01,30.65,720.19,5.07,3.53
5998,East,2020-06-02,31.06,636.97,3.21,0.35
5999,East,2020-06-03,29.17,738.01,5.28,0.19
6000,East,2020-06-04,31.76,471.17,5.19,0.36
6001,East,2020-06-05,30.47,777.68,5.27,0.33
6002,East,2020-06-06,30.22,678.21,3.56,0.54
6003,East,2020-06-07,28.18,626.3,5.33,0.1
6004,East,2020-06-08,26.14,542.0,4.93,0.16
6005,East,2020-06-09,28.11,573.47,5.1,0.02
6006,East,2020-06-10,29.52,652.43,6.64,3.36
6007,East,2020-06-11,27.9,649.39,4.6,0.84
6008,East,2020-06-12,29.21,647.4,3.19,0.31
6009,East,2020-06-13,28.0,530.73,2.42,0.12
6010,East,2020-06-14,29.16,509.68,5.77,0.14
6011,East,2020-06-15,26.18,594.72,4.61,0.11
6012,East,2020-06-16,28.35,635.69,6.57,0.07
6013,East,2020-06-17,26.52,569.35,1.01,0.15
6014,East,2020-06-18,24.55,682.58,5.41,0.01
6015,East,2020-06-19,27.13,561.65,3.65,0.96
6016,East,2020-06-20,30.36,553.87,3.5,0.55
6017,East,2020-06-21,24.2,602.49,2.88,0.52
6018,East,2020-06-22,27.19,641.28,5.37,0.26
6019,East,2020-06-23,28.38,430.68,4.94,0.07
6020,East,2020-06-24,31.21,444.06,2.3,0.05
6021,East,2020-06-25,25.45,503.3,4.26,1.09
6022,East,2020-06-26,25.0,775.93,5.07,0.3
6023,East,2020-06-27,23.76,497.15,4.27,0.06
6024,East,2020-06-28,28.21,503.16,5.66,0.01
6025,East,2020-06-29,24.02,557.21,3.57,0.24
6026,East,2020-06-30,24.84,580.74,0.62,0.07
6027,East,2020-07-01,21.71,511.0,4.28,0.05
6028,East,2020-07-02,27.0,585.4,4.27,0.27
6029,East,2020-07-03,27.38,391.58,4.47,0.23
6030,East,2020-07-04,26.58,420.65,5.66,0.13
6031,East,2020-07-05,21.51,569.78,1.08,0.57
6032,East,2020-07-06,25.76,472.51,3.65,0.23
6033,East,2020-07-07,21.03,365.51,2.63,0.45
6034,East,2020-07-08,24.32,355.57,2.2,0.04
6035,East,2020-07-09,24.45,391.38,3.91,0.35
6036,East,2020-07-10,24.49,451.33,5.08,0.02
6037,East,2020-07-11,24.77,483.46,4.48,0.36
6038,East,2020-07-12,23.51,414.67,3.01,0.71
6039,East,2020-07-13,19.43,466.74,3.83,0.66
6040,East,2020-07-14,24.26,395.94,5.45,0.29
6041,East,2020-07-15,23.22,523.81,5.09,0.15
6042,East,2020-07-16,21.05,625.05,3.24,1.52
6043,East,2020-07-17,19.55,384.52,3.15,0.16
6044,East,2020-07-18,25.61,449.38,1.52,0.0
6045,East,2020-07-19,24.83,437.94,3.46,0.14
6046,East,2020-07-20,23.61,412.27,1.51,0.18
6047,East,2020-07-21,20.69,448.58,7.22,0.06
6048,East,2020-07-22,16.84,429.79,2.85,0.05
6049,East,2020-07-23,23.25,349.0,5.81,0.06
6050,East,2020-07-24,22.29,487.25,6.89,0.98
6051,East,2020-07-25,20.65,393.33,4.5,0.03
6052,East,2020-07-26,23.49,341.72,4.04,0.25
6053,East,2020-07-27,22.78,563.3,2.22,0.11
6054,East,2020-07-28,21.29,353.93,3.46,0.44
6055,East,2020-07-29,20.85,379.05,6.64,0.33
6056,East,2020-07-30,20.73,368.15,4.78,0.14
6057,East,2020-07-31,21.84,339.24,4.31,0.1
6058,East,2020-08-01,18.62,381.07,6.26,0.42
6059,East,2020-08-02,21.04,273.18,5.35,0.09
6060,East,2020-08-03,18.2,384.15,4.1,0.39
6061,East,2020-08-04,22.57,191.45,4.67,0.14
6062,East,2020-08-05,20.82,224.02,3.21,0.05
6063,East,2020-08-06,18.24,469.72,3.54,0.19
6064,East,2020-08-07,19.64,219.02,4.09,0.07
6065,East,2020-08-08,17.63,158.62,5.26,0.03
6066,East,2020-08-09,22.21,212.86,2.57,0.02
6067,East,2020-08-10,22.32,446.59,4.58,0.06
6068,East,2020-08-11,20.33,160.1,3.9,0.27
6069,East,2020-08-12,21.93,223.12,3.16,0.36
6070,East,2020-08-13,18.99,179.11,3.96,0.4
6071,East,2020-08-14,20.09,270.09,1.08,0.06
6072,East,2020-08-15,20.89,253.44,3.45,0.22
6073,East,2020-08-16,18.31,246.24,2.96,0.05
6074,East,2020-08-17,18.34,429.62,4.21,0.19
6075,East,2020-08-18,19.95,181.71,1.24,0.44
6076,East,2020-08-19,19.26,266.02,4.97,0.01
6077,East,2020-08-20,16.34,297.92,6.07,0.84
6078,East,2020-08-21,13.37,189.12,4.56,0.35
6079,East,2020-08-22,17.29,303.23,5.51,0.29
6080,East,2020-08-23,13.34,229.16,4.02,0.24
6081,East,2020-08-24,15.45,288.0,2.49,1.47
6082,East,2020-08-25,15.58,246.4,4.85,1.04
6083,East,2020-08-26,16.09,88.05,5.89,0.29
6084,East,2020-08-27,18.78,353.71,2.92,0.09
6085,East,2020-08-28,19.12,412.06,4.23,0.19
6086,East,2020-08-29,17.97,229.56,4.59,0.08
6087,East,2020-08-30,18.13,169.22,9.27,0.7
6088,East,2020-08-31,18.09,358.97,5.35,0.46
6089,East,2020-09-01,11.7,387.23,2.19,0.17
6090,East,2020-09-02,16.63,220.08,1.85,1.52
6091,East,2020-09-03,12.94,213.75,6.21,0.48
6092,East,2020-09-04,17.48,222.6,8.87,0.06
6093,East,2020-09-05,12.2,92.85,4.75,0.17
6094,East,2020-09-06,15.96,201.43,4.69,0.13
6095,East,2020-09-07,17.35,359.91,5.88,0.3
6096,East,2020-09-08,13.95,207.29,4.07,0.1
6097,East,2020-09-09,18.05,135.73,1.48,0.25
6098,East,2020-09-10,17.08,256.91,6.89,0.1
6099,East,2020-09-11,16.77,162.12,4.45,0.02
6100,East,2020-09-12,17.35,208.58,6.97,0.02
6101,East,2020-09-13,15.19,110.88,4.29,0.03
6102,East,2020-09-14,16.16,128.03,5.65,0.01
6103,East,2020-09-15,15.83,268.63,6.78,0.76
6104,East,2020-09-16,15.75,217.63,7.14,0.22
6105,East,2020-09-17,14.39,145.11,5.91,0.03
6106,East,2020-09-18,13.21,215.68,5.87,0.19
6107,East,2020-09-19,14.99,156.55,6.56,0.18
6108,East,2020-09-20,14.85,141.51,6.36,0.03
6109,East,2020-09-21,14.13,296.52,3.76,0.1
6110,East,2020-09-22,17.29,265.3,3.83,0.28
6111,East,2020-09-23,13.22,200.32,2.6,0.0
6112,East,2020-09-24,15.2,213.02,6.95,0.03
6113,East,2020-09-25,17.86,200.33,5.24,1.1
6114,East,2020-09-26,17.33,239.59,7.1,0.26
6115,East,2020-09-27,17.94,136.38,6.51,0.12
6116,East,2020-09-28,14.32,269.14,4.44,0.2
6117,East,2020-09-29,17.06,228.31,5.79,1.87
6118,East,2020-09-30,13.37,178.96,5.33,1.85
6119,East,2020-10-01,14.94,161.05,5.13,0.08
6120,East,2020-10-02,15.14,267.52,7.45,0.14
6121,East,2020-10-03,14.36,188.43,9.88,0.2
6122,East,2020-10-04,14.8,144.89,7.82,0.01
6123,East,2020-10-05,14.55,170.46,6.14,0.58
6124,East,2020-10-06,13.59,263.27,8.1,0.11
6125,East,2020-10-07,17.28,73.49,8.82,0.09
6126,East,2020-10-08,15.23,174.59,4.19,0.48
6127,East,2020-10-09,16.02,289.44,8.15,0.03
6128,East,2020-10-10,15.98,191.2,7.51,0.01
6129,East,2020-10-11,15.79,227.43,8.17,0.23
6130,East,2020-10-12,15.9,293.59,7.64,0.1
6131,East,2020-10-13,15.14,279.16,6.11,0.29
6132,East,2020-10-14,18.63,173.78,9.54,0.01
6133,East,2020-10-15,17.36,199.85,7.03,0.1
6134,East,2020-10-16,15.92,284.04,5.9,0.05
6135,East,2020-10-17,15.04,288.29,7.34,0.27
6136,East,2020-10-18,15.75,207.64,8.08,0.26
6137,East,2020-10-19,16.87,212.04,6.79,0.61
6138,East,2020-10-20,19.1,239.46,7.27,0.34
6139,East,2020-10-21,13.41,329.2,6.85,2.47
6140,East,2020-10-22,17.54,307.14,5.76,0.26
6141,East,2020-10-23,18.54,279.18,5.55,0.56
6142,East,2020-10-24,13.38,139.47,4.71,0.17
6143,East,2020-10-25,16.06,205.91,9.12,0.23
6144,East,2020-10-26,14.37,212.33,6.54,0.42
6145,East,2020-10-27,17.44,345.88,1.76,0.44
6146,East,2020-10-28,15.94,215.67,7.53,0.53
6147,East,2020-10-29,16.47,337.51,7.53,0.33
6148,East,2020-10-30,16.0,194.11,4.2,0.03
6149,East,2020-10-31,18.35,203.1,5.78,0.28
6150,East,2020-11-01,17.45,283.57,5.74,0.34
6151,East,2020-11-02,17.55,373.27,5.97,0.42
6152,East,2020-11-03,17.5,233.71,8.93,0.52
6153,East,2020-11-04,18.42,48.54,6.92,0.14
6154,East,2020-11-05,16.85,131.4,6.53,1.06
6155,East,2020-11-06,20.88,283.43,8.88,0.0
6156,East,2020-11-07,15.11,144.73,7.97,0.17
6157,East,2020-11-08,14.24,196.67,4.64,0.13
6158,East,2020-11-09,14.18,270.16,6.35,0.66
6159,East,2020-11-10,13.75,76.56,7.79,0.46
6160,East,2020-11-11,19.37,245.53,5.93,0.32
6161,East,2020-11-12,19.24,186.19,10.4,0.06
6162,East,2020-11-13,20.67,162.97,7.55,0.1
6163,East,2020-11-14,16.26,222.33,6.27,0.24
6164,East,2020-11-15,19.99,204.63,5.74,0.01
6165,East,2020-11-16,18.74,331.44,8.84,0.05
6166,East,2020-11-17,19.08,393.39,6.5,0.44
6167,East,2020-11-18,20.13,272.36,8.07,0.03
6168,East,2020-11-19,17.5,257.72,5.79,0.01
6169,East,2020-11-20,24.31,276.23,7.65,0.17
6170,East,2020-11-21,21.94,224.73,6.61,0.59
6171,East,2020-11-22,18.35,214.36,7.11,1.8
6172,East,2020-11-23,17.37,189.94,6.41,0.74
6173,East,2020-11-24,19.51,219.4,9.17,0.28
6174,East,2020-11-25,20.19,460.55,6.91,0.12
6175,East,2020-11-26,22.1,279.04,7.45,0.59
6176,East,2020-11-27,17.78,103.27,7.54,0.11
6177,East,2020-11-28,20.83,296.01,10.12,0.09
6178,East,2020-11-29,17.35,220.17,9.06,0.12
6179,East,2020-11-30,21.43,356.63,8.93,0.34
6180,East,2020-12-01,20.49,352.51,5.39,2.5
6181,East,2020-12-02,24.73,365.41,6.79,0.44
6182,East,2020-12-03,17.92,362.27,9.57,0.12
6183,East,2020-12-04,23.91,340.35,6.05,2.29
6184,East,2020-12-05,17.91,258.37,7.94,0.01
6185,East,2020-12-06,18.82,373.58,6.23,0.31
6186,East,2020-12-07,18.28,465.81,6.4,0.12
6187,East,2020-12-08,22.3,534.18,10.38,0.09
6188,East,2020-12-09,19.61,374.86,8.95,0.12
6189,East,2020-12-10,19.42,388.37,9.36,0.11
6190,East,2020-12-11,22.69,443.65,9.07,0.28
6191,East,2020-12-12,23.35,527.98,7.7,0.53
6192,East,2020-12-13,22.69,374.55,6.88,0.14
6193,East,2020-12-14,22.45,473.82,7.32,0.36
6194,East,2020-12-15,26.6,357.57,7.65,0.26
6195,East,2020-12-16,23.4,454.79,10.61,0.4
6196,East,2020-12-17,24.89,511.07,5.95,0.18
6197,East,2020-12-18,23.73,335.2,7.13,0.22
6198,East,2020-12-19,21.42,401.52,6.59,0.0
6199,East,2020-12-20,24.88,524.99,9.56,0.1
6200,East,2020-12-21,22.64,503.0,10.76,0.98
6201,East,2020-12-22,23.94,541.69,8.44,0.2
6202,East,2020-12-23,24.9,531.81,8.57,0.08
6203,East,2020-12-24,20.58,441.78,8.13,0.06
6204,East,2020-12-25,21.42,650.15,8.65,0.05
6205,East,2020-12-26,26.62,490.31,9.15,0.1
6206,East,2020-12-27,23.65,240.06,8.64,0.04
6207,East,2020-12-28,23.92,467.09,8.75,0.03
6208,East,2020-12-29,25.65,457.3,9.16,0.09
6209,East,2020-12-30,24.72,563.62,5.33,0.19
6210,East,2020-12-31,26.5,469.07,8.0,0.03
6211,East,2021-01-01,25.74,598.24,8.46,0.01
6212,East,2021-01-02,26.41,560.13,8.62,0.01
6213,East,2021-01-03,24.78,440.63,7.74,0.31
6214,East,2021-01-04,26.74,514.56,8.23,0.04
6215,East,2021-01-05,28.74,468.89,6.91,0.15
6216,East,2021-01-06,25.56,550.84,5.32,0.12
6217,East,2021-01-07,28.7,478.66,9.46,0.08
6218,East,2021-01-08,26.93,552.25,6.27,0.36
6219,East,2021-01-09,28.68,529.6,7.73,0.7
6220,East,2021-01-10,27.63,544.29,6.84,0.02
6221,East,2021-01-11,27.48,725.61,10.34,0.07
6222,East,2021-01-12,28.41,537.74,7.83,0.72
6223,East,2021-01-13,30.31,416.85,7.48,0.75
6224,East,2021-01-14,28.52,657.87,9.06,0.06
6225,East,2021-01-15,29.17,662.22,11.16,0.18
6226,East,2021-01-16,27.64,428.23,8.52,0.14
6227,East,2021-01-17,31.69,535.4,7.34,0.13
6228,East,2021-01-18,29.99,631.25,8.94,0.11
6229,East,2021-01-19,29.02,643.19,5.52,0.15
6230,East,2021-01-20,28.79,605.72,7.94,0.05
6231,East,2021-01-21,31.15,612.34,10.85,0.02
6232,East,2021-01-22,28.14,540.61,8.08,0.17
6233,East,2021-01-23,25.94,428.46,7.99,2.7
6234,East,2021-01-24,29.81,789.12,7.85,0.03
6235,East,2021-01-25,32.2,552.34,7.21,0.24
6236,East,2021-01-26,33.16,648.59,8.26,0.12
6237,East,2021-01-27,29.91,626.36,8.94,0.07
6238,East,2021-01-28,30.37,715.4,7.26,0.38
6239,East,2021-01-29,31.47,657.32,4.0,0.12
6240,East,2021-01-30,30.05,664.88,8.42,0.18
6241,East,2021-01-31,31.76,446.28,10.9,0.12
6242,East,2021-02-01,30.7,594.73,7.12,0.02
6243,East,2021-02-02,33.04,725.3,5.46,0.18
6244,East,2021-02-03,32.61,722.38,8.66,0.11
6245,East,2021-02-04,32.92,598.11,10.24,0.09
6246,East,2021-02-05,31.03,552.18,8.4,0.18
6247,East,2021-02-06,35.43,692.67,10.17,0.0
6248,East,2021-02-07,32.68,454.07,8.76,0.05
6249,East,2021-02-08,32.34,598.74,8.6,1.52
6250,East,2021-02-09,30.46,835.4,6.75,0.01
6251,East,2021-02-10,31.92,814.1,7.93,0.21
6252,East,2021-02-11,32.47,741.31,7.43,0.6
6253,East,2021-02-12,30.79,730.7,7.36,0.04
6254,East,2021-02-13,31.9,553.82,7.05,0.11
6255,East,2021-02-14,32.28,654.24,7.74,0.17
6256,East,2021-02-15,32.84,693.48,5.44,0.12
6257,East,2021-02-16,29.32,663.07,8.57,0.19
6258,East,2021-02-17,32.69,696.07,6.01,0.1
6259,East,2021-02-18,32.32,831.43,6.93,0.03
6260,East,2021-02-19,33.15,687.48,7.77,0.02
6261,East,2021-02-20,35.37,706.81,5.86,0.27
6262,East,2021-02-21,37.51,796.45,4.27,0.05
6263,East,2021-02-22,34.86,626.85,6.62,0.38
6264,East,2021-02-23,31.14,676.25,5.02,0.27
6265,East,2021-02-24,33.02,687.43,8.21,0.01
6266,East,2021-02-25,35.0,753.8,5.38,0.04
6267,East,2021-02-26,34.87,724.59,9.31,0.07
6268,East,2021-02-27,35.97,729.88,7.05,0.18
6269,East,2021-02-28,33.89,704.44,7.11,0.33
6270,East,2021-03-01,33.44,674.57,4.02,0.01
6271,East,2021-03-02,37.76,811.5,7.18,0.06
6272,East,2021-03-03,34.45,738.2,6.81,0.09
6273,East,2021-03-04,32.38,817.12,4.96,0.04
6274,East,2021-03-05,37.44,680.96,7.0,0.16
6275,East,2021-03-06,31.57,718.88,6.25,0.13
6276,East,2021-03-07,27.65,756.54,6.49,0.08
6277,East,2021-03-08,36.24,766.06,6.82,0.15
6278,East,2021-03-09,36.59,838.61,6.04,0.09
6279,East,2021-03-10,35.66,745.71,7.09,0.08
6280,East,2021-03-11,32.29,841.7,6.55,0.06
6281,East,2021-03-12,34.83,813.67,7.36,0.16
6282,East,2021-03-13,34.45,776.77,5.83,0.12
6283,East,2021-03-14,33.98,710.77,4.99,0.04
6284,East,2021-03-15,37.93,848.89,5.49,0.0
6285,East,2021-03-16,33.06,715.61,8.68,0.03
6286,East,2021-03-17,35.83,789.32,7.92,0.01
6287,East,2021-03-18,37.62,787.91,8.27,0.11
6288,East,2021-03-19,36.04,776.79,8.34,0.05
6289,East,2021-03-20,37.79,763.25,5.69,0.11
6290,East,2021-03-21,36.47,729.58,6.79,0.08
6291,East,2021-03-22,36.23,666.85,6.43,0.15
6292,East,2021-03-23,36.13,909.28,7.27,0.26
6293,East,2021-03-24,36.64,758.33,5.82,0.13
6294,East,2021-03-25,34.67,788.02,6.35,0.01
6295,East,2021-03-26,32.85,788.04,6.29,0.0
6296,East,2021-03-27,37.38,886.85,6.94,0.05
6297,East,2021-03-28,37.8,954.19,7.1,0.11
6298,East,2021-03-29,35.99,812.56,6.22,0.01
6299,East,2021-03-30,34.39,787.37,6.23,0.08
6300,East,2021-03-31,32.38,710.12,6.35,0.44
6301,East,2021-04-01,35.66,684.49,8.44,0.02
6302,East,2021-04-02,32.79,657.95,3.34,2.97
6303,East,2021-04-03,32.5,736.0,4.45,1.94
6304,East,2021-04-04,35.43,632.11,6.88,0.36
6305,East,2021-04-05,33.93,885.3,6.24,0.4
6306,East,2021-04-06,36.14,832.38,6.2,0.02
6307,East,2021-04-07,35.11,777.85,6.77,0.03
6308,East,2021-04-08,34.19,886.08,6.05,0.03
6309,East,2021-04-09,31.97,710.91,4.86,0.02
6310,East,2021-04-10,33.65,730.19,6.61,0.08
6311,East,2021-04-11,33.69,640.17,5.66,0.35
6312,East,2021-04-12,32.84,855.83,4.93,0.06
6313,East,2021-04-13,34.6,727.98,6.6,0.06
6314,East,2021-04-14,32.92,792.89,6.51,0.23
6315,East,2021-04-15,34.85,870.59,5.82,0.02
6316,East,2021-04-16,35.61,898.71,8.04,0.09
6317,East,2021-04-17,33.43,785.28,7.42,0.07
6318,East,2021-04-18,35.88,816.84,6.9,0.38
6319,East,2021-04-19,32.25,712.2,9.22,0.14
6320,East,2021-04-20,32.7,917.5,5.11,0.21
6321,East,2021-04-21,34.64,767.77,4.6,0.03
6322,East,2021-04-22,36.18,785.64,6.56,0.53
6323,East,2021-04-23,36.47,744.74,4.86,0.08
6324,East,2021-04-24,37.89,871.22,5.22,0.25
6325,East,2021-04-25,33.85,789.15,3.69,0.62
6326,East,2021-04-26,34.27,831.88,6.05,0.14
6327,East,2021-04-27,32.39,797.07,2.9,0.14
6328,East,2021-04-28,31.87,748.78,4.94,0.02
6329,East,2021-04-29,34.75,838.36,5.03,0.1
6330,East,2021-04-30,32.66,789.14,4.37,1.91
6331,East,2021-05-01,36.59,682.06,2.35,0.03
6332,East,2021-05-02,31.11,677.16,2.31,0.5
6333,East,2021-05-03,34.92,765.48,3.81,0.22
6334,East,2021-05-04,31.84,823.37,5.71,0.55
6335,East,2021-05-05,32.12,879.06,5.31,0.16
6336,East,2021-05-06,34.74,602.78,4.82,0.03
6337,East,2021-05-07,32.21,744.0,3.49,0.05
6338,East,2021-05-08,32.42,778.03,5.3,0.07
6339,East,2021-05-09,31.73,759.35,2.06,0.1
6340,East,2021-05-10,36.81,813.21,1.14,0.49
6341,East,2021-05-11,31.9,781.61,4.34,0.09
6342,East,2021-05-12,33.12,646.96,3.86,0.15
6343,East,2021-05-13,32.5,641.18,6.18,0.04
6344,East,2021-05-14,33.23,743.86,4.87,1.33
6345,East,2021-05-15,31.44,794.54,7.08,0.16
6346,East,2021-05-16,32.15,723.15,3.76,0.12
6347,East,2021-05-17,33.21,581.75,5.29,2.94
6348,East,2021-05-18,30.58,620.46,4.16,0.44
6349,East,2021-05-19,34.35,755.74,6.58,0.22
6350,East,2021-05-20,34.42,668.66,4.18,2.55
6351,East,2021-05-21,33.13,702.05,5.75,0.17
6352,East,2021-05-22,31.92,773.86,2.83,0.35
6353,East,2021-05-23,25.67,588.41,3.8,0.11
6354,East,2021-05-24,32.36,647.35,4.28,0.02
6355,East,2021-05-25,30.59,634.51,6.28,1.03
6356,East,2021-05-26,30.74,700.56,1.07,0.04
6357,East,2021-05-27,27.3,729.71,3.84,0.06
6358,East,2021-05-28,31.93,545.15,3.77,0.04
6359,East,2021-05-29,27.9,658.78,1.19,0.08
6360,East,2021-05-30,30.89,724.37,3.59,0.07
6361,East,2021-05-31,32.32,501.99,1.96,0.92
6362,East,2021-06-01,29.42,640.73,0.76,5.64
6363,East,2021-06-02,32.64,544.09,3.84,0.01
6364,East,2021-06-03,28.56,585.45,3.78,0.3
6365,East,2021-06-04,31.1,431.75,3.84,0.03
6366,East,2021-06-05,27.13,738.92,4.57,0.0
6367,East,2021-06-06,31.65,594.34,2.86,0.2
6368,East,2021-06-07,31.18,553.5,6.85,0.41
6369,East,2021-06-08,30.21,639.57,4.1,0.04
6370,East,2021-06-09,28.32,525.13,6.07,0.08
6371,East,2021-06-10,26.15,512.7,1.6,0.04
6372,East,2021-06-11,28.01,719.65,2.86,0.47
6373,East,2021-06-12,30.85,738.63,5.13,0.06
6374,East,2021-06-13,28.72,541.65,3.75,0.12
6375,East,2021-06-14,25.19,669.46,2.47,0.45
6376,East,2021-06-15,25.88,607.58,1.31,0.16
6377,East,2021-06-16,30.47,461.0,5.16,0.54
6378,East,2021-06-17,28.77,494.84,5.03,0.52
6379,East,2021-06-18,25.16,688.14,4.41,0.12
6380,East,2021-06-19,23.93,444.86,3.3,0.17
6381,East,2021-06-20,26.04,736.41,2.36,0.05
6382,East,2021-06-21,23.42,503.13,3.95,4.66
6383,East,2021-06-22,26.64,670.2,2.05,0.07
6384,East,2021-06-23,31.68,514.18,2.89,0.31
6385,East,2021-06-24,23.42,597.49,5.9,0.08
6386,East,2021-06-25,26.07,639.96,1.23,0.38
6387,East,2021-06-26,28.89,634.41,5.02,0.02
6388,East,2021-06-27,27.59,471.31,6.24,0.16
6389,East,2021-06-28,25.63,444.32,5.23,0.06
6390,East,2021-06-29,25.46,501.25,4.6,0.03
6391,East,2021-06-30,23.27,398.54,3.3,0.05
6392,East,2021-07-01,24.87,516.56,3.03,0.06
6393,East,2021-07-02,25.72,426.59,0.63,0.14
6394,East,2021-07-03,27.27,573.71,4.06,0.1
6395,East,2021-07-04,23.65,436.33,3.4,0.02
6396,East,2021-07-05,24.34,337.4,2.96,0.15
6397,East,2021-07-06,22.65,583.71,3.98,0.31
6398,East,2021-07-07,24.83,481.17,4.11,0.17
6399,East,2021-07-08,25.77,463.71,3.06,0.73
6400,East,2021-07-09,25.3,543.81,6.44,0.02
6401,East,2021-07-10,21.53,520.88,5.12,0.34
6402,East,2021-07-11,23.99,385.12,5.38,0.14
6403,East,2021-07-12,22.17,405.02,3.88,0.15
6404,East,2021-07-13,25.38,346.91,4.81,0.15
6405,East,2021-07-14,22.87,313.75,2.71,0.08
6406,East,2021-07-15,19.98,472.18,5.06,0.08
6407,East,2021-07-16,22.42,452.28,3.76,1.0
6408,East,2021-07-17,23.61,476.8,2.55,0.01
6409,East,2021-07-18,23.01,513.51,4.06,0.18
6410,East,2021-07-19,21.34,468.03,3.66,1.29
6411,East,2021-07-20,21.03,470.25,7.6,0.09
6412,East,2021-07-21,20.06,230.08,4.78,0.05
6413,East,2021-07-22,21.09,366.93,6.5,0.05
6414,East,2021-07-23,20.01,463.85,5.85,0.02
6415,East,2021-07-24,23.5,288.47,4.22,0.02
6416,East,2021-07-25,19.6,384.53,3.51,0.18
6417,East,2021-07-26,21.49,414.06,1.58,0.0
6418,East,2021-07-27,21.2,403.27,2.9,0.06
6419,East,2021-07-28,22.83,392.73,5.21,0.07
6420,East,2021-07-29,22.96,406.57,3.78,1.07
6421,East,2021-07-30,22.02,368.58,4.82,0.96
6422,East,2021-07-31,21.19,232.59,1.22,0.04
6423,East,2021-08-01,18.24,385.74,4.97,0.24
6424,East,2021-08-02,18.05,363.56,5.95,0.14
6425,East,2021-08-03,18.35,220.45,1.66,0.16
6426,East,2021-08-04,21.4,442.5,4.9,0.14
6427,East,2021-08-05,19.9,370.58,6.38,0.1
6428,East,2021-08-06,21.35,213.24,6.9,0.08
6429,East,2021-08-07,21.48,254.13,3.65,0.35
6430,East,2021-08-08,17.89,270.29,5.59,0.35
6431,East,2021-08-09,19.27,266.19,6.59,0.88
6432,East,2021-08-10,19.05,330.83,5.07,0.05
6433,East,2021-08-11,18.29,225.34,6.42,0.44
6434,East,2021-08-12,17.74,389.83,4.46,0.15
6435,East,2021-08-13,21.06,379.43,5.13,0.18
6436,East,2021-08-14,18.67,341.56,3.63,0.45
6437,East,2021-08-15,18.46,291.86,4.34,0.57
6438,East,2021-08-16,16.71,359.69,5.26,0.26
6439,East,2021-08-17,19.55,259.06,3.59,0.43
6440,East,2021-08-18,16.07,219.67,4.32,0.13
6441,East,2021-08-19,18.88,369.41,5.82,0.95
6442,East,2021-08-20,18.82,296.24,7.79,0.35
6443,East,2021-08-21,16.92,212.81,1.66,1.07
6444,East,2021-08-22,18.27,230.89,7.73,0.09
6445,East,2021-08-23,17.9,202.23,4.4,0.11
6446,East,2021-08-24,17.35,419.83,6.26,0.01
6447,East,2021-08-25,17.35,255.37,6.59,0.52
6448,East,2021-08-26,17.35,264.72,7.22,0.02
6449,East,2021-08-27,17.39,306.92,3.81,0.17
6450,East,2021-08-28,17.16,149.2,4.59,0.41
6451,East,2021-08-29,14.74,331.43,4.88,0.11
6452,East,2021-08-30,16.56,192.43,4.45,0.32
6453,East,2021-08-31,17.31,384.89,7.0,0.33
6454,East,2021-09-01,16.89,210.98,4.93,0.01
6455,East,2021-09-02,18.52,316.59,2.65,0.11
6456,East,2021-09-03,17.78,31.5,4.16,1.17
6457,East,2021-09-04,14.72,134.98,2.77,0.11
6458,East,2021-09-05,16.05,203.33,4.83,0.16
6459,East,2021-09-06,15.7,62.26,6.21,0.9
6460,East,2021-09-07,16.24,270.78,4.25,0.03
6461,East,2021-09-08,16.18,245.82,4.66,0.11
6462,East,2021-09-09,17.35,139.67,4.89,0.03
6463,East,2021-09-10,16.42,215.89,5.54,0.03
6464,East,2021-09-11,18.47,280.01,6.14,0.14
6465,East,2021-09-12,16.44,45.65,6.61,0.85
6466,East,2021-09-13,14.25,110.51,8.81,0.03
6467,East,2021-09-14,14.92,184.15,5.65,0.28
6468,East,2021-09-15,17.02,211.52,6.6,0.09
6469,East,2021-09-16,12.54,203.68,3.15,0.51
6470,East,2021-09-17,13.04,278.34,5.0,0.1
6471,East,2021-09-18,15.72,244.29,5.19,0.03
6472,East,2021-09-19,17.57,260.85,4.11,0.28
6473,East,2021-09-20,18.25,93.03,4.86,0.17
6474,East,2021-09-21,15.17,214.98,5.54,0.1
6475,East,2021-09-22,17.7,178.09,4.98,0.44
6476,East,2021-09-23,15.71,318.99,9.67,0.03
6477,East,2021-09-24,12.48,215.42,6.57,0.08
6478,East,2021-09-25,15.51,147.48,8.84,0.01
6479,East,2021-09-26,14.28,268.82,8.11,0.14
6480,East,2021-09-27,17.34,245.4,4.95,0.45
6481,East,2021-09-28,15.45,134.41,6.0,0.32
6482,East,2021-09-29,12.94,172.15,5.32,0.01
6483,East,2021-09-30,12.49,173.49,5.77,0.43
6484,East,2021-10-01,15.45,298.27,4.58,0.12
6485,East,2021-10-02,10.66,216.48,5.42,0.04
6486,East,2021-10-03,14.47,258.61,6.65,0.28
6487,East,2021-10-04,15.98,161.34,6.65,0.08
6488,East,2021-10-05,13.42,228.01,6.56,0.06
6489,East,2021-10-06,17.54,306.0,6.13,0.18
6490,East,2021-10-07,17.95,173.45,7.54,0.13
6491,East,2021-10-08,13.56,212.23,5.9,0.02
6492,East,2021-10-09,15.02,94.73,8.4,0.31
6493,East,2021-10-10,17.64,143.41,3.58,0.13
6494,East,2021-10-11,15.68,178.85,7.37,0.12
6495,East,2021-10-12,12.93,121.78,7.15,0.0
6496,East,2021-10-13,15.47,313.53,5.44,0.34
6497,East,2021-10-14,14.09,141.94,5.95,0.14
6498,East,2021-10-15,18.05,273.22,7.22,0.58
6499,East,2021-10-16,17.09,226.61,7.93,0.29
6500,East,2021-10-17,15.3,215.6,3.96,0.01
6501,East,2021-10-18,16.27,333.58,7.56,0.09
6502,East,2021-10-19,13.42,35.47,5.96,0.17
6503,East,2021-10-20,14.59,202.35,8.37,0.12
6504,East,2021-10-21,19.26,133.42,3.96,0.04
6505,East,2021-10-22,16.33,64.82,10.42,0.07
6506,East,2021-10-23,18.14,128.13,5.45,0.07
6507,East,2021-10-24,16.82,227.14,8.96,0.96
6508,East,2021-10-25,19.05,169.87,6.74,0.08
6509,East,2021-10-26,12.5,301.84,5.65,0.23
6510,East,2021-10-27,16.2,215.3,7.3,0.35
6511,East,2021-10-28,19.94,208.8,8.48,0.11
6512,East,2021-10-29,18.65,211.61,4.64,0.12
6513,East,2021-10-30,19.47,231.88,8.05,0.16
6514,East,2021-10-31,16.89,208.89,7.01,0.18
6515,East,2021-11-01,15.92,176.95,7.92,0.18
6516,East,2021-11-02,15.03,326.95,7.1,0.01
6517,East,2021-11-03,14.99,200.72,6.25,0.34
6518,East,2021-11-04,18.89,222.87,5.47,0.04
6519,East,2021-11-05,18.41,290.89,8.18,0.35
6520,East,2021-11-06,17.35,285.09,8.2,0.04
6521,East,2021-11-07,18.6,191.24,8.22,0.29
6522,East,2021-11-08,17.98,326.31,7.89,0.18
6523,East,2021-11-09,19.72,312.19,8.69,0.28
6524,East,2021-11-10,19.82,286.75,9.41,0.21
6525,East,2021-11-11,15.89,241.4,4.52,0.02
6526,East,2021-11-12,18.69,246.84,3.84,0.07
6527,East,2021-11-13,14.92,266.76,9.96,0.14
6528,East,2021-11-14,18.64,187.96,5.39,0.36
6529,East,2021-11-15,19.71,287.02,5.8,0.05
6530,East,2021-11-16,16.0,365.25,7.02,0.41
6531,East,2021-11-17,17.92,367.78,5.0,0.28
6532,East,2021-11-18,18.9,271.04,6.93,0.08
6533,East,2021-11-19,19.48,390.54,6.1,0.29
6534,East,2021-11-20,18.58,461.84,7.19,0.2
6535,East,2021-11-21,16.93,288.09,7.99,0.0
6536,East,2021-11-22,19.3,372.78,7.07,0.1
6537,East,2021-11-23,16.24,140.56,7.02,0.07
6538,East,2021-11-24,19.22,225.11,8.02,0.05
6539,East,2021-11-25,18.94,337.28,9.21,0.06
6540,East,2021-11-26,19.7,253.73,10.07,0.57
6541,East,2021-11-27,19.0,501.73,7.36,0.13
6542,East,2021-11-28,17.24,390.81,10.44,0.38
6543,East,2021-11-29,19.67,424.67,9.04,0.05
6544,East,2021-11-30,22.42,349.55,5.89,0.04
6545,East,2021-12-01,23.23,276.12,5.86,0.44
6546,East,2021-12-02,25.74,319.43,6.91,0.14
6547,East,2021-12-03,24.4,385.88,9.95,0.45
6548,East,2021-12-04,18.77,319.13,7.05,0.01
6549,East,2021-12-05,20.51,428.54,4.98,0.5
6550,East,2021-12-06,21.43,436.47,7.49,0.11
6551,East,2021-12-07,21.47,384.7,4.87,0.03
6552,East,2021-12-08,21.94,243.03,6.28,0.23
6553,East,2021-12-09,26.77,531.08,6.99,0.32
6554,East,2021-12-10,19.95,381.73,8.11,0.01
6555,East,2021-12-11,20.85,620.36,9.43,0.87
6556,East,2021-12-12,25.73,460.73,8.95,0.24
6557,East,2021-12-13,21.38,396.66,6.15,0.08
6558,East,2021-12-14,23.56,454.24,7.37,0.03
6559,East,2021-12-15,25.01,261.85,8.05,0.5
6560,East,2021-12-16,24.08,510.49,7.55,0.05
6561,East,2021-12-17,23.66,638.78,7.55,0.14
6562,East,2021-12-18,25.32,271.33,5.37,0.3
6563,East,2021-12-19,21.83,420.54,6.24,0.22
6564,East,2021-12-20,22.79,440.19,7.37,0.57
6565,East,2021-12-21,25.02,523.73,3.34,0.03
6566,East,2021-12-22,19.98,627.29,8.94,0.63
6567,East,2021-12-23,27.13,494.57,5.93,0.06
6568,East,2021-12-24,25.07,640.41,9.02,0.07
6569,East,2021-12-25,24.94,487.85,8.89,0.21
6570,East,2021-12-26,21.54,515.47,7.18,0.29
6571,East,2021-12-27,22.4,510.77,9.5,0.83
6572,East,2021-12-28,24.35,587.3,9.11,0.7
6573,East,2021-12-29,26.94,461.05,7.54,0.49
6574,East,2021-12-30,21.34,565.46,7.37,0.11
6575,East,2021-12-31,27.24,406.7,9.65,0.04
6576,East,2022-01-01,25.12,487.57,8.35,0.18
6577,East,2022-01-02,25.56,464.55,9.56,0.0
6578,East,2022-01-03,26.69,527.68,4.41,0.04
6579,East,2022-01-04,26.89,500.5,8.14,0.0
6580,East,2022-01-05,25.1,621.5,5.62,0.04
6581,East,2022-01-06,27.95,465.77,7.95,0.13
6582,East,2022-01-07,22.23,402.68,9.05,0.1
6583,East,2022-01-08,26.14,437.71,10.58,0.09
6584,East,2022-01-09,27.51,630.92,6.56,0.36
6585,East,2022-01-10,26.69,478.9,7.18,1.12
6586,East,2022-01-11,23.89,593.36,7.81,0.55
6587,East,2022-01-12,29.23,542.99,6.49,0.12
6588,East,2022-01-13,25.38,637.54,9.41,0.32
6589,East,2022-01-14,27.91,558.14,7.83,0.03
6590,East,2022-01-15,28.52,802.74,8.11,0.22
6591,East,2022-01-16,28.42,738.39,8.85,0.37
6592,East,2022-01-17,30.88,566.26,7.8,0.04
6593,East,2022-01-18,28.6,560.21,6.67,0.42
6594,East,2022-01-19,29.72,851.84,7.79,0.15
6595,East,2022-01-20,28.92,519.79,6.59,0.03
6596,East,2022-01-21,30.42,606.52,8.02,0.21
6597,East,2022-01-22,32.14,617.49,9.34,0.15
6598,East,2022-01-23,29.78,620.26,6.07,0.01
6599,East,2022-01-24,31.23,486.06,5.52,0.1
6600,East,2022-01-25,32.73,669.56,7.88,0.31
6601,East,2022-01-26,32.69,556.84,6.64,0.16
6602,East,2022-01-27,29.36,753.94,7.82,0.07
6603,East,2022-01-28,32.35,527.14,8.24,0.53
6604,East,2022-01-29,30.93,652.89,4.52,0.05
6605,East,2022-01-30,32.82,475.31,8.76,0.06
6606,East,2022-01-31,31.87,484.67,5.95,0.09
6607,East,2022-02-01,31.43,594.25,7.65,0.45
6608,East,2022-02-02,31.89,609.87,6.68,0.14
6609,East,2022-02-03,31.67,787.27,6.82,0.23
6610,East,2022-02-04,31.89,670.99,10.17,0.75
6611,East,2022-02-05,31.12,781.81,8.09,0.31
6612,East,2022-02-06,31.08,652.16,8.94,0.04
6613,East,2022-02-07,35.24,735.1,7.79,1.55
6614,East,2022-02-08,32.8,632.59,8.47,1.38
6615,East,2022-02-09,30.83,631.11,8.15,0.05
6616,East,2022-02-10,31.56,552.82,7.88,0.08
6617,East,2022-02-11,34.35,729.19,9.14,0.25
6618,East,2022-02-12,30.89,727.08,7.69,0.05
6619,East,2022-02-13,29.52,772.02,10.86,0.05
6620,East,2022-02-14,29.79,730.69,8.85,0.24
6621,East,2022-02-15,29.27,879.19,5.67,0.43
6622,East,2022-02-16,30.25,734.71,7.09,0.02
6623,East,2022-02-17,30.6,803.44,7.93,0.12
6624,East,2022-02-18,35.85,701.56,7.37,0.93
6625,East,2022-02-19,33.1,658.15,8.31,0.23
6626,East,2022-02-20,32.57,791.5,8.45,1.11
6627,East,2022-02-21,30.52,730.15,5.18,0.23
6628,East,2022-02-22,33.22,806.97,9.12,0.19
6629,East,2022-02-23,30.13,771.7,6.42,0.92
6630,East,2022-02-24,32.97,683.0,6.25,0.01
6631,East,2022-02-25,37.93,835.3,6.21,0.02
6632,East,2022-02-26,35.23,682.49,8.3,0.82
6633,East,2022-02-27,33.57,804.97,6.65,0.09
6634,East,2022-02-28,35.48,860.16,6.03,0.02
6635,East,2022-03-01,33.13,729.47,6.36,0.07
6636,East,2022-03-02,32.65,855.25,4.27,0.22
6637,East,2022-03-03,37.74,797.03,5.67,0.43
6638,East,2022-03-04,32.13,835.75,5.04,0.1
6639,East,2022-03-05,33.78,702.95,6.47,0.16
6640,East,2022-03-06,35.18,789.25,7.84,0.07
6641,East,2022-03-07,32.76,661.59,7.64,0.22
6642,East,2022-03-08,36.0,913.2,8.66,0.16
6643,East,2022-03-09,34.16,617.14,8.3,0.52
6644,East,2022-03-10,36.16,751.77,5.92,0.01
6645,East,2022-03-11,36.06,707.42,6.71,0.13
6646,East,2022-03-12,34.46,837.65,6.6,0.04
6647,East,2022-03-13,38.43,939.23,3.39,0.15
6648,East,2022-03-14,33.73,839.26,4.76,0.38
6649,East,2022-03-15,37.8,1025.24,6.3,0.48
6650,East,2022-03-16,37.5,679.49,6.26,0.1
6651,East,2022-03-17,38.74,686.92,7.25,0.33
6652,East,2022-03-18,35.58,720.78,7.15,0.07
6653,East,2022-03-19,33.7,803.05,3.76,0.0
6654,East,2022-03-20,39.46,712.24,7.16,0.39
6655,East,2022-03-21,34.67,735.21,6.62,0.03
6656,East,2022-03-22,33.74,845.84,7.25,0.02
6657,East,2022-03-23,35.01,697.85,7.88,0.09
6658,East,2022-03-24,33.45,707.01,6.03,0.1
6659,East,2022-03-25,36.49,766.38,8.08,0.02
6660,East,2022-03-26,34.24,774.42,4.85,0.34
6661,East,2022-03-27,34.89,880.0,4.73,0.1
6662,East,2022-03-28,37.41,727.48,6.75,0.13
6663,East,2022-03-29,36.73,742.15,5.52,0.31
6664,East,2022-03-30,35.52,846.46,6.44,0.14
6665,East,2022-03-31,35.84,864.11,9.0,0.29
6666,East,2022-04-01,35.52,914.27,6.56,0.47
6667,East,2022-04-02,34.63,837.39,6.26,0.7
6668,East,2022-04-03,35.48,810.09,4.6,0.11
6669,East,2022-04-04,36.45,845.38,3.32,0.92
6670,East,2022-04-05,35.21,777.6,5.73,0.35
6671,East,2022-04-06,36.28,776.55,7.4,0.0
6672,East,2022-04-07,33.75,656.05,5.28,1.46
6673,East,2022-04-08,34.2,868.81,6.34,0.04
6674,East,2022-04-09,33.91,813.52,7.84,0.01
6675,East,2022-04-10,34.22,857.95,7.77,0.52
6676,East,2022-04-11,37.9,569.61,6.28,0.31
6677,East,2022-04-12,36.74,790.12,5.85,0.02
6678,East,2022-04-13,33.1,724.33,3.29,0.3
6679,East,2022-04-14,36.09,911.74,4.59,0.37
6680,East,2022-04-15,34.39,839.52,5.08,0.47
6681,East,2022-04-16,33.76,807.78,4.19,0.16
6682,East,2022-04-17,32.11,753.06,5.8,0.24
6683,East,2022-04-18,36.97,817.88,8.27,0.29
6684,East,2022-04-19,32.25,710.25,7.64,0.23
6685,East,2022-04-20,34.82,774.85,5.7,1.04
6686,East,2022-04-21,32.97,734.8,6.47,0.16
6687,East,2022-04-22,36.35,960.54,4.18,0.13
6688,East,2022-04-23,34.07,894.88,7.43,1.11
6689,East,2022-04-24,34.4,860.32,2.86,0.08
6690,East,2022-04-25,34.4,653.96,6.54,0.02
6691,East,2022-04-26,35.13,840.14,5.89,0.29
6692,East,2022-04-27,34.48,783.77,3.98,0.05
6693,East,2022-04-28,34.29,864.29,4.77,0.15
6694,East,2022-04-29,33.26,789.8,3.35,0.02
6695,East,2022-04-30,31.06,760.97,3.38,0.19
6696,East,2022-05-01,31.89,777.65,2.6,0.58
6697,East,2022-05-02,35.47,611.85,6.11,0.26
6698,East,2022-05-03,33.33,692.18,6.74,0.05
6699,East,2022-05-04,32.53,780.64,1.66,0.71
6700,East,2022-05-05,30.95,839.06,7.63,0.07
6701,East,2022-05-06,30.22,700.92,4.83,0.57
6702,East,2022-05-07,32.15,738.68,5.25,0.14
6703,East,2022-05-08,35.23,610.78,2.58,0.94
6704,East,2022-05-09,32.24,852.44,6.74,0.07
6705,East,2022-05-10,34.04,821.56,5.04,1.19
6706,East,2022-05-11,31.93,781.33,6.42,0.09
6707,East,2022-05-12,34.3,758.34,6.51,0.02
6708,East,2022-05-13,32.2,846.57,6.66,2.73
6709,East,2022-05-14,30.33,654.47,3.66,0.18
6710,East,2022-05-15,32.13,642.25,4.3,0.28
6711,East,2022-05-16,36.22,796.6,3.67,0.05
6712,East,2022-05-17,36.01,787.53,5.9,0.29
6713,East,2022-05-18,33.27,608.75,5.03,0.35
6714,East,2022-05-19,31.9,657.91,6.12,0.11
6715,East,2022-05-20,32.65,831.67,6.16,0.17
6716,East,2022-05-21,32.55,725.55,1.88,0.71
6717,East,2022-05-22,31.7,751.6,6.47,0.38
6718,East,2022-05-23,32.53,591.86,5.85,0.12
6719,East,2022-05-24,31.93,733.02,3.85,0.22
6720,East,2022-05-25,30.74,562.77,4.91,1.53
6721,East,2022-05-26,28.84,513.75,4.18,0.02
6722,East,2022-05-27,30.17,726.02,5.27,0.18
6723,East,2022-05-28,32.55,778.33,3.77,0.83
6724,East,2022-05-29,30.74,638.92,5.02,0.59
6725,East,2022-05-30,31.26,611.09,4.39,1.79
6726,East,2022-05-31,29.94,787.24,3.62,0.02
6727,East,2022-06-01,28.24,630.3,4.54,1.02
6728,East,2022-06-02,29.73,636.09,8.3,0.19
6729,East,2022-06-03,28.01,772.29,3.19,0.05
6730,East,2022-06-04,27.73,603.87,3.83,0.22
6731,East,2022-06-05,32.16,575.18,3.19,1.94
6732,East,2022-06-06,28.75,688.05,3.33,0.02
6733,East,2022-06-07,27.95,561.13,5.39,2.48
6734,East,2022-06-08,32.51,601.74,5.22,0.51
6735,East,2022-06-09,30.74,502.98,4.13,0.0
6736,East,2022-06-10,28.21,618.52,5.66,2.31
6737,East,2022-06-11,29.64,604.27,5.3,0.59
6738,East,2022-06-12,28.15,671.37,3.86,0.01
6739,East,2022-06-13,27.08,657.59,1.79,0.07
6740,East,2022-06-14,29.25,628.19,5.32,0.09
6741,East,2022-06-15,27.48,610.64,4.33,0.09
6742,East,2022-06-16,28.12,568.25,4.1,0.28
6743,East,2022-06-17,29.84,617.86,3.35,0.09
6744,East,2022-06-18,29.45,475.07,5.16,0.63
6745,East,2022-06-19,26.36,371.08,4.56,1.06
6746,East,2022-06-20,28.26,646.88,3.68,0.08
6747,East,2022-06-21,24.87,602.77,2.19,0.14
6748,East,2022-06-22,27.85,533.58,5.62,0.16
6749,East,2022-06-23,27.08,624.59,4.92,0.17
6750,East,2022-06-24,27.37,474.98,4.4,0.47
6751,East,2022-06-25,25.84,471.92,0.02,0.04
6752,East,2022-06-26,30.44,455.68,3.95,0.01
6753,East,2022-06-27,24.29,563.47,3.64,0.02
6754,East,2022-06-28,27.87,386.27,3.07,0.46
6755,East,2022-06-29,23.69,446.39,5.13,0.07
6756,East,2022-06-30,26.59,525.76,5.07,0.02
6757,East,2022-07-01,26.56,401.09,4.66,0.2
6758,East,2022-07-02,25.35,439.43,5.56,0.02
6759,East,2022-07-03,24.07,310.17,2.47,0.01
6760,East,2022-07-04,25.17,530.4,3.32,0.97
6761,East,2022-07-05,25.25,421.76,4.12,0.18
6762,East,2022-07-06,28.13,383.7,3.08,0.01
6763,East,2022-07-07,22.63,362.9,5.1,0.12
6764,East,2022-07-08,23.09,427.92,3.23,0.11
6765,East,2022-07-09,24.61,329.85,5.97,0.16
6766,East,2022-07-10,23.35,606.55,2.63,0.27
6767,East,2022-07-11,23.5,255.29,7.23,0.07
6768,East,2022-07-12,25.67,404.95,7.08,0.11
6769,East,2022-07-13,17.72,444.5,3.9,0.31
6770,East,2022-07-14,22.0,368.88,5.77,2.56
6771,East,2022-07-15,19.54,442.86,3.46,0.44
6772,East,2022-07-16,20.47,356.93,5.59,0.13
6773,East,2022-07-17,27.5,538.34,3.82,0.15
6774,East,2022-07-18,23.72,321.48,2.16,0.15
6775,East,2022-07-19,24.27,217.97,0.0,2.03
6776,East,2022-07-20,22.04,297.3,3.71,0.37
6777,East,2022-07-21,23.56,427.24,4.54,0.07
6778,East,2022-07-22,18.34,382.05,6.13,0.04
6779,East,2022-07-23,23.79,446.86,4.2,0.1
6780,East,2022-07-24,19.92,422.06,5.67,0.07
6781,East,2022-07-25,20.34,326.29,3.49,0.6
6782,East,2022-07-26,22.25,333.37,3.68,0.06
6783,East,2022-07-27,21.72,337.02,5.79,0.04
6784,East,2022-07-28,21.1,513.98,0.52,0.46
6785,East,2022-07-29,18.06,413.92,4.26,0.09
6786,East,2022-07-30,20.83,505.45,3.65,0.06
6787,East,2022-07-31,22.4,416.89,6.31,0.12
6788,East,2022-08-01,19.27,340.09,3.49,0.18
6789,East,2022-08-02,22.82,259.23,5.08,0.08
6790,East,2022-08-03,18.3,352.55,5.71,0.14
6791,East,2022-08-04,19.91,327.25,2.1,0.04
6792,East,2022-08-05,22.83,320.38,4.15,0.17
6793,East,2022-08-06,18.25,306.94,3.73,0.1
6794,East,2022-08-07,21.59,155.32,5.82,0.38
6795,East,2022-08-08,23.29,416.28,5.44,0.11
6796,East,2022-08-09,19.55,307.33,4.1,0.12
6797,East,2022-08-10,18.02,194.24,2.9,0.18
6798,East,2022-08-11,17.4,341.99,6.05,0.03
6799,East,2022-08-12,21.42,231.11,4.41,0.03
6800,East,2022-08-13,21.24,340.74,2.11,0.31
6801,East,2022-08-14,21.46,362.55,2.26,0.06
6802,East,2022-08-15,18.37,369.9,5.24,0.23
6803,East,2022-08-16,20.39,271.82,2.69,0.02
6804,East,2022-08-17,18.1,248.03,7.42,0.35
6805,East,2022-08-18,16.32,227.59,3.25,0.89
6806,East,2022-08-19,20.22,216.4,4.68,0.09
6807,East,2022-08-20,21.12,269.46,4.95,0.14
6808,East,2022-08-21,15.7,250.79,3.64,0.12
6809,East,2022-08-22,15.56,198.28,1.4,0.45
6810,East,2022-08-23,17.61,169.64,5.08,0.0
6811,East,2022-08-24,19.34,249.36,3.69,0.21
6812,East,2022-08-25,15.06,220.3,5.02,0.21
6813,East,2022-08-26,17.68,160.78,4.69,0.1
6814,East,2022-08-27,15.95,315.67,5.3,0.05
6815,East,2022-08-28,18.44,388.19,7.27,0.05
6816,East,2022-08-29,15.36,320.71,4.14,0.32
6817,East,2022-08-30,18.41,183.44,4.29,0.01
6818,East,2022-08-31,16.46,234.47,2.52,0.17
6819,East,2022-09-01,14.82,359.23,4.76,0.07
6820,East,2022-09-02,16.74,139.69,5.7,0.06
6821,East,2022-09-03,12.66,293.86,4.39,0.14
6822,East,2022-09-04,15.34,113.15,5.77,2.28
6823,East,2022-09-05,17.06,361.54,4.91,0.19
6824,East,2022-09-06,12.77,190.3,3.25,1.55
6825,East,2022-09-07,11.11,401.04,5.7,0.18
6826,East,2022-09-08,11.51,359.03,4.96,0.24
6827,East,2022-09-09,18.78,210.42,5.48,0.11
6828,East,2022-09-10,15.91,159.62,4.48,0.52
6829,East,2022-09-11,14.95,231.07,4.38,0.14
6830,East,2022-09-12,17.85,199.48,5.63,0.16
6831,East,2022-09-13,15.1,180.26,5.09,0.15
6832,East,2022-09-14,16.4,78.31,8.05,0.08
6833,East,2022-09-15,15.87,168.45,6.7,0.05
6834,East,2022-09-16,14.83,119.53,6.35,0.08
6835,East,2022-09-17,16.32,251.33,5.3,0.25
6836,East,2022-09-18,17.24,285.4,2.56,0.07
6837,East,2022-09-19,15.29,264.38,4.42,0.49
6838,East,2022-09-20,14.71,231.61,4.69,0.5
6839,East,2022-09-21,14.92,135.16,5.29,0.84
6840,East,2022-09-22,10.99,219.1,5.68,0.02
6841,East,2022-09-23,16.13,265.44,6.75,0.32
6842,East,2022-09-24,13.12,154.57,6.21,0.06
6843,East,2022-09-25,16.79,210.52,7.58,0.16
6844,East,2022-09-26,15.33,188.99,5.4,0.14
6845,East,2022-09-27,15.72,333.33,6.29,0.05
6846,East,2022-09-28,16.9,268.26,6.46,0.02
6847,East,2022-09-29,13.64,248.76,6.34,0.05
6848,East,2022-09-30,16.23,62.67,7.93,0.02
6849,East,2022-10-01,16.03,213.9,7.25,0.06
6850,East,2022-10-02,15.13,187.82,4.1,1.18
6851,East,2022-10-03,13.65,187.38,5.94,0.1
6852,East,2022-10-04,16.71,75.73,6.13,0.4
6853,East,2022-10-05,16.94,114.2,9.41,0.16
6854,East,2022-10-06,15.78,196.29,5.72,1.1
6855,East,2022-10-07,13.43,291.48,4.78,0.17
6856,East,2022-10-08,14.54,155.78,6.94,0.06
6857,East,2022-10-09,15.5,171.8,7.06,0.71
6858,East,2022-10-10,17.03,347.15,6.24,0.43
6859,East,2022-10-11,12.51,181.86,6.05,0.01
6860,East,2022-10-12,14.59,196.34,7.84,0.14
6861,East,2022-10-13,14.95,198.55,5.17,0.01
6862,East,2022-10-14,15.63,101.34,5.97,0.12
6863,East,2022-10-15,13.23,256.02,5.74,0.2
6864,East,2022-10-16,15.45,159.43,8.19,0.27
6865,East,2022-10-17,15.31,210.72,7.01,0.03
6866,East,2022-10-18,13.91,250.23,5.02,0.04
6867,East,2022-10-19,15.8,371.73,5.2,0.13
6868,East,2022-10-20,15.01,112.62,9.49,1.25
6869,East,2022-10-21,17.15,289.05,8.34,0.09
6870,East,2022-10-22,14.45,291.24,8.01,0.11
6871,East,2022-10-23,16.46,172.65,6.8,0.57
6872,East,2022-10-24,14.74,273.72,9.07,0.02
6873,East,2022-10-25,15.22,359.37,5.19,1.49
6874,East,2022-10-26,17.09,168.91,8.0,0.06
6875,East,2022-10-27,17.04,251.72,6.24,0.24
6876,East,2022-10-28,15.82,267.16,6.56,0.13
6877,East,2022-10-29,16.2,279.97,8.05,0.19
6878,East,2022-10-30,13.91,301.31,6.78,0.01
6879,East,2022-10-31,19.71,255.68,6.37,0.44
6880,East,2022-11-01,18.37,286.13,6.31,0.06
6881,East,2022-11-02,18.39,174.9,4.1,0.22
6882,East,2022-11-03,13.99,263.77,8.26,0.32
6883,East,2022-11-04,16.09,215.45,5.63,0.16
6884,East,2022-11-05,16.71,158.15,9.96,0.08
6885,East,2022-11-06,13.62,218.86,6.76,0.76
6886,East,2022-11-07,19.36,284.27,9.19,0.33
6887,East,2022-11-08,20.6,300.78,4.54,0.59
6888,East,2022-11-09,21.92,167.7,8.37,0.03
6889,East,2022-11-10,15.82,197.49,8.79,0.1
6890,East,2022-11-11,18.26,333.88,9.29,0.03
6891,East,2022-11-12,20.79,320.03,5.06,0.0
6892,East,2022-11-13,17.75,353.88,6.33,0.06
6893,East,2022-11-14,17.24,395.93,8.27,0.02
6894,East,2022-11-15,14.77,333.19,7.65,0.86
6895,East,2022-11-16,20.89,260.7,7.89,0.29
6896,East,2022-11-17,18.71,306.85,6.94,0.0
6897,East,2022-11-18,17.42,434.3,9.83,0.05
6898,East,2022-11-19,19.58,526.57,11.43,0.22
6899,East,2022-11-20,19.45,346.42,7.7,0.1
6900,East,2022-11-21,19.61,356.23,8.25,0.36
6901,East,2022-11-22,18.98,375.51,7.67,0.14
6902,East,2022-11-23,22.79,323.49,9.53,0.21
6903,East,2022-11-24,19.42,418.87,8.87,0.18
6904,East,2022-11-25,23.07,410.63,6.05,0.2
6905,East,2022-11-26,21.1,362.62,6.75,0.05
6906,East,2022-11-27,20.82,313.16,6.17,0.09
6907,East,2022-11-28,20.03,221.32,11.75,0.01
6908,East,2022-11-29,22.36,405.99,8.67,0.18
6909,East,2022-11-30,20.78,368.9,6.85,0.12
6910,East,2022-12-01,18.84,297.36,6.74,0.29
6911,East,2022-12-02,18.93,270.54,8.98,0.05
6912,East,2022-12-03,21.86,418.45,9.15,0.11
6913,East,2022-12-04,19.35,242.07,9.0,0.04
6914,East,2022-12-05,21.2,398.81,7.18,0.19
6915,East,2022-12-06,23.59,447.04,8.29,1.88
6916,East,2022-12-07,22.25,428.29,8.01,0.29
6917,East,2022-12-08,20.35,357.82,6.45,0.58
6918,East,2022-12-09,24.78,293.95,6.48,0.71
6919,East,2022-12-10,23.21,445.7,8.5,1.48
6920,East,2022-12-11,24.32,499.66,8.19,0.07
6921,East,2022-12-12,17.91,362.7,8.73,0.05
6922,East,2022-12-13,23.27,454.01,9.1,0.12
6923,East,2022-12-14,24.46,544.93,10.17,1.02
6924,East,2022-12-15,26.34,450.5,6.77,0.11
6925,East,2022-12-16,20.18,396.65,8.89,0.22
6926,East,2022-12-17,25.69,516.69,9.07,0.58
6927,East,2022-12-18,26.73,379.46,7.49,0.1
6928,East,2022-12-19,19.58,339.68,8.15,0.23
6929,East,2022-12-20,24.74,513.6,7.54,0.31
6930,East,2022-12-21,25.19,421.21,11.14,0.37
6931,East,2022-12-22,23.47,433.49,8.14,0.34
6932,East,2022-12-23,23.31,413.78,8.66,0.36
6933,East,2022-12-24,25.8,431.24,7.59,0.22
6934,East,2022-12-25,23.4,586.45,7.27,0.1
6935,East,2022-12-26,24.37,612.36,6.04,0.22
6936,East,2022-12-27,26.6,628.11,9.65,0.36
6937,East,2022-12-28,28.66,576.88,9.15,0.09
6938,East,2022-12-29,26.4,532.14,7.55,0.07
6939,East,2022-12-30,25.76,385.42,6.65,0.08
6940,East,2022-12-31,24.63,490.16,8.27,0.16
6941,East,2023-01-01,23.82,682.87,7.25,0.05
6942,East,2023-01-02,28.23,480.64,7.66,0.3
6943,East,2023-01-03,25.88,641.77,6.1,0.03
6944,East,2023-01-04,28.66,530.19,8.32,0.14
6945,East,2023-01-05,25.87,316.68,8.34,0.04
6946,East,2023-01-06,25.4,587.3,9.63,0.17
6947,East,2023-01-07,27.71,642.48,7.75,0.07
6948,East,2023-01-08,26.88,542.37,7.48,0.09
6949,East,2023-01-09,24.8,650.03,5.64,2.68
6950,East,2023-01-10,31.01,423.04,9.62,0.38
6951,East,2023-01-11,26.29,450.69,9.3,1.91
6952,East,2023-01-12,29.57,582.97,7.99,0.17
6953,East,2023-01-13,29.56,609.77,5.95,0.4
6954,East,2023-01-14,25.53,685.13,6.11,0.3
6955,East,2023-01-15,26.21,632.7,7.1,0.61
6956,East,2023-01-16,27.78,491.05,9.36,0.01
6957,East,2023-01-17,26.81,608.52,8.34,0.01
6958,East,2023-01-18,32.16,644.44,5.65,0.04
6959,East,2023-01-19,28.47,451.32,8.49,0.53
6960,East,2023-01-20,30.81,602.61,6.61,0.19
6961,East,2023-01-21,30.22,584.07,7.07,0.11
6962,East,2023-01-22,29.88,563.32,9.3,0.14
6963,East,2023-01-23,29.59,660.35,8.98,0.35
6964,East,2023-01-24,32.14,533.18,9.46,0.53
6965,East,2023-01-25,28.17,663.18,7.77,0.26
6966,East,2023-01-26,33.43,679.23,9.11,0.29
6967,East,2023-01-27,27.56,725.77,6.89,0.08
6968,East,2023-01-28,31.84,553.75,7.37,0.13
6969,East,2023-01-29,27.62,527.71,7.25,2.16
6970,East,2023-01-30,29.95,674.91,7.76,0.31
6971,East,2023-01-31,30.91,634.12,5.77,0.23
6972,East,2023-02-01,29.9,893.61,7.35,0.01
6973,East,2023-02-02,30.66,702.41,9.84,0.01
6974,East,2023-02-03,28.39,674.66,6.01,0.03
6975,East,2023-02-04,29.33,660.41,5.63,0.17
6976,East,2023-02-05,32.44,580.97,5.73,0.15
6977,East,2023-02-06,31.64,727.65,11.58,0.57
6978,East,2023-02-07,30.33,680.28,8.26,0.24
6979,East,2023-02-08,34.5,684.36,7.14,0.07
6980,East,2023-02-09,29.54,702.14,7.62,0.04
6981,East,2023-02-10,31.39,716.19,7.84,0.38
6982,East,2023-02-11,31.23,563.19,6.52,0.12
6983,East,2023-02-12,33.59,773.08,6.68,0.21
6984,East,2023-02-13,32.58,642.12,7.19,0.83
6985,East,2023-02-14,32.39,702.45,6.32,0.02
6986,East,2023-02-15,29.04,819.97,6.78,0.01
6987,East,2023-02-16,34.58,862.98,7.88,0.47
6988,East,2023-02-17,32.53,588.05,5.83,0.09
6989,East,2023-02-18,33.31,729.91,11.22,0.22
6990,East,2023-02-19,31.69,752.66,8.41,0.2
6991,East,2023-02-20,31.49,613.49,5.35,0.69
6992,East,2023-02-21,36.4,801.49,3.51,0.39
6993,East,2023-02-22,29.96,749.71,6.17,0.14
6994,East,2023-02-23,31.5,758.99,8.2,0.69
6995,East,2023-02-24,36.67,673.04,7.88,1.12
6996,East,2023-02-25,35.09,782.38,6.95,0.02
6997,East,2023-02-26,33.25,819.24,6.18,1.82
6998,East,2023-02-27,36.49,765.13,5.7,0.15
6999,East,2023-02-28,34.98,716.51,6.42,0.48
7000,East,2023-03-01,34.63,725.35,5.48,0.68
7001,East,2023-03-02,34.7,780.4,6.37,0.17
7002,East,2023-03-03,35.27,769.12,8.93,0.02
7003,East,2023-03-04,35.43,839.98,5.75,0.17
7004,East,2023-03-05,38.88,731.47,7.79,0.18
7005,East,2023-03-06,34.17,674.63,7.99,0.31
7006,East,2023-03-07,34.31,802.99,5.19,0.01
7007,East,2023-03-08,32.23,738.09,5.51,0.13
7008,East,2023-03-09,34.67,840.96,8.35,0.51
7009,East,2023-03-10,38.56,780.75,5.33,0.95
7010,East,2023-03-11,36.86,834.34,6.6,0.21
7011,East,2023-03-12,33.86,702.53,9.71,0.41
7012,East,2023-03-13,35.06,796.79,8.09,0.03
7013,East,2023-03-14,32.46,730.93,6.71,0.37
7014,East,2023-03-15,33.17,690.71,7.81,0.06
7015,East,2023-03-16,35.45,720.83,6.44,0.64
7016,East,2023-03-17,34.21,747.46,8.01,0.24
7017,East,2023-03-18,33.15,891.81,3.38,0.1
7018,East,2023-03-19,36.25,747.68,6.21,0.07
7019,East,2023-03-20,35.14,692.67,3.26,0.27
7020,East,2023-03-21,32.2,805.86,6.59,0.23
7021,East,2023-03-22,31.22,798.54,5.96,2.26
7022,East,2023-03-23,34.25,757.62,8.32,0.28
7023,East,2023-03-24,32.24,784.77,7.32,0.36
7024,East,2023-03-25,31.7,876.36,5.43,0.3
7025,East,2023-03-26,37.71,852.43,5.57,0.77
7026,East,2023-03-27,35.27,845.94,6.72,0.28
7027,East,2023-03-28,34.95,704.84,5.25,0.05
7028,East,2023-03-29,35.11,1030.7,6.03,0.31
7029,East,2023-03-30,33.22,884.03,8.02,0.08
7030,East,2023-03-31,36.32,841.36,4.76,1.09
7031,East,2023-04-01,35.23,706.83,5.3,0.09
7032,East,2023-04-02,33.97,875.68,5.48,0.07
7033,East,2023-04-03,34.27,759.57,10.64,0.05
7034,East,2023-04-04,33.02,783.83,6.78,0.21
7035,East,2023-04-05,34.65,664.54,7.53,0.02
7036,East,2023-04-06,34.97,699.21,6.95,0.61
7037,East,2023-04-07,34.56,833.06,7.02,0.07
7038,East,2023-04-08,35.52,877.83,6.44,0.35
7039,East,2023-04-09,35.22,851.4,6.25,0.01
7040,East,2023-04-10,35.82,847.85,3.49,0.06
7041,East,2023-04-11,37.21,789.7,6.17,0.11
7042,East,2023-04-12,36.48,761.35,5.44,0.09
7043,East,2023-04-13,37.16,815.91,6.38,0.06
7044,East,2023-04-14,33.52,857.35,5.42,0.01
7045,East,2023-04-15,34.16,790.77,6.64,0.07
7046,East,2023-04-16,36.44,885.86,6.87,0.3
7047,East,2023-04-17,36.42,770.41,1.06,0.12
7048,East,2023-04-18,33.67,707.68,4.75,0.07
7049,East,2023-04-19,36.2,783.68,2.58,0.07
7050,East,2023-04-20,33.03,791.31,5.69,0.81
7051,East,2023-04-21,35.82,774.5,4.85,0.07
7052,East,2023-04-22,34.75,881.67,7.3,0.2
7053,East,2023-04-23,31.97,841.71,5.55,0.91
7054,East,2023-04-24,33.8,660.8,4.48,0.01
7055,East,2023-04-25,38.96,895.93,6.58,0.04
7056,East,2023-04-26,34.93,551.69,4.66,0.04
7057,East,2023-04-27,39.05,940.83,4.36,0.59
7058,East,2023-04-28,31.49,743.43,5.67,0.01
7059,East,2023-04-29,35.8,748.84,7.47,0.13
7060,East,2023-04-30,29.14,756.71,6.3,0.53
7061,East,2023-05-01,34.12,789.76,5.84,0.0
7062,East,2023-05-02,35.3,756.28,9.09,0.45
7063,East,2023-05-03,35.62,742.9,3.83,0.29
7064,East,2023-05-04,32.25,855.49,3.77,0.03
7065,East,2023-05-05,35.84,793.15,5.09,0.02
7066,East,2023-05-06,32.59,668.26,7.12,0.2
7067,East,2023-05-07,33.23,801.2,3.4,0.0
7068,East,2023-05-08,32.59,780.78,7.42,0.32
7069,East,2023-05-09,31.08,692.07,2.6,0.01
7070,East,2023-05-10,36.38,795.84,4.55,0.15
7071,East,2023-05-11,33.23,716.56,4.97,0.27
7072,East,2023-05-12,35.2,708.07,3.36,0.28
7073,East,2023-05-13,35.0,702.45,3.73,0.02
7074,East,2023-05-14,30.85,524.62,5.83,0.04
7075,East,2023-05-15,35.1,673.17,6.77,0.39
7076,East,2023-05-16,33.56,768.73,1.41,0.24
7077,East,2023-05-17,30.35,706.19,4.83,0.04
7078,East,2023-05-18,33.2,601.42,4.37,0.25
7079,East,2023-05-19,30.13,777.59,4.67,0.25
7080,East,2023-05-20,35.26,672.66,4.01,1.22
7081,East,2023-05-21,33.54,594.89,2.53,0.1
7082,East,2023-05-22,31.64,865.11,6.76,0.4
7083,East,2023-05-23,34.18,600.33,6.16,0.12
7084,East,2023-05-24,28.35,750.85,4.25,0.46
7085,East,2023-05-25,29.87,614.79,3.65,0.02
7086,East,2023-05-26,30.73,683.0,3.45,0.04
7087,East,2023-05-27,35.56,595.7,0.46,0.38
7088,East,2023-05-28,28.81,564.43,4.85,0.34
7089,East,2023-05-29,27.39,701.0,5.48,0.07
7090,East,2023-05-30,27.77,687.24,4.49,0.18
7091,East,2023-05-31,32.32,741.94,4.14,0.1
7092,East,2023-06-01,29.17,643.13,4.45,0.0
7093,East,2023-06-02,29.89,818.98,2.96,0.03
7094,East,2023-06-03,31.58,658.24,3.47,0.01
7095,East,2023-06-04,29.58,677.5,3.96,0.9
7096,East,2023-06-05,30.15,518.83,5.23,0.07
7097,East,2023-06-06,30.66,573.68,6.24,0.03
7098,East,2023-06-07,28.57,659.65,3.82,0.57
7099,East,2023-06-08,28.94,606.57,2.58,0.03
7100,East,2023-06-09,29.6,623.53,4.19,0.22
7101,East,2023-06-10,30.69,538.36,7.14,2.25
7102,East,2023-06-11,27.2,608.58,2.67,0.04
7103,East,2023-06-12,22.58,603.42,5.43,0.05
7104,East,2023-06-13,29.82,494.58,6.09,0.17
7105,East,2023-06-14,30.15,635.47,3.54,0.14
7106,East,2023-06-15,28.53,443.09,3.02,0.15
7107,East,2023-06-16,28.5,588.85,4.92,0.16
7108,East,2023-06-17,26.67,710.34,4.58,0.6
7109,East,2023-06-18,28.63,618.5,5.09,0.01
7110,East,2023-06-19,29.17,612.95,7.15,0.29
7111,East,2023-06-20,27.4,482.14,4.28,0.05
7112,East,2023-06-21,32.1,690.37,2.24,0.09
7113,East,2023-06-22,23.82,653.88,4.12,0.02
7114,East,2023-06-23,27.11,471.14,4.38,0.12
7115,East,2023-06-24,24.26,495.52,5.91,1.63
7116,East,2023-06-25,28.2,628.73,3.71,0.02
7117,East,2023-06-26,23.1,666.91,3.39,0.06
7118,East,2023-06-27,23.43,416.89,1.95,0.09
7119,East,2023-06-28,24.66,432.61,4.82,0.02
7120,East,2023-06-29,26.28,496.24,9.02,0.29
7121,East,2023-06-30,24.39,328.89,3.67,0.31
7122,East,2023-07-01,24.24,498.94,4.68,1.81
7123,East,2023-07-02,24.87,587.11,3.18,0.18
7124,East,2023-07-03,24.58,372.0,2.08,0.14
7125,East,2023-07-04,27.87,492.1,4.65,0.06
7126,East,2023-07-05,26.09,430.24,4.05,0.21
7127,East,2023-07-06,23.9,602.83,0.43,0.12
7128,East,2023-07-07,28.57,420.92,6.43,0.71
7129,East,2023-07-08,25.19,582.89,4.64,0.69
7130,East,2023-07-09,22.1,408.46,4.13,0.47
7131,East,2023-07-10,24.38,512.85,3.39,0.09
7132,East,2023-07-11,24.77,466.23,4.64,0.09
7133,East,2023-07-12,22.15,429.94,4.72,0.38
7134,East,2023-07-13,21.25,372.7,4.65,1.31
7135,East,2023-07-14,23.36,456.76,5.66,0.24
7136,East,2023-07-15,22.3,390.65,6.0,0.07
7137,East,2023-07-16,25.82,365.72,7.08,1.79
7138,East,2023-07-17,24.17,533.75,2.82,0.17
7139,East,2023-07-18,21.25,454.79,3.23,0.12
7140,East,2023-07-19,23.21,457.56,4.64,0.4
7141,East,2023-07-20,24.73,369.85,2.94,0.1
7142,East,2023-07-21,19.25,381.44,3.2,0.21
7143,East,2023-07-22,19.83,371.6,4.85,0.13
7144,East,2023-07-23,21.69,413.67,5.5,0.18
7145,East,2023-07-24,21.63,433.27,6.08,0.01
7146,East,2023-07-25,21.3,374.77,3.89,0.12
7147,East,2023-07-26,20.62,309.09,4.88,0.16
7148,East,2023-07-27,20.44,428.69,4.57,0.14
7149,East,2023-07-28,21.7,365.9,4.25,0.38
7150,East,2023-07-29,23.05,243.39,3.01,0.37
7151,East,2023-07-30,19.67,183.29,2.84,0.43
7152,East,2023-07-31,25.36,373.46,5.27,0.52
7153,East,2023-08-01,24.25,278.82,3.04,0.24
7154,East,2023-08-02,22.85,375.27,1.64,0.02
7155,East,2023-08-03,21.29,274.38,4.28,0.04
7156,East,2023-08-04,23.91,342.78,6.53,0.29
7157,East,2023-08-05,19.18,297.6,0.17,0.0
7158,East,2023-08-06,17.95,463.82,3.95,0.69
7159,East,2023-08-07,18.43,395.54,5.42,0.04
7160,East,2023-08-08,17.34,423.2,1.69,0.46
7161,East,2023-08-09,19.45,313.29,4.12,0.15
7162,East,2023-08-10,19.67,373.17,2.76,0.17
7163,East,2023-08-11,19.34,310.79,2.98,0.02
7164,East,2023-08-12,18.79,417.15,3.91,0.09
7165,East,2023-08-13,18.95,289.96,2.85,0.03
7166,East,2023-08-14,22.03,180.22,2.75,0.15
7167,East,2023-08-15,19.68,128.44,4.49,0.16
7168,East,2023-08-16,20.16,418.16,7.95,0.25
7169,East,2023-08-17,18.58,319.41,5.77,0.42
7170,East,2023-08-18,14.85,321.17,6.17,0.13
7171,East,2023-08-19,14.34,393.37,5.88,0.05
7172,East,2023-08-20,22.02,138.69,3.66,0.08
7173,East,2023-08-21,16.68,238.85,5.2,0.38
7174,East,2023-08-22,16.4,245.42,6.41,0.03
7175,East,2023-08-23,18.02,320.53,6.03,0.2
7176,East,2023-08-24,18.53,202.64,5.11,0.0
7177,East,2023-08-25,18.68,158.93,5.63,0.06
7178,East,2023-08-26,20.78,155.27,8.57,0.18
7179,East,2023-08-27,20.14,341.18,6.16,0.61
7180,East,2023-08-28,15.42,187.02,4.46,0.14
7181,East,2023-08-29,18.89,199.54,4.85,0.22
7182,East,2023-08-30,16.09,291.82,3.41,0.05
7183,East,2023-08-31,16.5,182.57,8.54,0.07
7184,East,2023-09-01,14.51,99.6,7.46,1.15
7185,East,2023-09-02,13.23,107.05,5.21,0.77
7186,East,2023-09-03,16.47,226.7,8.38,0.0
7187,East,2023-09-04,14.55,268.78,6.09,0.22
7188,East,2023-09-05,18.24,210.64,4.53,0.19
7189,East,2023-09-06,15.76,259.16,6.56,0.02
7190,East,2023-09-07,16.87,93.69,5.83,0.28
7191,East,2023-09-08,18.92,97.16,6.53,0.15
7192,East,2023-09-09,13.15,399.25,3.25,0.05
7193,East,2023-09-10,14.62,315.79,4.12,0.16
7194,East,2023-09-11,16.37,277.01,7.6,0.18
7195,East,2023-09-12,16.58,161.12,7.94,0.51
7196,East,2023-09-13,18.11,193.34,7.55,0.27
7197,East,2023-09-14,17.59,210.82,8.79,0.36
7198,East,2023-09-15,16.01,314.77,6.36,0.03
7199,East,2023-09-16,16.38,240.59,6.29,0.38
7200,East,2023-09-17,16.4,249.27,4.19,0.37
7201,East,2023-09-18,12.76,192.7,4.73,0.04
7202,East,2023-09-19,15.35,268.54,2.65,0.01
7203,East,2023-09-20,16.13,228.4,5.18,0.25
7204,East,2023-09-21,16.52,206.92,2.61,0.26
7205,East,2023-09-22,13.73,143.22,7.36,0.04
7206,East,2023-09-23,13.02,192.94,6.35,0.22
7207,East,2023-09-24,15.07,115.11,2.76,0.07
7208,East,2023-09-25,19.46,197.79,5.55,0.06
7209,East,2023-09-26,13.88,207.74,8.82,0.08
7210,East,2023-09-27,17.85,7.97,5.72,0.15
7211,East,2023-09-28,18.67,181.71,4.44,0.33
7212,East,2023-09-29,15.59,105.95,3.3,0.14
7213,East,2023-09-30,14.13,239.89,3.38,0.07
7214,East,2023-10-01,16.52,251.04,6.85,0.43
7215,East,2023-10-02,15.89,166.12,5.43,0.01
7216,East,2023-10-03,13.79,244.39,5.59,0.32
7217,East,2023-10-04,14.2,248.09,5.5,0.31
7218,East,2023-10-05,16.44,182.85,5.97,0.06
7219,East,2023-10-06,17.42,324.48,4.37,0.04
7220,East,2023-10-07,14.93,144.33,6.72,0.42
7221,East,2023-10-08,15.46,320.73,4.15,0.82
7222,East,2023-10-09,16.96,185.78,5.18,0.01
7223,East,2023-10-10,15.3,137.19,7.87,0.44
7224,East,2023-10-11,15.08,177.48,6.95,0.09
7225,East,2023-10-12,14.2,118.69,7.45,0.08
7226,East,2023-10-13,14.21,270.53,9.68,0.21
7227,East,2023-10-14,21.13,80.76,6.4,0.22
7228,East,2023-10-15,15.44,321.45,6.55,0.09
7229,East,2023-10-16,18.61,136.79,6.16,0.03
7230,East,2023-10-17,19.3,280.06,5.92,0.16
7231,East,2023-10-18,15.62,216.62,5.1,0.2
7232,East,2023-10-19,16.77,237.99,6.78,0.39
7233,East,2023-10-20,16.3,170.84,7.22,0.13
7234,East,2023-10-21,12.93,248.07,7.33,0.21
7235,East,2023-10-22,13.11,232.54,6.84,0.01
7236,East,2023-10-23,16.38,107.08,8.17,0.45
7237,East,2023-10-24,15.5,148.76,6.86,0.08
7238,East,2023-10-25,20.21,184.62,6.23,0.2
7239,East,2023-10-26,16.02,169.71,5.48,0.5
7240,East,2023-10-27,20.48,332.63,4.58,0.33
7241,East,2023-10-28,15.7,235.34,9.13,1.02
7242,East,2023-10-29,20.56,174.94,5.92,0.24
7243,East,2023-10-30,17.83,200.5,5.61,0.51
7244,East,2023-10-31,18.03,202.01,6.4,0.33
7245,East,2023-11-01,15.97,222.01,6.64,0.19
7246,East,2023-11-02,18.24,161.79,9.54,0.22
7247,East,2023-11-03,20.57,185.53,6.62,0.03
7248,East,2023-11-04,16.99,314.89,11.09,0.13
7249,East,2023-11-05,16.7,271.37,7.26,0.07
7250,East,2023-11-06,16.99,247.4,10.28,0.11
7251,East,2023-11-07,20.82,262.93,8.56,0.22
7252,East,2023-11-08,19.4,262.27,7.79,0.03
7253,East,2023-11-09,20.7,252.45,9.64,0.0
7254,East,2023-11-10,18.54,313.88,8.99,0.1
7255,East,2023-11-11,18.1,311.36,8.28,0.08
7256,East,2023-11-12,18.99,153.63,10.83,0.11
7257,East,2023-11-13,20.4,272.38,6.63,0.54
7258,East,2023-11-14,17.88,166.04,5.91,0.25
7259,East,2023-11-15,21.24,341.01,6.42,0.08
7260,East,2023-11-16,19.36,355.3,10.08,0.04
7261,East,2023-11-17,13.94,248.8,9.65,0.96
7262,East,2023-11-18,20.64,292.17,6.71,0.21
7263,East,2023-11-19,16.46,136.5,3.99,0.13
7264,East,2023-11-20,20.86,387.19,7.24,0.05
7265,East,2023-11-21,21.08,370.16,6.05,0.01
7266,East,2023-11-22,20.07,409.46,6.85,0.06
7267,East,2023-11-23,20.63,440.51,6.03,0.12
7268,East,2023-11-24,21.88,227.83,5.21,0.31
7269,East,2023-11-25,18.84,401.03,10.47,0.38
7270,East,2023-11-26,21.56,452.61,6.64,0.11
7271,East,2023-11-27,22.44,219.03,9.8,0.32
7272,East,2023-11-28,23.78,329.28,7.37,1.0
7273,East,2023-11-29,18.2,318.33,6.03,0.25
7274,East,2023-11-30,21.37,420.3,8.5,0.26
7275,East,2023-12-01,18.78,164.86,7.17,0.48
7276,East,2023-12-02,18.85,506.21,7.46,0.08
7277,East,2023-12-03,21.73,356.53,8.01,0.0
7278,East,2023-12-04,21.32,443.45,6.58,0.87
7279,East,2023-12-05,23.61,370.02,5.39,0.13
7280,East,2023-12-06,20.79,418.92,7.75,0.31
7281,East,2023-12-07,21.37,198.59,9.29,0.33
7282,East,2023-12-08,22.22,358.29,6.51,0.1
7283,East,2023-12-09,20.23,461.72,8.1,0.16
7284,East,2023-12-10,20.67,421.84,10.14,0.16
7285,East,2023-12-11,24.51,272.67,7.76,0.05
7286,East,2023-12-12,21.35,413.44,8.03,0.03
7287,East,2023-12-13,24.97,347.96,8.0,0.16
7288,East,2023-12-14,23.99,345.98,6.9,0.03
7289,East,2023-12-15,19.85,301.74,6.44,0.08
7290,East,2023-12-16,24.17,477.89,6.46,0.04
7291,East,2023-12-17,24.32,522.46,8.5,1.23
7292,East,2023-12-18,24.29,608.08,9.09,0.41
7293,East,2023-12-19,23.33,325.61,9.17,0.17
7294,East,2023-12-20,21.9,510.0,7.4,0.11
7295,East,2023-12-21,26.64,520.36,9.62,1.14
7296,East,2023-12-22,23.92,412.38,8.44,0.0
7297,East,2023-12-23,22.53,390.53,8.09,0.07
7298,East,2023-12-24,25.38,382.21,2.98,0.07
7299,East,2023-12-25,23.15,432.02,6.77,0.44
7300,East,2023-12-26,22.91,495.57,5.71,0.05
7301,East,2023-12-27,24.23,593.32,8.94,0.31
7302,East,2023-12-28,23.82,578.1,8.14,0.3
7303,East,2023-12-29,23.5,365.6,6.39,0.7
7304,East,2023-12-30,27.11,436.89,8.46,0.1
7305,East,2023-12-31,25.44,609.14,5.86,0.2
7306,East,2024-01-01,28.34,451.84,6.43,0.14
7307,East,2024-01-02,24.3,510.93,6.93,0.04
7308,East,2024-01-03,22.73,384.22,8.81,0.33
7309,East,2024-01-04,26.65,618.03,10.09,0.13
7310,East,2024-01-05,30.24,377.91,7.11,0.03
7311,East,2024-01-06,27.76,404.64,9.97,0.04
7312,East,2024-01-07,33.3,625.25,8.05,0.32
7313,East,2024-01-08,27.7,699.9,8.33,0.24
7314,East,2024-01-09,27.68,528.14,7.87,0.71
7315,East,2024-01-10,23.07,552.72,7.67,0.07
7316,East,2024-01-11,28.4,634.19,8.62,0.12
7317,East,2024-01-12,28.05,589.73,9.06,0.2
7318,East,2024-01-13,27.07,541.74,6.62,0.42
7319,East,2024-01-14,27.77,537.77,7.65,0.16
7320,East,2024-01-15,28.08,456.24,10.43,0.32
7321,East,2024-01-16,28.02,605.18,8.18,0.01
7322,East,2024-01-17,32.72,584.12,8.33,0.04
7323,East,2024-01-18,27.97,561.35,9.64,0.21
7324,East,2024-01-19,29.21,521.11,7.13,0.03
7325,East,2024-01-20,28.22,534.06,7.82,0.13
7326,East,2024-01-21,30.76,660.39,9.08,0.24
7327,East,2024-01-22,29.7,686.23,9.7,0.07
7328,East,2024-01-23,28.95,594.28,4.28,0.22
7329,East,2024-01-24,25.81,590.56,6.71,0.17
7330,East,2024-01-25,30.31,561.54,6.31,0.12
7331,East,2024-01-26,29.36,709.41,7.6,0.46
7332,East,2024-01-27,30.01,641.54,6.39,0.24
7333,East,2024-01-28,27.92,673.05,8.75,0.09
7334,East,2024-01-29,33.3,676.81,8.0,0.33
7335,East,2024-01-30,32.29,627.99,9.06,0.27
7336,East,2024-01-31,33.59,563.8,9.13,0.31
7337,East,2024-02-01,33.17,581.71,8.7,0.2
7338,East,2024-02-02,32.2,755.96,7.16,0.1
7339,East,2024-02-03,28.88,611.96,7.8,0.09
7340,East,2024-02-04,34.99,641.41,6.94,0.21
7341,East,2024-02-05,29.59,587.67,5.56,0.03
7342,East,2024-02-06,31.04,585.26,9.02,0.34
7343,East,2024-02-07,33.13,625.08,7.44,0.09
7344,East,2024-02-08,33.36,825.7,5.29,0.2
7345,East,2024-02-09,33.12,747.23,8.33,0.14
7346,East,2024-02-10,31.31,656.35,7.16,0.15
7347,East,2024-02-11,31.02,788.96,4.39,0.27
7348,East,2024-02-12,37.43,693.93,5.39,0.2
7349,East,2024-02-13,32.41,818.18,6.38,0.29
7350,East,2024-02-14,32.29,890.44,7.72,0.02
7351,East,2024-02-15,31.3,799.35,8.56,0.37
7352,East,2024-02-16,33.34,728.19,8.49,0.43
7353,East,2024-02-17,33.36,780.04,8.23,0.04
7354,East,2024-02-18,33.04,728.7,7.25,0.07
7355,East,2024-02-19,33.95,583.94,9.86,0.07
7356,East,2024-02-20,36.82,681.72,8.3,0.55
7357,East,2024-02-21,32.21,661.16,7.56,0.23
7358,East,2024-02-22,33.59,686.27,8.05,0.04
7359,East,2024-02-23,32.31,886.96,6.57,0.04
7360,East,2024-02-24,34.3,836.21,7.05,0.26
7361,East,2024-02-25,32.67,784.62,3.99,0.44
7362,East,2024-02-26,32.85,817.17,6.5,0.1
7363,East,2024-02-27,31.07,603.58,9.69,0.15
7364,East,2024-02-28,34.28,815.88,7.25,0.18
7365,East,2024-02-29,35.03,835.41,7.16,0.05
7366,East,2024-03-01,37.97,583.59,8.46,0.07
7367,East,2024-03-02,35.27,826.44,7.47,0.43
7368,East,2024-03-03,33.51,653.67,5.72,0.41
7369,East,2024-03-04,31.77,612.29,6.91,0.75
7370,East,2024-03-05,32.12,878.21,5.14,0.13
7371,East,2024-03-06,32.04,693.67,7.09,0.07
7372,East,2024-03-07,38.46,719.02,5.52,0.29
7373,East,2024-03-08,35.35,857.43,8.14,0.04
7374,East,2024-03-09,33.67,755.73,5.95,0.06
7375,East,2024-03-10,32.97,767.54,5.45,0.06
7376,East,2024-03-11,33.24,767.51,6.48,0.61
7377,East,2024-03-12,33.79,813.12,7.17,0.26
7378,East,2024-03-13,37.69,768.76,4.77,0.03
7379,East,2024-03-14,35.05,797.47,5.77,0.02
7380,East,2024-03-15,32.26,749.44,6.68,0.37
7381,East,2024-03-16,39.82,819.16,8.49,0.32
7382,East,2024-03-17,32.95,817.34,2.66,1.11
7383,East,2024-03-18,34.09,945.19,7.34,0.04
7384,East,2024-03-19,37.93,763.89,5.81,0.13
7385,East,2024-03-20,36.17,780.61,5.61,0.18
7386,East,2024-03-21,34.43,815.31,5.3,0.54
7387,East,2024-03-22,32.93,874.13,5.74,0.04
7388,East,2024-03-23,33.48,710.34,7.18,0.14
7389,East,2024-03-24,33.62,806.55,5.41,0.03
7390,East,2024-03-25,35.47,598.15,8.67,0.12
7391,East,2024-03-26,35.85,777.47,7.08,0.04
7392,East,2024-03-27,35.18,885.35,6.41,0.36
7393,East,2024-03-28,35.41,741.68,5.83,0.06
7394,East,2024-03-29,33.39,814.08,7.83,0.11
7395,East,2024-03-30,36.08,757.68,8.01,0.1
7396,East,2024-03-31,38.05,731.22,4.23,2.01
7397,East,2024-04-01,35.16,877.58,4.89,0.28
7398,East,2024-04-02,35.12,716.04,6.86,0.01
7399,East,2024-04-03,35.64,822.81,7.28,0.01
7400,East,2024-04-04,37.7,823.67,5.39,0.8
7401,East,2024-04-05,33.66,730.39,4.69,0.11
7402,East,2024-04-06,38.33,810.43,5.89,0.06
7403,East,2024-04-07,36.25,722.54,7.95,0.31
7404,East,2024-04-08,35.44,838.35,5.76,0.03
7405,East,2024-04-09,37.78,690.59,3.77,0.73
7406,East,2024-04-10,32.96,767.71,5.8,0.0
7407,East,2024-04-11,36.33,773.66,6.77,0.13
7408,East,2024-04-12,36.11,881.84,5.41,0.07
7409,East,2024-04-13,33.34,802.84,7.42,0.14
7410,East,2024-04-14,36.09,866.78,6.8,0.05
7411,East,2024-04-15,35.7,833.42,5.37,0.27
7412,East,2024-04-16,34.72,831.48,5.5,0.09
7413,East,2024-04-17,36.76,759.55,2.64,0.01
7414,East,2024-04-18,33.83,866.18,7.18,0.42
7415,East,2024-04-19,35.46,754.33,4.84,0.58
7416,East,2024-04-20,34.6,642.68,4.7,0.19
7417,East,2024-04-21,33.57,762.03,4.44,0.33
7418,East,2024-04-22,35.74,813.57,5.92,0.03
7419,East,2024-04-23,34.25,646.75,3.51,0.31
7420,East,2024-04-24,31.65,702.37,3.7,0.39
7421,East,2024-04-25,30.93,672.56,5.06,0.65
7422,East,2024-04-26,36.03,831.69,4.17,0.14
7423,East,2024-04-27,31.93,900.25,5.58,0.0
7424,East,2024-04-28,34.85,747.23,4.17,0.1
7425,East,2024-04-29,34.32,804.03,7.41,0.01
7426,East,2024-04-30,33.39,799.38,6.03,0.05
7427,East,2024-05-01,37.95,880.6,5.98,0.12
7428,East,2024-05-02,34.31,701.37,4.02,0.08
7429,East,2024-05-03,35.36,733.19,8.51,0.01
7430,East,2024-05-04,34.33,720.64,4.22,0.02
7431,East,2024-05-05,33.2,750.99,3.77,0.16
7432,East,2024-05-06,33.52,942.29,5.88,0.24
7433,East,2024-05-07,36.37,741.32,5.08,0.1
7434,East,2024-05-08,35.53,667.32,3.54,0.26
7435,East,2024-05-09,37.15,640.11,8.03,0.04
7436,East,2024-05-10,33.58,829.38,6.17,0.03
7437,East,2024-05-11,31.27,657.06,4.69,0.37
7438,East,2024-05-12,32.03,775.45,8.26,0.08
7439,East,2024-05-13,30.41,664.49,5.85,0.11
7440,East,2024-05-14,34.2,613.97,4.59,0.59
7441,East,2024-05-15,31.38,760.09,8.0,0.55
7442,East,2024-05-16,26.32,657.52,5.55,0.0
7443,East,2024-05-17,37.23,738.27,5.46,0.56
7444,East,2024-05-18,31.03,740.36,3.93,0.01
7445,East,2024-05-19,30.89,740.25,4.56,0.22
7446,East,2024-05-20,35.26,671.16,3.85,0.39
7447,East,2024-05-21,29.37,743.52,6.6,0.13
7448,East,2024-05-22,33.92,610.78,2.01,0.16
7449,East,2024-05-23,30.34,484.16,6.45,0.11
7450,East,2024-05-24,28.72,732.89,3.07,0.3
7451,East,2024-05-25,34.64,685.38,4.28,0.53
7452,East,2024-05-26,32.94,619.07,3.9,0.02
7453,East,2024-05-27,32.79,545.88,3.54,1.61
7454,East,2024-05-28,31.54,496.29,5.34,0.03
7455,East,2024-05-29,31.85,658.96,4.28,0.02
7456,East,2024-05-30,28.04,782.28,3.27,0.62
7457,East,2024-05-31,30.58,634.8,4.48,0.13
7458,East,2024-06-01,28.35,612.44,3.19,0.03
7459,East,2024-06-02,27.28,634.82,3.41,0.84
7460,East,2024-06-03,30.72,806.49,1.96,0.06
7461,East,2024-06-04,32.06,687.65,3.51,0.12
7462,East,2024-06-05,28.82,548.12,4.92,0.2
7463,East,2024-06-06,29.01,620.33,4.22,0.41
7464,East,2024-06-07,26.99,639.91,6.87,0.0
7465,East,2024-06-08,29.13,524.01,8.05,0.24
7466,East,2024-06-09,30.47,664.41,3.43,0.1
7467,East,2024-06-10,30.37,533.4,2.86,0.02
7468,East,2024-06-11,29.72,473.06,5.8,0.58
7469,East,2024-06-12,27.22,595.1,4.59,0.55
7470,East,2024-06-13,27.0,577.5,5.78,0.28
7471,East,2024-06-14,29.72,579.02,4.67,0.21
7472,East,2024-06-15,29.59,512.94,3.77,0.38
7473,East,2024-06-16,27.45,519.08,3.77,0.01
7474,East,2024-06-17,26.78,654.33,4.7,0.03
7475,East,2024-06-18,29.8,594.29,3.72,0.08
7476,East,2024-06-19,26.57,477.39,5.86,0.36
7477,East,2024-06-20,28.61,392.79,2.07,0.13
7478,East,2024-06-21,26.68,470.59,5.84,0.14
7479,East,2024-06-22,24.69,551.21,1.21,0.05
7480,East,2024-06-23,29.84,482.94,4.23,0.21
7481,East,2024-06-24,26.68,471.59,3.51,2.19
7482,East,2024-06-25,24.85,476.08,1.73,0.08
7483,East,2024-06-26,23.31,512.25,0.91,0.19
7484,East,2024-06-27,23.34,575.68,2.36,0.08
7485,East,2024-06-28,25.01,507.71,4.07,0.31
7486,East,2024-06-29,29.43,507.54,3.1,0.13
7487,East,2024-06-30,24.24,479.43,2.44,0.08
7488,East,2024-07-01,28.13,452.31,6.03,0.11
7489,East,2024-07-02,24.8,558.63,2.15,0.02
7490,East,2024-07-03,22.53,541.33,5.02,0.4
7491,East,2024-07-04,23.77,640.41,2.67,0.63
7492,East,2024-07-05,21.99,520.48,2.32,0.13
7493,East,2024-07-06,22.67,426.63,3.11,0.05
7494,East,2024-07-07,22.44,389.0,4.95,1.09
7495,East,2024-07-08,20.23,532.5,1.96,0.12
7496,East,2024-07-09,26.89,385.96,4.46,0.06
7497,East,2024-07-10,24.12,510.85,2.59,0.01
7498,East,2024-07-11,22.15,380.21,2.87,0.44
7499,East,2024-07-12,23.8,463.88,4.65,0.32
7500,East,2024-07-13,21.52,346.13,7.31,0.35
7501,East,2024-07-14,17.68,488.28,2.7,0.12
7502,East,2024-07-15,28.77,322.21,5.15,0.28
7503,East,2024-07-16,23.07,437.77,3.61,0.17
7504,East,2024-07-17,21.35,395.16,3.38,0.09
7505,East,2024-07-18,18.5,414.21,5.71,0.37
7506,East,2024-07-19,19.21,369.51,2.85,1.34
7507,East,2024-07-20,25.35,362.78,2.39,0.46
7508,East,2024-07-21,24.88,403.87,4.83,0.3
7509,East,2024-07-22,23.22,306.52,6.54,0.28
7510,East,2024-07-23,19.33,301.28,5.29,0.21
7511,East,2024-07-24,24.42,348.51,2.06,0.38
7512,East,2024-07-25,22.14,340.7,3.27,0.14
7513,East,2024-07-26,22.4,287.41,5.67,0.04
7514,East,2024-07-27,21.83,437.17,6.59,0.29
7515,East,2024-07-28,17.77,331.89,4.58,0.5
7516,East,2024-07-29,18.23,335.99,3.38,0.08
7517,East,2024-07-30,19.46,243.43,6.74,0.31
7518,East,2024-07-31,21.62,510.91,4.18,0.06
7519,East,2024-08-01,17.43,534.95,3.4,0.57
7520,East,2024-08-02,19.69,274.0,3.16,0.23
7521,East,2024-08-03,19.54,430.21,2.55,0.17
7522,East,2024-08-04,21.34,320.52,8.61,0.3
7523,East,2024-08-05,20.97,451.97,6.51,0.34
7524,East,2024-08-06,17.46,346.41,3.42,0.45
7525,East,2024-08-07,22.23,323.4,7.02,0.46
7526,East,2024-08-08,16.88,111.43,5.24,0.05
7527,East,2024-08-09,21.26,237.1,5.18,0.03
7528,East,2024-08-10,17.84,305.09,3.41,0.35
7529,East,2024-08-11,19.14,315.47,3.74,0.58
7530,East,2024-08-12,19.14,198.58,4.47,0.07
7531,East,2024-08-13,18.96,233.71,1.61,0.0
7532,East,2024-08-14,19.79,332.6,3.85,0.08
7533,East,2024-08-15,19.1,174.04,4.61,0.1
7534,East,2024-08-16,19.77,291.83,6.6,0.29
7535,East,2024-08-17,19.01,376.67,3.73,0.01
7536,East,2024-08-18,15.44,305.04,5.9,0.05
7537,East,2024-08-19,18.39,297.67,1.62,0.45
7538,East,2024-08-20,16.62,105.92,6.49,0.03
7539,East,2024-08-21,15.42,198.55,3.41,0.28
7540,East,2024-08-22,16.95,425.48,4.99,0.09
7541,East,2024-08-23,17.8,210.12,5.43,0.22
7542,East,2024-08-24,17.83,356.2,5.16,0.08
7543,East,2024-08-25,19.34,203.23,4.71,0.07
7544,East,2024-08-26,19.75,227.0,3.04,0.11
7545,East,2024-08-27,17.71,287.67,3.6,0.39
7546,East,2024-08-28,17.99,251.76,6.46,0.17
7547,East,2024-08-29,17.05,271.58,4.09,0.01
7548,East,2024-08-30,18.31,173.02,4.86,0.32
7549,East,2024-08-31,17.67,145.09,2.81,0.06
7550,East,2024-09-01,16.5,162.71,6.37,0.54
7551,East,2024-09-02,20.84,188.66,3.13,0.05
7552,East,2024-09-03,15.37,210.65,6.52,0.67
7553,East,2024-09-04,19.3,309.8,3.58,0.02
7554,East,2024-09-05,13.61,231.71,6.73,0.16
7555,East,2024-09-06,17.88,261.48,5.25,0.14
7556,East,2024-09-07,19.06,232.11,4.43,0.11
7557,East,2024-09-08,12.31,129.7,7.7,0.01
7558,East,2024-09-09,16.34,218.55,5.23,0.42
7559,East,2024-09-10,17.44,225.95,4.82,0.32
7560,East,2024-09-11,16.46,274.69,6.76,0.2
7561,East,2024-09-12,16.66,126.9,3.21,0.17
7562,East,2024-09-13,16.13,47.73,1.67,0.24
7563,East,2024-09-14,13.63,223.72,7.23,0.03
7564,East,2024-09-15,20.51,236.67,4.28,0.54
7565,East,2024-09-16,14.73,192.85,6.86,0.07
7566,East,2024-09-17,16.57,208.36,5.67,0.21
7567,East,2024-09-18,14.37,275.42,3.89,0.19
7568,East,2024-09-19,11.08,167.51,6.58,0.2
7569,East,2024-09-20,13.76,181.11,5.08,0.42
7570,East,2024-09-21,12.69,208.99,4.12,0.07
7571,East,2024-09-22,17.74,104.44,4.19,0.28
7572,East,2024-09-23,14.33,189.32,3.2,0.18
7573,East,2024-09-24,14.5,195.9,6.44,0.02
7574,East,2024-09-25,13.39,331.59,4.47,0.11
7575,East,2024-09-26,15.69,176.49,5.85,0.36
7576,East,2024-09-27,14.07,216.14,5.67,0.08
7577,East,2024-09-28,17.48,273.51,4.56,0.13
7578,East,2024-09-29,16.1,133.0,3.72,0.13
7579,East,2024-09-30,14.35,310.13,9.84,0.19
7580,East,2024-10-01,17.2,341.33,6.0,0.43
7581,East,2024-10-02,15.53,198.16,8.85,0.04
7582,East,2024-10-03,15.56,157.65,7.89,0.14
7583,East,2024-10-04,12.61,331.39,5.7,0.11
7584,East,2024-10-05,15.41,265.39,6.49,0.07
7585,East,2024-10-06,16.21,208.89,6.48,0.5
7586,East,2024-10-07,18.26,317.17,9.05,0.0
7587,East,2024-10-08,14.12,309.47,7.56,0.03
7588,East,2024-10-09,20.21,177.76,5.14,0.26
7589,East,2024-10-10,16.79,225.51,6.91,0.06
7590,East,2024-10-11,12.68,252.79,7.63,0.26
7591,East,2024-10-12,14.06,210.07,4.69,0.36
7592,East,2024-10-13,18.64,97.71,7.23,0.06
7593,East,2024-10-14,18.32,135.22,8.54,0.04
7594,East,2024-10-15,15.92,103.0,5.27,0.16
7595,East,2024-10-16,16.23,252.56,5.51,0.04
7596,East,2024-10-17,13.65,119.93,8.36,0.06
7597,East,2024-10-18,18.68,231.71,6.12,0.41
7598,East,2024-10-19,14.12,364.6,5.21,1.47
7599,East,2024-10-20,17.85,334.07,8.04,0.0
7600,East,2024-10-21,18.92,74.74,7.61,2.07
7601,East,2024-10-22,16.38,121.41,6.92,0.02
7602,East,2024-10-23,18.29,163.64,8.5,1.06
7603,East,2024-10-24,20.12,134.37,8.64,0.03
7604,East,2024-10-25,17.03,97.81,6.75,0.01
7605,East,2024-10-26,16.22,231.54,9.87,0.29
7606,East,2024-10-27,16.52,291.19,9.31,0.13
7607,East,2024-10-28,15.25,313.56,3.99,0.18
7608,East,2024-10-29,15.29,201.8,5.45,0.11
7609,East,2024-10-30,17.79,220.62,3.64,0.07
7610,East,2024-10-31,16.67,273.51,6.57,0.27
7611,East,2024-11-01,17.74,239.14,5.27,0.34
7612,East,2024-11-02,14.2,315.5,5.89,0.04
7613,East,2024-11-03,17.09,287.99,8.78,0.09
7614,East,2024-11-04,19.44,226.43,4.54,0.16
7615,East,2024-11-05,15.24,111.06,7.39,0.19
7616,East,2024-11-06,17.62,382.64,7.41,0.17
7617,East,2024-11-07,13.98,211.02,7.13,0.24
7618,East,2024-11-08,15.19,297.78,7.47,0.68
7619,East,2024-11-09,19.53,119.18,3.96,0.1
7620,East,2024-11-10,17.41,275.0,6.12,0.16
7621,East,2024-11-11,21.78,287.4,9.67,0.24
7622,East,2024-11-12,19.12,294.79,5.59,0.18
7623,East,2024-11-13,19.44,527.61,9.9,0.1
7624,East,2024-11-14,16.35,239.67,5.32,0.2
7625,East,2024-11-15,17.85,359.54,5.16,0.21
7626,East,2024-11-16,17.28,339.53,6.05,0.18
7627,East,2024-11-17,16.75,247.22,9.19,0.05
7628,East,2024-11-18,20.34,369.86,6.7,0.14
7629,East,2024-11-19,20.87,296.22,8.06,0.43
7630,East,2024-11-20,20.07,383.41,7.68,0.41
7631,East,2024-11-21,17.75,474.33,7.51,1.39
7632,East,2024-11-22,20.21,333.65,9.52,0.24
7633,East,2024-11-23,15.86,303.27,8.79,0.03
7634,East,2024-11-24,22.47,414.11,5.93,0.62
7635,East,2024-11-25,17.37,446.0,7.25,0.02
7636,East,2024-11-26,17.87,267.94,10.3,0.34
7637,East,2024-11-27,20.49,306.74,8.18,0.07
7638,East,2024-11-28,20.82,401.43,5.46,0.29
7639,East,2024-11-29,20.41,341.3,5.58,0.34
7640,East,2024-11-30,18.49,280.03,9.09,0.45
7641,East,2024-12-01,23.13,404.19,8.83,0.28
7642,East,2024-12-02,17.64,419.25,6.41,0.17
7643,East,2024-12-03,18.2,343.42,8.92,0.18
7644,East,2024-12-04,21.11,379.75,10.22,0.08
7645,East,2024-12-05,18.95,333.43,10.02,0.04
7646,East,2024-12-06,24.08,296.68,10.25,0.03
7647,East,2024-12-07,19.44,349.32,8.69,0.04
7648,East,2024-12-08,25.07,399.81,7.6,0.54
7649,East,2024-12-09,24.19,280.74,7.28,0.18
7650,East,2024-12-10,24.75,369.7,7.87,0.26
7651,East,2024-12-11,26.22,415.55,6.59,0.04
7652,East,2024-12-12,22.77,509.03,7.38,0.74
7653,East,2024-12-13,20.75,393.41,9.84,0.09
7654,East,2024-12-14,22.73,323.72,5.52,0.11
7655,East,2024-12-15,21.97,411.63,5.63,0.1
7656,East,2024-12-16,21.86,388.1,9.2,0.34
7657,East,2024-12-17,23.74,482.64,7.43,0.05
7658,East,2024-12-18,22.99,416.5,5.08,0.36
7659,East,2024-12-19,22.28,231.77,7.88,0.21
7660,East,2024-12-20,23.46,749.04,7.67,0.05
7661,East,2024-12-21,25.22,470.21,7.33,0.01
7662,East,2024-12-22,26.2,471.07,9.01,0.3
7663,East,2024-12-23,21.26,345.76,5.99,0.05
7664,East,2024-12-24,24.03,357.05,8.01,0.44
7665,East,2024-12-25,24.52,472.0,7.68,0.03
7666,East,2024-12-26,22.61,511.41,8.05,0.19
7667,East,2024-12-27,24.91,545.84,5.4,0.24
7668,East,2024-12-28,25.62,513.83,7.22,0.21
7669,East,2024-12-29,26.53,405.12,8.03,0.08
7670,East,2024-12-30,25.82,304.81,8.81,0.42
7671,East,2024-12-31,24.08,502.31,10.77,0.29
7672,West,2018-01-01,11.99,524.06,9.43,0.15
7673,West,2018-01-02,11.15,600.61,7.97,0.38
7674,West,2018-01-03,9.32,462.76,7.7,0.35
7675,West,2018-01-04,10.21,576.94,5.34,2.84
7676,West,2018-01-05,12.35,379.22,7.87,0.07
7677,West,2018-01-06,10.97,671.63,6.2,0.01
7678,West,2018-01-07,9.2,615.64,8.22,0.02
7679,West,2018-01-08,11.8,486.73,9.76,0.17
7680,West,2018-01-09,12.52,612.68,6.51,0.15
7681,West,2018-01-10,14.67,656.44,8.33,0.07
7682,West,2018-01-11,14.39,453.37,9.46,0.06
7683,West,2018-01-12,12.13,513.54,8.29,0.25
7684,West,2018-01-13,11.33,674.26,7.16,0.42
7685,West,2018-01-14,12.14,577.0,7.96,0.19
7686,West,2018-01-15,11.71,611.5,9.37,0.25
7687,West,2018-01-16,13.94,587.2,8.32,0.56
7688,West,2018-01-17,15.17,657.86,7.91,0.04
7689,West,2018-01-18,15.74,632.51,9.64,0.39
7690,West,2018-01-19,12.59,604.88,8.67,0.02
7691,West,2018-01-20,12.56,433.12,6.08,0.35
7692,West,2018-01-21,12.9,657.3,8.82,0.36
7693,West,2018-01-22,10.04,669.26,9.28,0.17
7694,West,2018-01-23,11.66,516.54,5.99,0.2
7695,West,2018-01-24,14.15,526.72,4.43,0.09
7696,West,2018-01-25,15.14,666.57,6.25,0.37
7697,West,2018-01-26,15.52,645.38,7.65,0.06
7698,West,2018-01-27,13.13,476.49,9.3,0.16
7699,West,2018-01-28,13.86,573.3,6.44,0.0
7700,West,2018-01-29,14.45,668.73,8.59,0.56
7701,West,2018-01-30,14.38,702.27,3.4,0.59
7702,West,2018-01-31,16.67,605.86,7.99,1.24
7703,West,2018-02-01,12.82,645.23,7.09,0.11
7704,West,2018-02-02,13.29,591.05,10.83,0.04
7705,West,2018-02-03,15.13,771.64,4.83,0.68
7706,West,2018-02-04,13.14,683.98,7.63,0.31
7707,West,2018-02-05,12.21,620.83,4.78,0.93
7708,West,2018-02-06,13.17,585.91,6.78,0.15
7709,West,2018-02-07,15.81,581.19,5.04,1.89
7710,West,2018-02-08,17.69,831.54,11.02,0.08
7711,West,2018-02-09,17.86,676.75,7.01,0.39
7712,West,2018-02-10,19.87,662.63,7.21,0.12
7713,West,2018-02-11,17.03,681.43,7.44,0.0
7714,West,2018-02-12,17.42,651.92,5.78,0.26
7715,West,2018-02-13,16.58,697.55,9.04,0.42
7716,West,2018-02-14,16.8,712.63,8.39,0.13
7717,West,2018-02-15,21.48,714.7,8.78,0.12
7718,West,2018-02-16,17.97,616.09,5.55,0.33
7719,West,2018-02-17,18.26,792.02,9.06,0.43
7720,West,2018-02-18,15.39,679.85,8.86,0.73
7721,West,2018-02-19,18.61,674.8,6.96,0.42
7722,West,2018-02-20,19.22,674.52,8.62,0.9
7723,West,2018-02-21,20.23,649.89,7.66,0.35
7724,West,2018-02-22,19.38,758.71,4.83,0.15
7725,West,2018-02-23,17.97,812.01,6.92,0.12
7726,West,2018-02-24,17.98,685.62,6.45,0.17
7727,West,2018-02-25,18.28,598.99,7.27,0.44
7728,West,2018-02-26,18.73,667.18,8.64,0.04
7729,West,2018-02-27,21.15,716.32,4.62,0.01
7730,West,2018-02-28,20.85,656.43,6.39,0.19
7731,West,2018-03-01,20.3,709.73,5.79,0.1
7732,West,2018-03-02,22.94,716.11,5.83,0.43
7733,West,2018-03-03,13.65,761.53,5.73,0.05
7734,West,2018-03-04,18.13,648.82,7.04,0.07
7735,West,2018-03-05,19.1,814.0,7.69,3.52
7736,West,2018-03-06,17.86,902.76,7.4,0.16
7737,West,2018-03-07,17.42,886.43,7.12,0.09
7738,West,2018-03-08,15.91,727.51,7.74,0.39
7739,West,2018-03-09,18.79,829.78,10.35,0.27
7740,West,2018-03-10,21.27,822.28,6.95,0.17
7741,West,2018-03-11,21.09,776.67,8.25,0.44
7742,West,2018-03-12,18.1,796.12,8.13,0.1
7743,West,2018-03-13,20.1,838.32,9.32,0.1
7744,West,2018-03-14,22.43,855.99,7.46,0.33
7745,West,2018-03-15,16.73,721.94,5.32,0.1
7746,West,2018-03-16,19.5,848.15,7.01,0.52
7747,West,2018-03-17,20.44,923.04,6.9,0.03
7748,West,2018-03-18,19.93,861.59,7.71,0.41
7749,West,2018-03-19,21.65,915.15,5.14,0.11
7750,West,2018-03-20,16.99,586.67,8.32,0.23
7751,West,2018-03-21,18.01,842.05,6.39,0.04
7752,West,2018-03-22,21.42,816.48,7.61,0.0
7753,West,2018-03-23,16.68,878.37,6.78,0.75
7754,West,2018-03-24,21.73,706.93,6.47,2.29
7755,West,2018-03-25,21.03,757.18,6.6,0.07
7756,West,2018-03-26,21.63,870.31,7.22,0.13
7757,West,2018-03-27,19.23,714.0,9.12,0.13
7758,West,2018-03-28,21.2,818.58,3.12,0.41
7759,West,2018-03-29,17.85,798.18,6.92,0.18
7760,West,2018-03-30,19.37,784.1,6.14,0.35
7761,West,2018-03-31,20.28,845.75,5.78,0.49
7762,West,2018-04-01,18.41,710.76,2.46,0.17
7763,West,2018-04-02,20.64,737.57,6.84,0.07
7764,West,2018-04-03,17.91,788.72,5.75,0.14
7765,West,2018-04-04,20.73,703.57,4.65,0.38
7766,West,2018-04-05,23.67,897.85,5.93,0.18
7767,West,2018-04-06,17.66,735.1,5.4,0.45
7768,West,2018-04-07,20.11,861.44,3.19,0.45
7769,West,2018-04-08,16.9,727.94,5.9,0.09
7770,West,2018-04-09,18.45,853.67,6.6,0.12
7771,West,2018-04-10,21.5,667.9,4.88,0.23
7772,West,2018-04-11,19.2,908.47,6.06,0.02
7773,West,2018-04-12,21.52,885.69,5.79,0.13
7774,West,2018-04-13,20.71,749.68,7.17,0.03
7775,West,2018-04-14,19.84,726.75,5.41,0.38
7776,West,2018-04-15,17.87,828.26,6.73,0.57
7777,West,2018-04-16,21.26,668.29,5.03,0.03
7778,West,2018-04-17,20.45,791.82,8.42,0.22
7779,West,2018-04-18,16.74,723.01,4.78,0.2
7780,West,2018-04-19,17.81,765.76,4.37,1.43
7781,West,2018-04-20,14.15,733.0,5.21,0.24
7782,West,2018-04-21,16.9,718.96,4.24,0.05
7783,West,2018-04-22,18.95,917.45,3.43,0.07
7784,West,2018-04-23,17.4,841.66,6.36,0.18
7785,West,2018-04-24,17.79,658.9,0.64,0.51
7786,West,2018-04-25,22.16,705.21,4.13,0.15
7787,West,2018-04-26,21.37,841.78,3.16,0.75
7788,West,2018-04-27,17.85,848.5,5.36,0.12
7789,West,2018-04-28,20.75,657.95,1.83,0.8
7790,West,2018-04-29,21.52,822.31,5.9,0.31
7791,West,2018-04-30,20.24,785.21,6.03,0.32
7792,West,2018-05-01,19.52,606.18,2.57,0.05
7793,West,2018-05-02,21.03,726.69,5.28,0.07
7794,West,2018-05-03,20.29,745.4,5.73,0.02
7795,West,2018-05-04,16.23,757.45,6.34,0.33
7796,West,2018-05-05,18.19,645.13,2.7,0.32
7797,West,2018-05-06,17.37,686.87,2.46,0.02
7798,West,2018-05-07,20.68,695.13,7.1,0.06
7799,West,2018-05-08,17.11,699.09,3.58,0.12
7800,West,2018-05-09,16.66,697.34,4.0,0.16
7801,West,2018-05-10,20.12,725.08,5.71,0.15
7802,West,2018-05-11,18.47,757.24,2.98,0.82
7803,West,2018-05-12,22.07,871.1,4.31,0.29
7804,West,2018-05-13,16.01,795.47,6.02,0.02
7805,West,2018-05-14,16.58,827.72,2.53,0.07
7806,West,2018-05-15,19.75,680.41,3.88,0.08
7807,West,2018-05-16,14.83,634.99,2.92,0.08
7808,West,2018-05-17,19.9,775.79,3.42,0.31
7809,West,2018-05-18,14.72,706.69,6.34,0.09
7810,West,2018-05-19,18.23,762.66,6.64,0.14
7811,West,2018-05-20,13.2,629.84,4.9,0.15
7812,West,2018-05-21,16.85,748.43,5.29,0.06
7813,West,2018-05-22,13.89,678.6,5.22,0.39
7814,West,2018-05-23,20.35,651.76,3.44,0.3
7815,West,2018-05-24,14.22,655.24,4.78,0.4
7816,West,2018-05-25,14.57,719.72,2.46,0.01
7817,West,2018-05-26,17.16,738.27,2.94,0.93
7818,West,2018-05-27,14.74,642.82,4.23,0.2
7819,West,2018-05-28,17.2,695.42,2.75,0.27
7820,West,2018-05-29,14.24,690.84,2.41,0.24
7821,West,2018-05-30,13.94,718.29,3.24,2.1
7822,West,2018-05-31,15.31,733.77,6.01,0.02
7823,West,2018-06-01,12.79,795.27,6.61,0.1
7824,West,2018-06-02,15.86,608.67,4.2,0.3
7825,West,2018-06-03,16.67,758.15,5.11,0.37
7826,West,2018-06-04,15.87,646.14,3.37,0.06
7827,West,2018-06-05,15.9,544.57,1.11,0.18
7828,West,2018-06-06,10.61,575.46,2.85,0.04
7829,West,2018-06-07,13.38,660.08,3.71,0.38
7830,West,2018-06-08,13.69,675.98,4.37,0.26
7831,West,2018-06-09,16.89,532.01,4.0,0.05
7832,West,2018-06-10,12.66,547.4,3.71,0.2
7833,West,2018-06-11,9.06,561.03,3.26,0.14
7834,West,2018-06-12,11.49,529.75,4.63,0.06
7835,West,2018-06-13,12.02,443.53,2.05,0.45
7836,West,2018-06-14,8.86,411.47,5.29,0.03
7837,West,2018-06-15,14.95,553.52,3.2,0.13
7838,West,2018-06-16,9.7,599.27,7.17,0.17
7839,West,2018-06-17,13.57,626.55,3.59,0.35
7840,West,2018-06-18,10.32,460.1,3.33,0.03
7841,West,2018-06-19,15.36,456.43,3.2,0.19
7842,West,2018-06-20,11.62,516.77,3.33,0.0
7843,West,2018-06-21,11.05,554.2,4.94,0.35
7844,West,2018-06-22,12.89,629.54,3.96,0.05
7845,West,2018-06-23,9.65,601.16,5.5,0.26
7846,West,2018-06-24,12.65,509.2,4.71,0.18
7847,West,2018-06-25,10.36,562.31,4.06,0.05
7848,West,2018-06-26,9.96,460.88,4.57,0.04
7849,West,2018-06-27,10.81,529.16,5.8,0.06
7850,West,2018-06-28,8.63,513.07,4.99,0.44
7851,West,2018-06-29,10.26,625.25,4.42,0.66
7852,West,2018-06-30,11.14,547.23,4.63,0.49
7853,West,2018-07-01,5.68,440.92,2.27,0.01
7854,West,2018-07-02,12.3,436.57,7.86,0.0
7855,West,2018-07-03,11.58,465.61,4.79,0.59
7856,West,2018-07-04,6.07,361.94,4.94,1.29
7857,West,2018-07-05,5.58,463.53,3.96,0.31
7858,West,2018-07-06,11.12,465.29,0.56,0.49
7859,West,2018-07-07,10.79,508.96,3.61,0.83
7860,West,2018-07-08,10.34,515.47,4.13,0.02
7861,West,2018-07-09,6.07,469.29,2.78,0.03
7862,West,2018-07-10,12.41,325.86,2.77,0.04
7863,West,2018-07-11,7.07,353.47,3.52,0.34
7864,West,2018-07-12,8.89,397.66,5.19,0.09
7865,West,2018-07-13,8.74,493.18,5.92,0.18
7866,West,2018-07-14,11.26,485.43,4.3,0.39
7867,West,2018-07-15,8.15,410.95,3.2,0.23
7868,West,2018-07-16,8.57,614.67,3.52,0.01
7869,West,2018-07-17,7.42,545.83,4.22,0.12
7870,West,2018-07-18,5.01,515.12,4.41,0.01
7871,West,2018-07-19,2.6,467.04,4.74,0.13
7872,West,2018-07-20,7.14,442.75,3.44,0.05
7873,West,2018-07-21,4.09,432.02,4.91,0.0
7874,West,2018-07-22,7.45,251.91,4.8,0.34
7875,West,2018-07-23,6.89,307.38,3.54,0.7
7876,West,2018-07-24,6.68,368.92,1.57,0.67
7877,West,2018-07-25,4.16,392.15,2.83,0.07
7878,West,2018-07-26,8.19,367.24,6.53,0.35
7879,West,2018-07-27,6.91,394.28,1.65,0.23
7880,West,2018-07-28,3.44,199.58,6.18,0.32
7881,West,2018-07-29,9.78,403.68,1.63,0.37
7882,West,2018-07-30,5.07,363.62,3.08,0.79
7883,West,2018-07-31,2.68,339.12,3.69,0.03
7884,West,2018-08-01,3.68,423.81,6.94,0.29
7885,West,2018-08-02,2.03,261.54,4.33,0.26
7886,West,2018-08-03,7.62,321.83,3.98,0.07
7887,West,2018-08-04,6.92,359.18,2.92,0.1
7888,West,2018-08-05,6.09,263.88,5.13,0.04
7889,West,2018-08-06,5.57,167.6,3.59,0.49
7890,West,2018-08-07,6.83,231.42,4.04,0.42
7891,West,2018-08-08,3.71,314.34,3.86,0.19
7892,West,2018-08-09,4.9,295.49,5.5,0.72
7893,West,2018-08-10,2.3,309.91,5.59,0.05
7894,West,2018-08-11,3.48,254.64,3.13,0.31
7895,West,2018-08-12,4.56,198.47,3.55,0.0
7896,West,2018-08-13,-2.64,310.54,3.42,0.12
7897,West,2018-08-14,2.16,282.45,4.81,0.39
7898,West,2018-08-15,3.6,343.04,5.92,0.19
7899,West,2018-08-16,3.0,228.51,4.88,0.2
7900,West,2018-08-17,2.13,123.03,1.32,0.01
7901,West,2018-08-18,4.09,72.78,5.77,0.07
7902,West,2018-08-19,1.38,245.52,2.63,0.22
7903,West,2018-08-20,0.24,284.43,3.61,0.01
7904,West,2018-08-21,4.94,252.25,5.01,0.08
7905,West,2018-08-22,4.54,222.32,4.61,0.09
7906,West,2018-08-23,1.15,136.99,6.07,0.14
7907,West,2018-08-24,2.11,110.0,3.87,0.09
7908,West,2018-08-25,3.83,287.44,3.37,0.12
7909,West,2018-08-26,2.13,236.83,4.38,0.16
7910,West,2018-08-27,3.0,223.01,6.34,0.03
7911,West,2018-08-28,2.8,125.88,5.85,0.04
7912,West,2018-08-29,1.12,169.12,5.06,0.36
7913,West,2018-08-30,2.7,247.31,6.95,0.12
7914,West,2018-08-31,-0.35,263.83,6.71,0.09
7915,West,2018-09-01,2.28,225.35,6.2,0.11
7916,West,2018-09-02,1.26,346.34,3.28,0.04
7917,West,2018-09-03,0.6,187.54,6.26,0.05
7918,West,2018-09-04,-1.25,334.2,4.81,0.14
7919,West,2018-09-05,1.44,246.34,4.55,0.09
7920,West,2018-09-06,1.18,235.47,4.15,0.13
7921,West,2018-09-07,-0.65,299.33,4.95,0.16
7922,West,2018-09-08,-2.23,172.78,4.3,0.03
7923,West,2018-09-09,-2.39,194.45,5.52,0.1
7924,West,2018-09-10,0.33,121.05,5.04,0.1
7925,West,2018-09-11,1.39,291.99,5.66,0.43
7926,West,2018-09-12,4.42,242.33,6.2,0.01
7927,West,2018-09-13,0.58,301.72,4.96,0.99
7928,West,2018-09-14,-2.63,228.77,4.33,0.63
7929,West,2018-09-15,0.16,299.2,2.45,0.78
7930,West,2018-09-16,3.03,149.84,6.65,0.25
7931,West,2018-09-17,-0.88,287.34,5.65,0.55
7932,West,2018-09-18,2.68,175.37,5.3,0.06
7933,West,2018-09-19,0.76,206.32,7.36,0.08
7934,West,2018-09-20,1.67,263.39,3.7,0.02
7935,West,2018-09-21,4.06,390.44,5.75,0.17
7936,West,2018-09-22,-3.35,269.0,4.25,0.03
7937,West,2018-09-23,2.09,275.81,6.72,0.53
7938,West,2018-09-24,0.08,158.39,2.43,0.11
7939,West,2018-09-25,-1.64,214.03,7.01,0.5
7940,West,2018-09-26,0.04,193.33,6.98,0.05
7941,West,2018-09-27,3.61,313.24,4.49,0.24
7942,West,2018-09-28,2.89,188.66,6.0,0.21
7943,West,2018-09-29,-3.79,306.42,4.59,0.1
7944,West,2018-09-30,-1.33,95.89,6.62,0.46
7945,West,2018-10-01,2.09,311.9,7.24,0.11
7946,West,2018-10-02,0.17,131.16,4.54,0.04
7947,West,2018-10-03,0.18,268.54,4.13,0.75
7948,West,2018-10-04,-2.91,131.32,7.76,0.58
7949,West,2018-10-05,-1.26,250.27,9.06,0.05
7950,West,2018-10-06,-2.47,124.22,6.92,0.09
7951,West,2018-10-07,-3.04,284.65,7.07,0.19
7952,West,2018-10-08,-2.23,269.95,5.75,0.14
7953,West,2018-10-09,-1.55,154.97,6.55,0.2
7954,West,2018-10-10,-1.19,250.04,6.84,0.22
7955,West,2018-10-11,-1.32,280.45,6.08,0.03
7956,West,2018-10-12,2.43,131.74,8.41,0.38
7957,West,2018-10-13,-1.39,123.93,6.68,0.28
7958,West,2018-10-14,3.32,122.07,6.91,0.21
7959,West,2018-10-15,-0.46,111.94,6.24,0.02
7960,West,2018-10-16,1.43,124.19,6.43,0.08
7961,West,2018-10-17,1.54,285.64,8.38,0.54
7962,West,2018-10-18,-1.15,257.76,6.8,0.4
7963,West,2018-10-19,0.04,79.0,6.87,0.22
7964,West,2018-10-20,-0.26,175.51,6.92,0.02
7965,West,2018-10-21,1.55,125.42,6.14,0.19
7966,West,2018-10-22,0.61,288.77,4.6,0.0
7967,West,2018-10-23,-0.57,185.77,9.11,0.22
7968,West,2018-10-24,1.24,100.15,8.38,1.31
7969,West,2018-10-25,1.74,239.37,8.68,0.14
7970,West,2018-10-26,4.84,276.42,5.23,0.0
7971,West,2018-10-27,1.35,153.81,9.04,1.1
7972,West,2018-10-28,1.31,211.21,9.85,0.34
7973,West,2018-10-29,2.22,162.59,8.5,0.18
7974,West,2018-10-30,-0.45,336.76,9.44,0.25
7975,West,2018-10-31,-1.92,205.25,8.19,0.02
7976,West,2018-11-01,0.99,184.62,5.75,0.25
7977,West,2018-11-02,3.85,240.95,7.82,0.19
7978,West,2018-11-03,4.27,231.21,5.55,0.08
7979,West,2018-11-04,-1.86,305.73,6.22,0.23
7980,West,2018-11-05,3.32,350.84,7.61,0.21
7981,West,2018-11-06,-2.28,354.43,7.44,0.18
7982,West,2018-11-07,3.11,229.04,7.89,0.04
7983,West,2018-11-08,3.1,287.13,4.54,0.07
7984,West,2018-11-09,-1.04,384.99,7.02,0.95
7985,West,2018-11-10,4.51,391.34,8.1,0.11
7986,West,2018-11-11,6.11,202.44,8.43,0.01
7987,West,2018-11-12,2.61,323.29,8.55,0.46
7988,West,2018-11-13,3.13,313.23,7.73,0.04
7989,West,2018-11-14,5.93,357.02,6.81,0.1
7990,West,2018-11-15,0.84,385.99,8.16,0.07
7991,West,2018-11-16,1.01,206.88,6.98,0.66
7992,West,2018-11-17,1.66,238.63,8.8,0.09
7993,West,2018-11-18,3.54,370.28,8.12,0.25
7994,West,2018-11-19,3.66,313.35,7.41,0.18
7995,West,2018-11-20,2.61,127.23,6.37,0.04
7996,West,2018-11-21,3.25,176.07,9.22,0.49
7997,West,2018-11-22,2.91,366.39,8.4,0.1
7998,West,2018-11-23,3.14,384.59,10.74,0.92
7999,West,2018-11-24,2.72,213.62,8.4,0.33
8000,West,2018-11-25,2.88,413.69,8.54,0.39
8001,West,2018-11-26,0.54,314.22,5.45,0.08
8002,West,2018-11-27,4.23,252.47,8.13,0.08
8003,West,2018-11-28,0.92,293.77,7.21,0.14
8004,West,2018-11-29,6.47,245.16,8.94,1.0
8005,West,2018-11-30,4.0,298.13,8.22,0.26
8006,West,2018-12-01,5.03,202.36,9.22,0.34
8007,West,2018-12-02,4.67,350.47,10.95,0.41
8008,West,2018-12-03,5.08,407.9,6.57,0.0
8009,West,2018-12-04,8.25,257.74,9.21,0.32
8010,West,2018-12-05,3.18,371.53,8.83,0.94
8011,West,2018-12-06,2.79,310.47,10.79,0.15
8012,West,2018-12-07,6.43,433.06,8.89,0.99
8013,West,2018-12-08,5.36,199.15,8.75,0.43
8014,West,2018-12-09,7.23,446.03,9.14,0.16
8015,West,2018-12-10,8.1,248.48,9.25,0.04
8016,West,2018-12-11,4.62,381.95,10.06,0.57
8017,West,2018-12-12,8.2,346.91,6.66,0.52
8018,West,2018-12-13,5.11,379.67,7.32,1.68
8019,West,2018-12-14,7.47,291.1,10.52,0.05
8020,West,2018-12-15,5.01,551.22,4.99,0.25
8021,West,2018-12-16,7.92,320.47,7.81,0.06
8022,West,2018-12-17,7.78,331.79,8.17,0.09
8023,West,2018-12-18,5.78,577.01,7.68,0.63
8024,West,2018-12-19,5.44,464.28,10.33,0.12
8025,West,2018-12-20,9.83,343.19,8.68,0.01
8026,West,2018-12-21,7.59,438.31,7.39,0.3
8027,West,2018-12-22,10.69,434.85,7.02,0.37
8028,West,2018-12-23,7.75,323.8,8.4,0.15
8029,West,2018-12-24,11.61,403.28,9.73,0.04
8030,West,2018-12-25,7.28,466.96,8.2,0.06
8031,West,2018-12-26,12.29,575.52,7.79,0.03
8032,West,2018-12-27,9.87,464.25,6.95,0.04
8033,West,2018-12-28,10.49,475.42,8.56,0.42
8034,West,2018-12-29,7.85,424.46,8.48,0.13
8035,West,2018-12-30,11.49,582.51,6.91,0.02
8036,West,2018-12-31,11.73,572.19,9.54,0.06
8037,West,2019-01-01,9.73,568.31,10.56,0.6
8038,West,2019-01-02,6.28,519.27,8.07,0.14
8039,West,2019-01-03,8.5,387.6,8.45,0.14
8040,West,2019-01-04,8.67,607.57,6.34,0.15
8041,West,2019-01-05,11.97,530.38,9.1,0.12
8042,West,2019-01-06,10.31,506.24,8.69,0.7
8043,West,2019-01-07,10.52,571.94,7.5,0.02
8044,West,2019-01-08,10.45,559.12,6.87,0.24
8045,West,2019-01-09,14.69,460.76,10.75,0.01
8046,West,2019-01-10,12.01,525.72,8.54,0.12
8047,West,2019-01-11,12.48,404.14,6.59,0.46
8048,West,2019-01-12,11.02,568.41,9.24,1.46
8049,West,2019-01-13,12.37,672.99,8.29,0.08
8050,West,2019-01-14,10.64,427.95,8.03,0.16
8051,West,2019-01-15,13.45,586.9,9.4,0.04
8052,West,2019-01-16,10.63,635.07,4.01,0.63
8053,West,2019-01-17,14.58,651.85,5.2,0.25
8054,West,2019-01-18,11.79,531.78,9.97,0.09
8055,West,2019-01-19,15.32,508.2,7.7,0.38
8056,West,2019-01-20,17.4,554.29,7.24,0.05
8057,West,2019-01-21,13.75,701.37,5.86,0.31
8058,West,2019-01-22,16.53,474.15,8.15,0.11
8059,West,2019-01-23,15.57,518.42,8.32,0.08
8060,West,2019-01-24,11.36,583.74,9.99,0.47
8061,West,2019-01-25,14.6,547.1,8.38,0.03
8062,West,2019-01-26,15.54,626.5,7.35,0.06
8063,West,2019-01-27,15.88,747.63,8.4,0.08
8064,West,2019-01-28,15.2,542.76,9.44,0.06
8065,West,2019-01-29,15.32,631.91,9.09,0.18
8066,West,2019-01-30,15.15,647.47,8.67,0.18
8067,West,2019-01-31,15.56,625.83,8.13,0.01
8068,West,2019-02-01,12.99,530.75,6.83,0.03
8069,West,2019-02-02,15.11,610.38,6.14,0.04
8070,West,2019-02-03,12.83,614.94,5.88,0.01
8071,West,2019-02-04,14.88,720.69,8.24,0.03
8072,West,2019-02-05,14.83,707.81,8.38,0.05
8073,West,2019-02-06,14.84,554.27,9.25,0.08
8074,West,2019-02-07,14.19,651.57,8.43,0.31
8075,West,2019-02-08,16.97,646.59,9.14,0.05
8076,West,2019-02-09,15.92,847.01,7.35,0.22
8077,West,2019-02-10,15.85,717.97,8.68,0.06
8078,West,2019-02-11,14.01,612.3,6.0,0.21
8079,West,2019-02-12,16.36,640.19,7.39,0.32
8080,West,2019-02-13,19.37,675.83,4.71,0.19
8081,West,2019-02-14,19.52,738.83,7.48,0.04
8082,West,2019-02-15,18.07,752.29,9.24,0.08
8083,West,2019-02-16,16.85,733.13,7.49,0.33
8084,West,2019-02-17,18.68,703.84,8.44,0.11
8085,West,2019-02-18,16.34,713.21,7.74,0.06
8086,West,2019-02-19,17.19,717.17,6.45,0.54
8087,West,2019-02-20,16.42,588.19,7.0,0.2
8088,West,2019-02-21,19.83,729.19,9.02,0.33
8089,West,2019-02-22,19.68,691.1,8.3,0.0
8090,West,2019-02-23,18.15,608.18,6.27,0.08
8091,West,2019-02-24,21.78,936.89,5.09,0.12
8092,West,2019-02-25,19.25,771.35,7.45,0.18
8093,West,2019-02-26,19.23,750.4,6.24,0.04
8094,West,2019-02-27,19.11,722.5,6.82,0.14
8095,West,2019-02-28,16.18,813.36,4.87,0.23
8096,West,2019-03-01,17.01,664.65,8.59,0.08
8097,West,2019-03-02,18.77,735.22,6.85,0.24
8098,West,2019-03-03,18.87,686.59,7.05,0.1
8099,West,2019-03-04,20.23,822.95,5.69,0.13
8100,West,2019-03-05,17.79,701.46,6.49,0.03
8101,West,2019-03-06,19.34,858.0,7.06,0.21
8102,West,2019-03-07,19.45,764.16,5.92,0.05
8103,West,2019-03-08,19.6,836.2,6.49,0.35
8104,West,2019-03-09,19.45,808.28,8.86,0.16
8105,West,2019-03-10,16.67,863.0,4.12,0.16
8106,West,2019-03-11,15.02,705.34,6.99,0.49
8107,West,2019-03-12,17.72,854.41,5.5,0.04
8108,West,2019-03-13,18.6,634.67,8.66,0.15
8109,West,2019-03-14,17.36,788.77,6.35,0.1
8110,West,2019-03-15,19.66,743.2,5.01,0.68
8111,West,2019-03-16,22.0,675.98,6.23,0.31
8112,West,2019-03-17,21.32,718.24,7.04,0.28
8113,West,2019-03-18,20.84,739.77,10.65,0.05
8114,West,2019-03-19,21.92,776.51,3.29,0.27
8115,West,2019-03-20,18.14,751.37,4.62,0.01
8116,West,2019-03-21,19.11,800.79,8.34,0.2
8117,West,2019-03-22,21.28,728.93,4.09,0.09
8118,West,2019-03-23,19.13,758.06,6.33,0.07
8119,West,2019-03-24,19.27,773.85,5.56,0.2
8120,West,2019-03-25,23.85,812.23,5.29,0.35
8121,West,2019-03-26,20.34,866.17,5.96,0.03
8122,West,2019-03-27,23.69,867.07,5.68,0.5
8123,West,2019-03-28,16.53,818.2,7.73,0.01
8124,West,2019-03-29,18.93,833.95,8.1,0.02
8125,West,2019-03-30,21.02,824.72,6.72,0.36
8126,West,2019-03-31,20.39,774.76,5.69,0.14
8127,West,2019-04-01,16.1,872.04,6.4,0.56
8128,West,2019-04-02,19.75,726.82,7.18,0.12
8129,West,2019-04-03,25.15,636.01,7.44,0.52
8130,West,2019-04-04,20.69,716.34,6.46,0.05
8131,West,2019-04-05,21.39,911.62,8.16,0.96
8132,West,2019-04-06,18.89,775.36,4.91,1.04
8133,West,2019-04-07,20.64,820.46,7.51,0.09
8134,West,2019-04-08,20.11,776.06,6.82,0.0
8135,West,2019-04-09,22.36,842.27,4.82,0.01
8136,West,2019-04-10,22.27,802.26,6.05,0.39
8137,West,2019-04-11,20.88,790.3,6.12,0.14
8138,West,2019-04-12,20.18,843.98,5.42,0.15
8139,West,2019-04-13,16.64,756.63,5.37,0.32
8140,West,2019-04-14,16.54,822.57,3.28,1.67
8141,West,2019-04-15,20.09,777.66,4.5,0.13
8142,West,2019-04-16,21.64,781.79,5.14,0.39
8143,West,2019-04-17,22.5,723.55,4.61,0.13
8144,West,2019-04-18,18.01,770.34,4.15,0.22
8145,West,2019-04-19,16.72,742.8,6.99,0.03
8146,West,2019-04-20,21.56,874.9,5.21,0.15
8147,West,2019-04-21,18.0,648.1,8.58,1.91
8148,West,2019-04-22,16.42,852.21,5.63,0.08
8149,West,2019-04-23,18.53,639.68,6.83,0.08
8150,West,2019-04-24,18.43,820.26,4.92,0.22
8151,West,2019-04-25,22.02,708.26,4.21,0.18
8152,West,2019-04-26,21.04,818.49,5.57,0.02
8153,West,2019-04-27,17.77,761.3,7.09,0.29
8154,West,2019-04-28,21.96,654.16,4.98,0.19
8155,West,2019-04-29,19.34,875.11,5.75,0.39
8156,West,2019-04-30,21.13,826.14,5.44,0.15
8157,West,2019-05-01,21.58,801.77,4.87,0.11
8158,West,2019-05-02,18.31,707.71,4.92,0.09
8159,West,2019-05-03,19.89,821.18,3.46,0.0
8160,West,2019-05-04,17.85,650.91,4.91,0.01
8161,West,2019-05-05,20.43,572.57,5.88,0.03
8162,West,2019-05-06,18.65,622.92,5.32,0.53
8163,West,2019-05-07,20.29,671.2,5.12,0.43
8164,West,2019-05-08,21.32,681.56,5.9,0.69
8165,West,2019-05-09,19.26,704.07,5.08,0.04
8166,West,2019-05-10,17.88,704.46,4.78,0.03
8167,West,2019-05-11,17.8,680.48,5.84,0.06
8168,West,2019-05-12,11.93,559.86,4.91,0.48
8169,West,2019-05-13,16.31,741.17,4.33,0.15
8170,West,2019-05-14,19.48,701.19,5.36,0.33
8171,West,2019-05-15,19.44,663.16,4.58,0.14
8172,West,2019-05-16,15.91,827.14,4.18,0.19
8173,West,2019-05-17,17.59,692.3,4.82,0.19
8174,West,2019-05-18,16.76,712.67,4.81,0.01
8175,West,2019-05-19,18.39,767.9,2.88,0.12
8176,West,2019-05-20,21.3,581.23,5.01,0.4
8177,West,2019-05-21,18.18,694.74,7.26,0.13
8178,West,2019-05-22,15.29,756.02,3.0,0.11
8179,West,2019-05-23,16.34,681.32,3.69,0.15
8180,West,2019-05-24,19.16,580.32,8.59,0.1
8181,West,2019-05-25,13.41,641.89,3.17,0.14
8182,West,2019-05-26,14.85,691.45,6.31,0.03
8183,West,2019-05-27,17.36,503.58,4.02,0.69
8184,West,2019-05-28,18.39,559.66,4.43,0.01
8185,West,2019-05-29,16.88,821.46,4.13,0.13
8186,West,2019-05-30,14.3,697.99,4.94,0.05
8187,West,2019-05-31,16.44,773.5,1.92,0.01
8188,West,2019-06-01,16.05,719.68,4.55,1.05
8189,West,2019-06-02,15.77,677.4,3.65,0.84
8190,West,2019-06-03,14.72,616.62,1.44,0.28
8191,West,2019-06-04,14.87,667.27,5.9,0.06
8192,West,2019-06-05,12.8,748.15,1.04,0.14
8193,West,2019-06-06,19.42,693.54,7.41,0.01
8194,West,2019-06-07,14.61,636.15,5.1,0.15
8195,West,2019-06-08,15.24,604.29,2.12,0.02
8196,West,2019-06-09,13.55,653.18,6.16,1.58
8197,West,2019-06-10,15.51,565.95,3.01,0.01
8198,West,2019-06-11,11.07,643.56,3.07,0.0
8199,West,2019-06-12,10.01,542.99,1.41,0.4
8200,West,2019-06-13,13.28,565.62,2.8,0.57
8201,West,2019-06-14,17.28,506.8,2.97,0.02
8202,West,2019-06-15,15.43,548.89,5.31,0.07
8203,West,2019-06-16,11.23,524.4,5.82,0.27
8204,West,2019-06-17,13.71,709.46,2.2,0.16
8205,West,2019-06-18,11.24,497.53,4.46,0.6
8206,West,2019-06-19,13.19,594.84,1.29,0.1
8207,West,2019-06-20,13.18,483.25,4.45,0.0
8208,West,2019-06-21,13.86,557.68,7.28,0.0
8209,West,2019-06-22,8.7,572.04,1.36,0.83
8210,West,2019-06-23,9.13,395.65,2.5,1.39
8211,West,2019-06-24,11.34,426.81,5.11,0.31
8212,West,2019-06-25,9.26,457.12,5.28,0.48
8213,West,2019-06-26,8.93,424.1,2.6,0.05
8214,West,2019-06-27,11.52,529.94,6.22,0.27
8215,West,2019-06-28,8.98,537.47,2.78,0.35
8216,West,2019-06-29,15.15,427.86,6.51,0.36
8217,West,2019-06-30,9.4,517.68,4.7,0.11
8218,West,2019-07-01,9.75,468.66,5.91,0.2
8219,West,2019-07-02,10.72,489.46,4.56,0.16
8220,West,2019-07-03,6.93,441.98,4.99,0.18
8221,West,2019-07-04,10.79,526.11,5.07,0.07
8222,West,2019-07-05,10.29,612.73,5.72,0.23
8223,West,2019-07-06,8.73,538.73,3.96,0.25
8224,West,2019-07-07,9.81,583.11,2.66,0.04
8225,West,2019-07-08,9.95,354.28,3.89,0.12
8226,West,2019-07-09,11.79,407.32,3.02,0.11
8227,West,2019-07-10,13.75,501.48,3.12,0.28
8228,West,2019-07-11,6.46,571.82,6.51,1.1
8229,West,2019-07-12,5.81,498.11,4.97,0.13
8230,West,2019-07-13,8.45,358.9,4.9,0.21
8231,West,2019-07-14,3.91,401.17,5.66,0.06
8232,West,2019-07-15,9.2,457.58,4.98,0.05
8233,West,2019-07-16,7.96,412.72,6.86,0.05
8234,West,2019-07-17,8.3,357.0,0.93,0.01
8235,West,2019-07-18,6.8,392.71,2.58,0.23
8236,West,2019-07-19,7.75,409.83,3.04,0.85
8237,West,2019-07-20,8.02,319.27,2.04,0.07
8238,West,2019-07-21,7.31,479.94,4.28,2.66
8239,West,2019-07-22,4.06,361.15,4.36,0.19
8240,West,2019-07-23,6.93,385.68,7.1,0.05
8241,West,2019-07-24,10.14,469.49,5.5,0.0
8242,West,2019-07-25,6.75,371.92,3.4,0.26
8243,West,2019-07-26,6.39,455.62,4.92,0.24
8244,West,2019-07-27,9.08,290.16,1.45,0.05
8245,West,2019-07-28,4.31,402.48,4.42,0.08
8246,West,2019-07-29,7.43,430.37,4.35,0.46
8247,West,2019-07-30,4.43,292.26,2.88,0.03
8248,West,2019-07-31,7.52,339.85,3.95,0.36
8249,West,2019-08-01,6.79,337.01,3.23,0.04
8250,West,2019-08-02,4.22,361.95,2.89,0.13
8251,West,2019-08-03,4.37,378.77,5.32,0.14
8252,West,2019-08-04,6.71,263.53,5.87,0.64
8253,West,2019-08-05,0.9,327.32,5.11,0.07
8254,West,2019-08-06,3.59,455.17,3.7,0.29
8255,West,2019-08-07,5.57,407.97,3.39,0.26
8256,West,2019-08-08,3.57,383.02,3.79,0.06
8257,West,2019-08-09,4.32,299.99,4.09,0.19
8258,West,2019-08-10,-0.16,481.68,3.14,0.37
8259,West,2019-08-11,2.08,389.77,6.05,0.36
8260,West,2019-08-12,5.01,306.45,4.19,0.04
8261,West,2019-08-13,2.02,317.21,5.66,0.21
8262,West,2019-08-14,0.79,259.06,2.44,0.18
8263,West,2019-08-15,5.4,323.49,3.53,0.07
8264,West,2019-08-16,4.18,335.77,5.87,0.1
8265,West,2019-08-17,0.85,340.91,5.92,0.07
8266,West,2019-08-18,3.19,266.68,2.83,0.15
8267,West,2019-08-19,0.68,159.74,5.11,0.33
8268,West,2019-08-20,2.38,293.54,5.18,0.42
8269,West,2019-08-21,2.92,327.38,3.65,0.26
8270,West,2019-08-22,0.84,189.25,5.27,0.13
8271,West,2019-08-23,3.83,257.04,2.39,0.63
8272,West,2019-08-24,4.04,368.46,3.4,0.17
8273,West,2019-08-25,2.67,161.78,5.72,0.13
8274,West,2019-08-26,2.87,232.34,4.89,0.39
8275,West,2019-08-27,-0.96,371.06,5.0,0.04
8276,West,2019-08-28,4.57,261.84,4.64,0.03
8277,West,2019-08-29,1.57,204.34,5.74,0.31
8278,West,2019-08-30,-0.21,243.14,5.84,2.04
8279,West,2019-08-31,1.87,307.13,6.18,0.02
8280,West,2019-09-01,2.98,222.21,5.21,0.29
8281,West,2019-09-02,2.43,283.8,4.47,0.11
8282,West,2019-09-03,-0.84,252.38,4.25,0.24
8283,West,2019-09-04,2.76,256.61,3.53,0.03
8284,West,2019-09-05,1.05,281.92,4.54,0.72
8285,West,2019-09-06,2.1,203.23,4.26,0.43
8286,West,2019-09-07,-0.57,149.16,7.61,0.1
8287,West,2019-09-08,3.06,260.66,3.67,0.45
8288,West,2019-09-09,1.26,210.19,6.82,0.45
8289,West,2019-09-10,3.22,183.09,4.9,0.62
8290,West,2019-09-11,-2.29,259.28,5.02,0.59
8291,West,2019-09-12,-2.08,317.68,5.97,0.75
8292,West,2019-09-13,0.19,201.53,3.27,0.05
8293,West,2019-09-14,3.55,213.06,4.23,0.01
8294,West,2019-09-15,4.5,116.42,3.6,0.08
8295,West,2019-09-16,-1.25,191.8,4.93,0.13
8296,West,2019-09-17,0.59,226.07,4.17,0.02
8297,West,2019-09-18,0.76,205.56,7.54,0.03
8298,West,2019-09-19,1.85,177.14,4.72,0.71
8299,West,2019-09-20,2.15,263.19,2.06,0.27
8300,West,2019-09-21,-1.88,208.86,5.16,0.42
8301,West,2019-09-22,0.45,410.5,6.91,3.55
8302,West,2019-09-23,-3.72,219.28,8.18,0.1
8303,West,2019-09-24,1.9,0.0,5.42,0.23
8304,West,2019-09-25,-0.42,112.51,5.03,0.04
8305,West,2019-09-26,-2.17,243.57,5.81,0.16
8306,West,2019-09-27,0.89,149.16,6.49,0.05
8307,West,2019-09-28,-0.52,153.84,4.21,0.03
8308,West,2019-09-29,2.73,101.0,5.57,0.02
8309,West,2019-09-30,-1.58,161.89,5.9,0.87
8310,West,2019-10-01,4.65,215.52,6.08,0.6
8311,West,2019-10-02,1.92,230.94,5.83,0.13
8312,West,2019-10-03,2.79,118.63,4.67,0.14
8313,West,2019-10-04,-1.84,264.9,6.62,0.23
8314,West,2019-10-05,3.81,105.49,6.08,0.14
8315,West,2019-10-06,-2.18,236.26,6.11,0.49
8316,West,2019-10-07,-0.16,228.7,4.59,0.04
8317,West,2019-10-08,2.89,127.58,7.21,0.0
8318,West,2019-10-09,1.32,118.76,4.86,0.1
8319,West,2019-10-10,-2.15,234.38,8.74,0.16
8320,West,2019-10-11,2.63,159.87,4.58,0.06
8321,West,2019-10-12,1.07,190.37,7.53,0.04
8322,West,2019-10-13,-0.4,261.63,3.56,1.63
8323,West,2019-10-14,-2.62,246.1,3.06,0.04
8324,West,2019-10-15,1.38,135.71,5.65,0.12
8325,West,2019-10-16,0.22,205.99,3.13,0.62
8326,West,2019-10-17,0.91,136.88,7.65,0.19
8327,West,2019-10-18,-2.53,282.72,6.55,0.14
8328,West,2019-10-19,-0.14,337.6,8.72,0.09
8329,West,2019-10-20,1.71,148.71,6.4,0.15
8330,West,2019-10-21,4.56,215.55,7.05,0.27
8331,West,2019-10-22,0.46,293.25,6.31,0.35
8332,West,2019-10-23,3.82,223.67,5.44,0.21
8333,West,2019-10-24,2.57,268.63,6.17,0.31
8334,West,2019-10-25,1.53,229.89,5.0,0.02
8335,West,2019-10-26,-0.89,143.35,7.42,0.0
8336,West,2019-10-27,-0.73,239.62,6.41,0.27
8337,West,2019-10-28,2.52,322.59,6.75,0.06
8338,West,2019-10-29,0.31,259.92,11.17,0.42
8339,West,2019-10-30,0.22,367.13,6.36,0.15
8340,West,2019-10-31,1.17,98.04,7.47,0.13
8341,West,2019-11-01,1.29,272.69,6.94,0.3
8342,West,2019-11-02,3.51,193.21,8.79,0.27
8343,West,2019-11-03,0.79,177.76,7.44,0.24
8344,West,2019-11-04,3.5,357.4,6.7,0.23
8345,West,2019-11-05,2.87,233.16,10.58,0.14
8346,West,2019-11-06,-1.26,228.41,5.88,0.52
8347,West,2019-11-07,2.78,287.08,6.91,0.44
8348,West,2019-11-08,-3.04,90.51,8.6,0.08
8349,West,2019-11-09,0.61,374.3,6.02,0.33
8350,West,2019-11-10,3.44,421.53,8.43,0.44
8351,West,2019-11-11,2.6,345.72,6.58,0.19
8352,West,2019-11-12,-0.8,308.87,8.83,0.16
8353,West,2019-11-13,0.61,262.05,8.82,0.22
8354,West,2019-11-14,-2.25,196.89,7.25,0.04
8355,West,2019-11-15,0.4,382.03,5.9,0.02
8356,West,2019-11-16,4.37,363.47,6.84,0.34
8357,West,2019-11-17,2.22,329.89,7.43,0.17
8358,West,2019-11-18,3.8,324.36,8.81,0.03
8359,West,2019-11-19,3.62,325.56,7.98,0.54
8360,West,2019-11-20,3.79,263.34,8.33,0.07
8361,West,2019-11-21,5.9,509.46,8.07,0.42
8362,West,2019-11-22,3.58,290.54,8.84,0.14
8363,West,2019-11-23,5.94,283.32,7.29,0.17
8364,West,2019-11-24,-0.7,411.23,7.86,0.27
8365,West,2019-11-25,6.62,323.42,7.67,0.32
8366,West,2019-11-26,1.96,328.47,6.99,0.53
8367,West,2019-11-27,2.54,447.43,9.18,0.31
8368,West,2019-11-28,3.42,392.89,9.17,0.14
8369,West,2019-11-29,7.14,401.33,9.51,0.36
8370,West,2019-11-30,3.34,233.98,6.58,0.21
8371,West,2019-12-01,3.96,383.91,8.27,0.02
8372,West,2019-12-02,3.5,275.93,9.39,0.12
8373,West,2019-12-03,6.08,324.54,10.03,0.04
8374,West,2019-12-04,7.21,379.58,5.52,0.06
8375,West,2019-12-05,9.29,367.27,7.8,0.18
8376,West,2019-12-06,10.83,427.18,7.53,0.1
8377,West,2019-12-07,7.49,441.21,10.22,2.01
8378,West,2019-12-08,7.08,451.95,4.53,0.05
8379,West,2019-12-09,4.07,281.55,6.29,1.15
8380,West,2019-12-10,10.49,582.91,10.02,0.09
8381,West,2019-12-11,7.26,396.78,7.18,0.14
8382,West,2019-12-12,6.42,500.65,5.94,0.03
8383,West,2019-12-13,7.93,207.38,10.17,0.17
8384,West,2019-12-14,6.05,392.23,5.77,0.65
8385,West,2019-12-15,2.81,301.56,9.46,0.28
8386,West,2019-12-16,8.8,354.48,5.59,0.06
8387,West,2019-12-17,10.5,432.44,5.78,0.12
8388,West,2019-12-18,9.1,406.64,8.25,0.11
8389,West,2019-12-19,8.14,543.59,6.69,0.02
8390,West,2019-12-20,8.35,585.05,8.37,0.43
8391,West,2019-12-21,8.84,371.27,10.67,0.1
8392,West,2019-12-22,8.95,414.69,7.74,0.14
8393,West,2019-12-23,8.71,376.33,10.42,0.07
8394,West,2019-12-24,9.06,556.41,8.47,0.03
8395,West,2019-12-25,12.29,481.79,9.42,0.46
8396,West,2019-12-26,10.29,476.8,4.46,0.01
8397,West,2019-12-27,9.73,504.36,8.95,0.1
8398,West,2019-12-28,11.01,459.62,8.72,0.26
8399,West,2019-12-29,11.18,421.16,7.46,0.07
8400,West,2019-12-30,11.93,498.92,10.84,0.12
8401,West,2019-12-31,8.69,478.64,7.26,0.17
8402,West,2020-01-01,9.42,532.93,5.59,1.06
8403,West,2020-01-02,8.92,379.77,9.17,0.28
8404,West,2020-01-03,12.26,530.39,5.86,0.68
8405,West,2020-01-04,12.33,465.5,8.11,1.18
8406,West,2020-01-05,8.52,537.89,10.0,0.06
8407,West,2020-01-06,12.02,603.34,8.74,0.07
8408,West,2020-01-07,14.15,491.56,7.61,0.35
8409,West,2020-01-08,11.11,636.92,7.45,0.11
8410,West,2020-01-09,12.38,407.03,9.87,0.09
8411,West,2020-01-10,13.38,674.89,6.14,2.9
8412,West,2020-01-11,9.45,655.55,9.13,0.01
8413,West,2020-01-12,12.56,490.6,11.25,0.15
8414,West,2020-01-13,14.97,496.32,8.77,0.3
8415,West,2020-01-14,11.41,452.01,7.59,0.27
8416,West,2020-01-15,14.43,650.32,7.69,0.46
8417,West,2020-01-16,12.98,555.15,7.2,0.15
8418,West,2020-01-17,11.74,554.24,6.94,0.0
8419,West,2020-01-18,13.06,501.65,8.08,0.15
8420,West,2020-01-19,12.37,741.34,8.91,0.18
8421,West,2020-01-20,11.81,523.44,10.3,0.42
8422,West,2020-01-21,13.23,608.04,4.94,0.05
8423,West,2020-01-22,14.04,628.19,4.2,1.74
8424,West,2020-01-23,13.73,583.81,10.29,0.25
8425,West,2020-01-24,13.69,572.38,7.92,0.22
8426,West,2020-01-25,14.83,595.62,7.98,0.1
8427,West,2020-01-26,15.6,675.06,8.55,0.09
8428,West,2020-01-27,12.4,606.7,7.51,0.24
8429,West,2020-01-28,14.34,769.11,10.73,0.93
8430,West,2020-01-29,11.05,581.46,8.49,0.1
8431,West,2020-01-30,14.82,708.46,7.07,0.5
8432,West,2020-01-31,15.59,512.09,7.18,0.18
8433,West,2020-02-01,16.58,594.87,7.49,2.03
8434,West,2020-02-02,15.89,596.1,6.52,0.05
8435,West,2020-02-03,16.83,577.42,10.2,0.29
8436,West,2020-02-04,16.0,692.69,7.83,1.8
8437,West,2020-02-05,14.66,665.43,5.87,0.36
8438,West,2020-02-06,13.92,496.11,8.22,0.31
8439,West,2020-02-07,15.77,842.19,9.75,0.07
8440,West,2020-02-08,14.89,700.7,9.16,0.74
8441,West,2020-02-09,16.32,690.72,6.4,0.07
8442,West,2020-02-10,15.71,799.4,5.86,0.08
8443,West,2020-02-11,17.66,777.6,9.64,0.07
8444,West,2020-02-12,17.05,678.48,5.04,0.07
8445,West,2020-02-13,17.97,549.91,8.01,0.24
8446,West,2020-02-14,18.09,754.99,6.58,0.21
8447,West,2020-02-15,16.96,636.47,9.38,0.05
8448,West,2020-02-16,17.21,816.23,5.8,0.24
8449,West,2020-02-17,18.56,658.53,6.16,0.07
8450,West,2020-02-18,22.57,687.94,8.26,0.05
8451,West,2020-02-19,15.81,620.04,8.5,0.28
8452,West,2020-02-20,17.98,629.84,9.32,0.09
8453,West,2020-02-21,15.62,725.36,7.96,0.17
8454,West,2020-02-22,18.07,721.1,7.75,0.04
8455,West,2020-02-23,16.87,702.34,8.77,0.19
8456,West,2020-02-24,18.08,907.7,5.11,0.05
8457,West,2020-02-25,18.73,794.73,5.82,0.04
8458,West,2020-02-26,17.54,750.17,5.18,0.1
8459,West,2020-02-27,15.05,531.6,3.05,0.31
8460,West,2020-02-28,21.56,821.01,8.32,0.04
8461,West,2020-02-29,20.47,997.19,9.17,0.02
8462,West,2020-03-01,18.62,745.2,7.83,0.01
8463,West,2020-03-02,17.18,697.93,7.54,0.11
8464,West,2020-03-03,19.22,778.29,7.06,0.07
8465,West,2020-03-04,19.85,653.08,6.99,0.07
8466,West,2020-03-05,20.74,806.85,9.42,0.8
8467,West,2020-03-06,21.0,892.12,9.17,0.04
8468,West,2020-03-07,21.45,720.56,5.93,0.12
8469,West,2020-03-08,15.93,725.2,8.44,0.86
8470,West,2020-03-09,18.87,771.89,8.59,0.01
8471,West,2020-03-10,21.53,740.05,7.69,1.19
8472,West,2020-03-11,17.76,660.97,7.26,0.09
8473,West,2020-03-12,22.1,752.86,7.18,2.37
8474,West,2020-03-13,23.34,738.36,4.4,0.49
8475,West,2020-03-14,22.15,896.19,4.23,0.1
8476,West,2020-03-15,21.14,880.77,7.73,0.05
8477,West,2020-03-16,18.97,901.51,4.87,0.11
8478,West,2020-03-17,20.47,855.16,4.4,3.36
8479,West,2020-03-18,17.26,808.69,3.34,0.07
8480,West,2020-03-19,18.42,723.4,5.71,3.98
8481,West,2020-03-20,18.6,900.48,6.95,0.34
8482,West,2020-03-21,20.18,823.17,7.03,0.06
8483,West,2020-03-22,19.3,696.36,7.59,0.31
8484,West,2020-03-23,20.63,723.87,5.7,0.01
8485,West,2020-03-24,21.88,696.57,6.41,0.16
8486,West,2020-03-25,18.73,634.1,7.48,0.09
8487,West,2020-03-26,20.46,829.86,6.88,0.11
8488,West,2020-03-27,19.35,700.17,5.27,0.13
8489,West,2020-03-28,20.57,739.06,6.56,0.14
8490,West,2020-03-29,21.57,802.88,3.1,0.21
8491,West,2020-03-30,22.05,784.9,6.04,0.24
8492,West,2020-03-31,21.55,742.92,5.08,0.74
8493,West,2020-04-01,21.03,921.49,8.25,0.29
8494,West,2020-04-02,17.36,677.73,4.47,1.16
8495,West,2020-04-03,18.03,680.99,6.08,0.1
8496,West,2020-04-04,18.54,836.0,5.23,0.03
8497,West,2020-04-05,20.89,748.91,5.0,0.01
8498,West,2020-04-06,17.58,745.31,6.37,0.13
8499,West,2020-04-07,20.81,711.65,5.14,1.1
8500,West,2020-04-08,20.65,824.39,8.51,0.21
8501,West,2020-04-09,16.22,814.65,2.74,0.61
8502,West,2020-04-10,17.89,805.31,6.61,0.1
8503,West,2020-04-11,22.12,748.24,5.5,0.2
8504,West,2020-04-12,21.4,733.8,5.52,0.44
8505,West,2020-04-13,18.27,779.76,6.02,0.1
8506,West,2020-04-14,17.86,868.96,7.03,0.13
8507,West,2020-04-15,14.99,915.83,5.9,2.56
8508,West,2020-04-16,22.78,877.95,6.97,0.16
8509,West,2020-04-17,19.88,828.07,5.5,0.32
8510,West,2020-04-18,23.51,864.68,3.85,0.55
8511,West,2020-04-19,19.31,689.95,5.23,0.17
8512,West,2020-04-20,20.2,725.73,7.06,0.02
8513,West,2020-04-21,21.36,823.02,4.68,0.34
8514,West,2020-04-22,22.79,769.76,3.64,0.34
8515,West,2020-04-23,20.45,804.29,6.17,0.02
8516,West,2020-04-24,19.39,853.63,5.71,0.16
8517,West,2020-04-25,19.37,839.1,4.02,0.13
8518,West,2020-04-26,17.15,683.73,4.79,1.88
8519,West,2020-04-27,18.4,769.7,4.84,0.06
8520,West,2020-04-28,19.19,692.75,5.09,0.11
8521,West,2020-04-29,21.77,701.82,6.02,0.93
8522,West,2020-04-30,18.06,624.64,4.41,0.15
8523,West,2020-05-01,20.96,769.63,6.04,0.62
8524,West,2020-05-02,18.59,613.51,4.16,0.65
8525,West,2020-05-03,21.15,785.11,7.43,0.02
8526,West,2020-05-04,19.92,859.45,7.43,0.07
8527,West,2020-05-05,19.69,790.33,3.59,0.0
8528,West,2020-05-06,20.33,749.11,3.01,0.11
8529,West,2020-05-07,19.94,864.7,6.28,0.22
8530,West,2020-05-08,20.3,765.05,5.18,0.64
8531,West,2020-05-09,22.33,666.68,5.59,0.01
8532,West,2020-05-10,21.19,742.47,3.75,0.04
8533,West,2020-05-11,18.78,885.94,4.51,0.19
8534,West,2020-05-12,16.85,638.39,4.17,0.14
8535,West,2020-05-13,18.35,611.96,5.11,0.23
8536,West,2020-05-14,13.65,768.06,2.76,0.08
8537,West,2020-05-15,19.04,697.38,4.46,0.03
8538,West,2020-05-16,15.14,669.11,2.7,0.32
8539,West,2020-05-17,19.38,607.25,3.79,1.95
8540,West,2020-05-18,20.97,548.22,4.39,0.06
8541,West,2020-05-19,13.99,583.9,5.27,0.11
8542,West,2020-05-20,16.66,825.74,5.37,0.02
8543,West,2020-05-21,14.5,691.91,5.61,0.05
8544,West,2020-05-22,13.04,531.64,2.22,0.29
8545,West,2020-05-23,16.15,779.31,6.32,0.09
8546,West,2020-05-24,17.49,779.27,3.44,0.19
8547,West,2020-05-25,17.59,774.67,3.52,0.58
8548,West,2020-05-26,16.25,638.33,4.77,0.26
8549,West,2020-05-27,12.47,646.37,3.84,0.12
8550,West,2020-05-28,15.91,674.58,4.87,0.09
8551,West,2020-05-29,12.53,771.3,5.13,0.04
8552,West,2020-05-30,12.51,610.43,3.14,0.28
8553,West,2020-05-31,13.23,590.02,3.99,0.02
8554,West,2020-06-01,17.17,701.54,4.02,0.01
8555,West,2020-06-02,16.01,738.09,5.67,0.02
8556,West,2020-06-03,15.41,632.55,3.52,0.06
8557,West,2020-06-04,12.89,685.79,3.44,0.2
8558,West,2020-06-05,13.68,636.5,2.66,0.4
8559,West,2020-06-06,11.56,602.71,2.81,0.98
8560,West,2020-06-07,16.87,551.73,2.14,0.26
8561,West,2020-06-08,18.38,521.0,3.09,0.03
8562,West,2020-06-09,14.94,559.33,6.53,0.07
8563,West,2020-06-10,15.13,525.6,5.16,0.14
8564,West,2020-06-11,13.18,621.5,6.03,0.02
8565,West,2020-06-12,10.1,691.34,2.68,0.84
8566,West,2020-06-13,11.49,605.33,1.17,0.47
8567,West,2020-06-14,12.08,510.41,4.55,0.23
8568,West,2020-06-15,12.07,647.53,6.85,0.32
8569,West,2020-06-16,11.45,597.86,3.33,0.14
8570,West,2020-06-17,12.61,608.68,4.21,0.13
8571,West,2020-06-18,10.64,522.51,1.69,0.55
8572,West,2020-06-19,16.51,649.67,4.08,0.26
8573,West,2020-06-20,9.27,644.19,3.85,0.12
8574,West,2020-06-21,13.61,534.12,0.89,0.08
8575,West,2020-06-22,11.14,601.22,2.47,0.02
8576,West,2020-06-23,12.42,626.74,2.34,0.34
8577,West,2020-06-24,12.34,496.27,1.64,0.04
8578,West,2020-06-25,11.47,521.86,2.92,0.14
8579,West,2020-06-26,8.71,529.6,4.77,0.2
8580,West,2020-06-27,10.14,430.24,3.05,0.27
8581,West,2020-06-28,10.98,548.24,5.72,0.02
8582,West,2020-06-29,10.68,589.55,3.46,0.0
8583,West,2020-06-30,8.25,491.07,4.49,0.24
8584,West,2020-07-01,12.7,524.61,4.75,0.12
8585,West,2020-07-02,4.96,604.14,6.3,0.04
8586,West,2020-07-03,9.28,454.68,2.93,0.8
8587,West,2020-07-04,7.76,510.76,4.67,0.31
8588,West,2020-07-05,9.8,431.2,2.59,0.17
8589,West,2020-07-06,11.29,423.87,6.59,0.24
8590,West,2020-07-07,6.28,493.85,2.45,0.03
8591,West,2020-07-08,13.63,480.69,4.59,3.28
8592,West,2020-07-09,9.15,500.67,6.36,1.12
8593,West,2020-07-10,9.34,457.25,2.23,0.21
8594,West,2020-07-11,5.53,483.28,4.93,0.22
8595,West,2020-07-12,8.15,574.24,2.55,0.24
8596,West,2020-07-13,10.01,520.74,7.54,0.22
8597,West,2020-07-14,8.32,457.98,1.22,0.12
8598,West,2020-07-15,8.02,466.29,1.79,0.16
8599,West,2020-07-16,7.47,396.99,2.39,0.07
8600,West,2020-07-17,4.65,403.2,2.45,0.12
8601,West,2020-07-18,4.47,450.38,4.87,0.11
8602,West,2020-07-19,9.41,413.08,6.8,0.07
8603,West,2020-07-20,8.68,464.62,5.84,0.31
8604,West,2020-07-21,8.81,497.68,4.47,0.11
8605,West,2020-07-22,4.94,383.34,4.15,0.16
8606,West,2020-07-23,6.11,225.95,3.24,0.03
8607,West,2020-07-24,8.73,544.66,4.75,0.13
8608,West,2020-07-25,3.66,324.99,3.86,0.29
8609,West,2020-07-26,8.22,388.11,4.47,0.12
8610,West,2020-07-27,4.63,426.04,3.09,0.16
8611,West,2020-07-28,3.94,475.95,2.42,0.24
8612,West,2020-07-29,5.43,503.13,4.27,0.1
8613,West,2020-07-30,3.11,325.01,4.26,0.09
8614,West,2020-07-31,1.4,444.8,3.38,0.02
8615,West,2020-08-01,5.2,361.02,3.14,0.17
8616,West,2020-08-02,5.97,560.24,5.14,0.25
8617,West,2020-08-03,7.18,424.46,5.01,0.17
8618,West,2020-08-04,5.82,317.93,7.16,0.07
8619,West,2020-08-05,8.4,264.42,6.43,0.06
8620,West,2020-08-06,7.05,113.54,2.59,0.03
8621,West,2020-08-07,5.67,373.49,4.12,0.01
8622,West,2020-08-08,4.99,396.09,2.38,0.11
8623,West,2020-08-09,6.38,371.01,1.69,0.03
8624,West,2020-08-10,-0.64,119.11,7.76,0.23
8625,West,2020-08-11,2.69,202.81,6.71,0.65
8626,West,2020-08-12,-0.19,338.05,3.57,0.02
8627,West,2020-08-13,4.73,438.61,6.4,2.23
8628,West,2020-08-14,1.79,287.57,6.65,0.21
8629,West,2020-08-15,9.19,375.65,1.7,0.39
8630,West,2020-08-16,1.99,201.94,5.88,0.03
8631,West,2020-08-17,3.12,297.7,3.89,0.47
8632,West,2020-08-18,1.99,255.66,5.23,0.63
8633,West,2020-08-19,1.7,369.21,9.2,0.47
8634,West,2020-08-20,0.07,227.65,7.09,0.31
8635,West,2020-08-21,-0.1,401.7,4.54,0.02
8636,West,2020-08-22,-2.01,239.69,6.9,0.05
8637,West,2020-08-23,3.34,175.56,1.91,2.44
8638,West,2020-08-24,1.29,175.15,5.57,0.05
8639,West,2020-08-25,5.91,205.24,5.64,0.09
8640,West,2020-08-26,-0.55,281.74,5.93,0.01
8641,West,2020-08-27,4.8,200.42,4.14,0.2
8642,West,2020-08-28,4.9,180.79,5.5,0.17
8643,West,2020-08-29,4.22,314.89,6.24,0.65
8644,West,2020-08-30,2.04,0.0,1.51,0.45
8645,West,2020-08-31,0.81,204.1,4.55,0.71
8646,West,2020-09-01,3.96,129.26,3.7,0.19
8647,West,2020-09-02,-0.26,164.1,6.07,0.11
8648,West,2020-09-03,1.79,250.75,7.18,0.14
8649,West,2020-09-04,1.09,212.57,4.22,0.4
8650,West,2020-09-05,-0.68,203.17,3.54,0.8
8651,West,2020-09-06,1.59,319.89,5.38,0.11
8652,West,2020-09-07,2.45,221.62,3.51,0.01
8653,West,2020-09-08,-0.96,365.27,4.93,1.09
8654,West,2020-09-09,1.76,275.91,4.8,0.1
8655,West,2020-09-10,-3.68,139.83,6.2,0.06
8656,West,2020-09-11,-1.38,370.22,5.84,0.42
8657,West,2020-09-12,-0.24,236.14,5.64,0.04
8658,West,2020-09-13,1.33,362.12,7.89,0.14
8659,West,2020-09-14,2.31,189.67,5.87,1.59
8660,West,2020-09-15,0.69,231.4,4.87,1.89
8661,West,2020-09-16,1.62,242.93,5.09,0.34
8662,West,2020-09-17,0.13,193.75,4.42,0.45
8663,West,2020-09-18,1.22,307.87,4.07,0.03
8664,West,2020-09-19,1.08,359.73,3.55,0.56
8665,West,2020-09-20,-0.67,20.74,7.37,0.0
8666,West,2020-09-21,-0.39,268.58,4.62,0.06
8667,West,2020-09-22,1.5,131.11,6.21,0.02
8668,West,2020-09-23,3.9,0.0,5.32,0.58
8669,West,2020-09-24,2.67,242.83,5.76,0.11
8670,West,2020-09-25,-2.02,242.54,7.57,0.38
8671,West,2020-09-26,-2.02,255.04,6.14,0.04
8672,West,2020-09-27,-0.85,230.02,4.52,0.03
8673,West,2020-09-28,0.41,270.14,5.09,0.19
8674,West,2020-09-29,0.3,151.78,7.26,0.01
8675,West,2020-09-30,2.69,221.07,6.73,0.18
8676,West,2020-10-01,2.8,255.92,7.43,0.3
8677,West,2020-10-02,0.23,308.46,5.72,0.18
8678,West,2020-10-03,-0.23,203.98,4.02,1.75
8679,West,2020-10-04,1.27,183.7,6.91,0.06
8680,West,2020-10-05,2.37,196.81,6.56,0.02
8681,West,2020-10-06,1.37,106.25,6.63,1.28
8682,West,2020-10-07,-0.58,263.9,4.18,0.35
8683,West,2020-10-08,-0.92,86.43,5.32,0.14
8684,West,2020-10-09,-1.89,235.07,4.91,0.34
8685,West,2020-10-10,0.75,211.42,6.95,0.12
8686,West,2020-10-11,1.64,81.53,7.04,0.04
8687,West,2020-10-12,1.9,87.13,6.35,0.64
8688,West,2020-10-13,2.77,139.47,7.9,0.05
8689,West,2020-10-14,3.47,181.47,8.72,0.13
8690,West,2020-10-15,-2.2,328.72,7.05,0.03
8691,West,2020-10-16,1.4,202.8,7.56,0.04
8692,West,2020-10-17,1.52,256.85,5.77,0.43
8693,West,2020-10-18,0.55,316.01,5.53,0.02
8694,West,2020-10-19,-0.91,302.17,8.17,0.05
8695,West,2020-10-20,3.7,217.48,5.37,1.08
8696,West,2020-10-21,-0.31,163.41,7.76,0.17
8697,West,2020-10-22,-3.45,261.65,9.33,0.18
8698,West,2020-10-23,1.04,168.86,7.76,0.37
8699,West,2020-10-24,0.59,370.95,6.69,0.15
8700,West,2020-10-25,4.85,297.32,4.83,0.05
8701,West,2020-10-26,2.19,246.81,7.12,0.11
8702,West,2020-10-27,0.68,273.42,8.42,0.28
8703,West,2020-10-28,0.97,249.04,6.67,2.06
8704,West,2020-10-29,1.03,207.77,8.5,0.06
8705,West,2020-10-30,5.97,279.65,7.54,0.06
8706,West,2020-10-31,2.97,222.94,7.46,0.08
8707,West,2020-11-01,-1.11,399.99,6.58,0.91
8708,West,2020-11-02,1.31,192.4,4.9,0.07
8709,West,2020-11-03,1.85,291.35,6.47,0.45
8710,West,2020-11-04,-0.22,190.94,6.49,0.76
8711,West,2020-11-05,-1.47,193.09,8.03,0.23
8712,West,2020-11-06,3.38,116.7,7.17,0.7
8713,West,2020-11-07,0.69,295.63,8.85,0.07
8714,West,2020-11-08,4.9,223.31,7.67,0.34
8715,West,2020-11-09,2.53,355.85,6.52,0.23
8716,West,2020-11-10,1.68,305.57,6.08,0.06
8717,West,2020-11-11,-2.1,287.77,6.42,0.08
8718,West,2020-11-12,5.3,166.53,7.6,0.67
8719,West,2020-11-13,3.56,329.7,6.82,0.31
8720,West,2020-11-14,2.19,233.53,5.79,0.41
8721,West,2020-11-15,1.43,175.54,8.94,0.2
8722,West,2020-11-16,6.53,328.33,7.68,0.26
8723,West,2020-11-17,1.33,197.0,7.89,0.31
8724,West,2020-11-18,2.85,134.22,6.27,0.27
8725,West,2020-11-19,4.86,409.18,5.96,0.19
8726,West,2020-11-20,6.75,264.51,7.3,0.05
8727,West,2020-11-21,3.55,173.83,4.52,0.6
8728,West,2020-11-22,2.65,240.45,8.76,0.14
8729,West,2020-11-23,4.05,263.9,6.55,0.32
8730,West,2020-11-24,6.21,417.3,7.23,0.15
8731,West,2020-11-25,6.8,196.95,8.29,0.54
8732,West,2020-11-26,1.93,227.16,7.33,0.15
8733,West,2020-11-27,5.06,417.03,5.93,0.16
8734,West,2020-11-28,2.1,307.0,9.96,0.01
8735,West,2020-11-29,6.89,365.63,5.42,0.04
8736,West,2020-11-30,6.11,312.59,4.38,0.07
8737,West,2020-12-01,3.58,518.03,9.07,0.13
8738,West,2020-12-02,8.64,257.76,5.58,0.34
8739,West,2020-12-03,6.39,388.1,9.67,0.13
8740,West,2020-12-04,6.33,490.4,8.37,0.16
8741,West,2020-12-05,5.68,344.84,8.24,0.52
8742,West,2020-12-06,6.18,319.25,6.98,0.28
8743,West,2020-12-07,5.59,445.67,6.61,0.01
8744,West,2020-12-08,5.03,469.41,7.29,0.04
8745,West,2020-12-09,9.13,329.9,6.55,0.01
8746,West,2020-12-10,5.85,515.72,9.69,0.01
8747,West,2020-12-11,5.94,407.72,6.78,0.41
8748,West,2020-12-12,6.9,449.22,8.66,0.26
8749,West,2020-12-13,10.17,532.52,9.42,0.06
8750,West,2020-12-14,9.75,479.91,6.6,0.1
8751,West,2020-12-15,6.86,423.37,8.5,0.1
8752,West,2020-12-16,10.27,374.67,6.6,0.18
8753,West,2020-12-17,8.2,650.1,7.69,0.45
8754,West,2020-12-18,6.47,375.35,7.27,0.82
8755,West,2020-12-19,7.37,468.98,6.92,0.93
8756,West,2020-12-20,11.24,489.41,8.21,0.14
8757,West,2020-12-21,12.83,498.29,6.15,0.23
8758,West,2020-12-22,9.47,629.06,9.37,0.22
8759,West,2020-12-23,7.87,467.74,6.36,0.15
8760,West,2020-12-24,8.93,461.46,6.09,1.34
8761,West,2020-12-25,7.82,598.39,7.61,0.14
8762,West,2020-12-26,8.29,468.49,7.44,5.64
8763,West,2020-12-27,8.26,554.6,8.53,0.01
8764,West,2020-12-28,9.7,505.22,8.13,0.59
8765,West,2020-12-29,10.28,568.51,5.56,0.1
8766,West,2020-12-30,9.91,558.04,9.48,0.29
8767,West,2020-12-31,9.94,472.92,7.58,0.04
8768,West,2021-01-01,12.07,362.81,8.36,0.11
8769,West,2021-01-02,10.26,381.57,11.3,0.24
8770,West,2021-01-03,10.56,373.41,9.92,0.18
8771,West,2021-01-04,10.71,518.49,8.31,0.16
8772,West,2021-01-05,14.32,342.72,5.93,0.11
8773,West,2021-01-06,10.43,523.26,5.95,0.28
8774,West,2021-01-07,12.77,551.89,9.72,0.21
8775,West,2021-01-08,10.25,614.79,7.37,0.42
8776,West,2021-01-09,12.62,591.74,7.72,0.26
8777,West,2021-01-10,13.18,628.62,6.25,0.03
8778,West,2021-01-11,14.43,594.64,8.63,0.19
8779,West,2021-01-12,11.66,540.69,9.66,0.01
8780,West,2021-01-13,10.37,563.12,10.23,0.1
8781,West,2021-01-14,11.19,508.47,7.26,0.11
8782,West,2021-01-15,14.86,599.83,8.89,0.39
8783,West,2021-01-16,17.25,459.81,7.77,0.04
8784,West,2021-01-17,14.92,676.76,9.23,1.03
8785,West,2021-01-18,10.9,519.85,7.89,0.04
8786,West,2021-01-19,15.18,613.56,6.65,0.59
8787,West,2021-01-20,11.86,631.82,9.85,0.15
8788,West,2021-01-21,13.21,703.94,8.01,0.25
8789,West,2021-01-22,14.44,481.21,7.32,0.21
8790,West,2021-01-23,14.93,594.41,8.1,0.07
8791,West,2021-01-24,14.51,669.15,6.71,0.46
8792,West,2021-01-25,13.33,769.93,8.43,0.2
8793,West,2021-01-26,16.81,631.36,7.49,0.14
8794,West,2021-01-27,13.79,591.52,6.58,0.15
8795,West,2021-01-28,17.5,805.78,11.32,2.21
8796,West,2021-01-29,12.43,712.34,6.23,0.01
8797,West,2021-01-30,15.72,762.49,8.25,0.1
8798,West,2021-01-31,12.99,560.26,7.79,0.37
8799,West,2021-02-01,13.92,703.09,6.15,0.01
8800,West,2021-02-02,14.7,579.06,7.16,0.2
8801,West,2021-02-03,18.91,565.61,5.63,0.52
8802,West,2021-02-04,18.63,720.79,10.73,0.23
8803,West,2021-02-05,17.9,730.57,7.21,0.19
8804,West,2021-02-06,16.36,643.98,7.31,0.36
8805,West,2021-02-07,16.8,801.18,10.48,0.13
8806,West,2021-02-08,19.09,661.11,6.31,0.03
8807,West,2021-02-09,18.1,672.99,9.46,0.07
8808,West,2021-02-10,16.86,695.61,8.39,0.8
8809,West,2021-02-11,19.92,682.9,4.51,0.02
8810,West,2021-02-12,18.71,808.3,6.9,0.04
8811,West,2021-02-13,17.69,626.5,8.08,0.92
8812,West,2021-02-14,16.41,653.15,7.46,0.43
8813,West,2021-02-15,16.34,621.78,7.44,0.25
8814,West,2021-02-16,16.89,871.31,6.44,0.03
8815,West,2021-02-17,18.59,698.13,6.26,0.06
8816,West,2021-02-18,19.46,666.01,6.84,0.04
8817,West,2021-02-19,15.01,707.84,10.22,0.2
8818,West,2021-02-20,14.12,802.01,5.89,0.1
8819,West,2021-02-21,16.21,790.38,6.5,0.01
8820,West,2021-02-22,17.4,694.39,7.24,0.07
8821,West,2021-02-23,20.71,711.49,4.97,0.39
8822,West,2021-02-24,17.86,630.01,7.79,0.32
8823,West,2021-02-25,19.03,760.45,5.18,0.21
8824,West,2021-02-26,19.45,854.77,5.45,0.02
8825,West,2021-02-27,16.66,708.4,5.35,0.43
8826,West,2021-02-28,21.71,808.49,4.56,0.76
8827,West,2021-03-01,17.55,713.67,8.9,0.14
8828,West,2021-03-02,22.09,675.12,7.75,2.72
8829,West,2021-03-03,18.79,819.64,8.32,0.0
8830,West,2021-03-04,18.45,955.41,8.15,0.16
8831,West,2021-03-05,16.98,813.36,6.62,0.31
8832,West,2021-03-06,19.67,739.0,6.8,0.01
8833,West,2021-03-07,23.86,746.29,8.33,0.09
8834,West,2021-03-08,20.24,929.03,9.24,3.79
8835,West,2021-03-09,20.02,802.82,4.86,0.05
8836,West,2021-03-10,18.21,718.88,10.5,0.15
8837,West,2021-03-11,20.79,776.98,4.71,0.27
8838,West,2021-03-12,19.98,800.89,5.96,0.1
8839,West,2021-03-13,19.59,822.85,6.73,0.1
8840,West,2021-03-14,20.76,907.83,6.83,0.01
8841,West,2021-03-15,16.19,890.41,9.5,0.04
8842,West,2021-03-16,19.66,805.58,8.04,0.43
8843,West,2021-03-17,17.51,787.7,7.1,1.71
8844,West,2021-03-18,20.01,823.91,8.01,0.07
8845,West,2021-03-19,18.54,744.7,6.94,0.1
8846,West,2021-03-20,18.71,872.79,5.37,0.12
8847,West,2021-03-21,17.38,779.06,7.08,0.08
8848,West,2021-03-22,22.31,835.48,6.42,0.21
8849,West,2021-03-23,18.75,934.04,5.02,0.0
8850,West,2021-03-24,18.88,841.89,8.14,0.42
8851,West,2021-03-25,23.21,816.72,6.13,0.07
8852,West,2021-03-26,21.3,757.38,4.5,0.41
8853,West,2021-03-27,16.11,792.95,4.7,0.12
8854,West,2021-03-28,22.96,708.65,6.91,0.3
8855,West,2021-03-29,23.49,842.43,7.65,0.35
8856,West,2021-03-30,23.31,629.18,6.77,0.07
8857,West,2021-03-31,21.54,877.47,6.74,1.02
8858,West,2021-04-01,18.0,858.51,4.76,0.19
8859,West,2021-04-02,20.1,807.72,6.08,0.13
8860,West,2021-04-03,17.3,757.02,5.41,0.13
8861,West,2021-04-04,18.45,798.07,5.58,0.07
8862,West,2021-04-05,17.95,657.08,5.67,0.07
8863,West,2021-04-06,18.9,864.44,4.81,0.16
8864,West,2021-04-07,20.47,784.87,6.9,0.01
8865,West,2021-04-08,19.23,918.55,4.22,0.54
8866,West,2021-04-09,19.12,827.96,3.75,0.21
8867,West,2021-04-10,19.48,814.3,4.49,0.12
8868,West,2021-04-11,23.03,826.95,6.96,0.01
8869,West,2021-04-12,24.33,715.84,6.11,0.2
8870,West,2021-04-13,19.07,756.72,2.89,0.0
8871,West,2021-04-14,20.6,802.27,6.43,0.23
8872,West,2021-04-15,18.2,766.18,5.42,0.02
8873,West,2021-04-16,21.38,742.92,4.84,0.21
8874,West,2021-04-17,18.84,765.02,5.07,0.1
8875,West,2021-04-18,18.32,789.63,3.4,1.09
8876,West,2021-04-19,23.69,970.01,5.63,0.03
8877,West,2021-04-20,16.92,756.8,3.43,0.02
8878,West,2021-04-21,14.67,726.87,4.78,0.06
8879,West,2021-04-22,20.98,767.0,4.75,0.11
8880,West,2021-04-23,18.71,897.41,6.39,0.06
8881,West,2021-04-24,18.09,901.12,5.26,0.02
8882,West,2021-04-25,24.78,929.11,6.23,0.08
8883,West,2021-04-26,20.7,775.88,3.35,0.24
8884,West,2021-04-27,19.05,820.08,4.95,0.17
8885,West,2021-04-28,17.67,682.42,5.88,0.66
8886,West,2021-04-29,19.9,735.73,6.91,0.11
8887,West,2021-04-30,15.46,672.31,3.31,0.08
8888,West,2021-05-01,17.81,796.8,3.73,1.18
8889,West,2021-05-02,18.68,759.37,5.72,0.11
8890,West,2021-05-03,19.09,771.67,7.35,0.19
8891,West,2021-05-04,18.28,683.08,5.33,0.58
8892,West,2021-05-05,17.08,815.96,3.21,0.14
8893,West,2021-05-06,20.21,552.4,3.21,0.14
8894,West,2021-05-07,14.97,721.78,5.02,0.3
8895,West,2021-05-08,17.61,730.32,5.33,0.28
8896,West,2021-05-09,17.03,573.97,4.43,0.15
8897,West,2021-05-10,19.98,763.2,3.12,0.07
8898,West,2021-05-11,16.93,715.31,6.36,0.79
8899,West,2021-05-12,18.61,770.69,4.16,0.09
8900,West,2021-05-13,18.28,882.35,5.45,0.08
8901,West,2021-05-14,13.83,744.84,1.97,0.8
8902,West,2021-05-15,17.25,793.12,6.41,0.41
8903,West,2021-05-16,13.78,822.15,3.56,0.4
8904,West,2021-05-17,17.84,747.35,6.58,0.37
8905,West,2021-05-18,15.55,634.96,5.45,0.26
8906,West,2021-05-19,19.26,569.21,2.37,0.08
8907,West,2021-05-20,16.4,726.5,4.86,0.06
8908,West,2021-05-21,15.09,660.6,6.95,0.78
8909,West,2021-05-22,18.89,791.32,3.55,0.17
8910,West,2021-05-23,14.62,646.58,6.91,0.29
8911,West,2021-05-24,18.01,679.34,4.98,0.25
8912,West,2021-05-25,17.02,583.61,6.39,0.28
8913,West,2021-05-26,15.21,644.63,4.6,0.47
8914,West,2021-05-27,13.13,592.45,4.16,0.14
8915,West,2021-05-28,18.14,595.45,7.08,0.28
8916,West,2021-05-29,16.51,654.99,5.39,0.32
8917,West,2021-05-30,13.82,606.27,3.93,0.59
8918,West,2021-05-31,15.71,860.71,4.91,0.25
8919,West,2021-06-01,17.08,712.75,3.41,0.45
8920,West,2021-06-02,15.14,728.12,4.4,0.02
8921,West,2021-06-03,15.24,627.9,6.01,0.03
8922,West,2021-06-04,16.68,640.62,3.96,0.03
8923,West,2021-06-05,17.53,593.13,2.88,0.03
8924,West,2021-06-06,14.06,832.76,2.72,0.02
8925,West,2021-06-07,11.47,609.37,4.27,0.13
8926,West,2021-06-08,11.38,565.01,2.94,1.1
8927,West,2021-06-09,12.44,548.19,1.99,0.32
8928,West,2021-06-10,11.79,630.51,2.33,0.13
8929,West,2021-06-11,10.14,712.5,5.87,1.72
8930,West,2021-06-12,17.03,680.89,3.89,0.03
8931,West,2021-06-13,14.23,528.51,4.18,0.08
8932,West,2021-06-14,11.96,521.59,2.63,0.03
8933,West,2021-06-15,12.78,678.8,3.2,0.01
8934,West,2021-06-16,9.1,742.22,3.14,0.65
8935,West,2021-06-17,14.82,557.49,3.64,0.39
8936,West,2021-06-18,8.44,660.59,1.56,0.42
8937,West,2021-06-19,13.19,441.71,5.67,2.03
8938,West,2021-06-20,8.33,486.45,4.01,0.03
8939,West,2021-06-21,11.01,468.07,4.33,0.31
8940,West,2021-06-22,14.15,576.72,5.39,0.26
8941,West,2021-06-23,8.23,524.31,5.27,0.52
8942,West,2021-06-24,11.03,552.55,3.15,0.25
8943,West,2021-06-25,12.41,625.89,4.92,0.11
8944,West,2021-06-26,11.91,470.96,4.9,0.07
8945,West,2021-06-27,10.95,525.58,4.48,0.06
8946,West,2021-06-28,11.63,405.87,5.59,1.06
8947,West,2021-06-29,9.24,600.85,5.2,0.04
8948,West,2021-06-30,14.16,590.3,5.09,0.13
8949,West,2021-07-01,6.9,526.37,6.05,0.21
8950,West,2021-07-02,12.27,501.85,4.04,0.14
8951,West,2021-07-03,10.16,446.36,4.09,0.06
8952,West,2021-07-04,10.84,370.29,5.23,0.68
8953,West,2021-07-05,11.02,501.23,3.74,0.32
8954,West,2021-07-06,10.37,532.14,4.73,0.23
8955,West,2021-07-07,7.47,628.05,3.17,0.39
8956,West,2021-07-08,8.35,429.89,0.6,0.0
8957,West,2021-07-09,5.85,477.87,4.92,0.0
8958,West,2021-07-10,7.98,540.31,1.7,0.03
8959,West,2021-07-11,9.05,537.63,2.98,0.14
8960,West,2021-07-12,9.45,391.2,5.27,0.84
8961,West,2021-07-13,8.85,413.61,5.29,0.02
8962,West,2021-07-14,4.39,388.9,5.82,0.02
8963,West,2021-07-15,6.61,353.75,1.03,0.35
8964,West,2021-07-16,6.25,538.63,4.51,0.12
8965,West,2021-07-17,4.78,420.95,3.69,0.98
8966,West,2021-07-18,5.57,405.05,5.57,0.05
8967,West,2021-07-19,7.08,425.88,6.32,0.21
8968,West,2021-07-20,9.74,405.48,2.15,0.33
8969,West,2021-07-21,4.84,378.64,4.15,2.06
8970,West,2021-07-22,4.33,330.56,5.38,0.07
8971,West,2021-07-23,5.23,511.91,3.64,0.21
8972,West,2021-07-24,6.95,336.3,6.78,0.05
8973,West,2021-07-25,8.56,302.75,3.57,0.22
8974,West,2021-07-26,5.78,366.06,3.74,0.15
8975,West,2021-07-27,2.91,540.45,2.59,0.18
8976,West,2021-07-28,3.18,297.5,4.45,0.0
8977,West,2021-07-29,5.87,415.42,0.0,0.1
8978,West,2021-07-30,7.33,334.41,3.88,0.07
8979,West,2021-07-31,8.83,369.21,6.17,0.4
8980,West,2021-08-01,2.68,418.96,2.19,1.5
8981,West,2021-08-02,5.18,203.21,1.88,0.11
8982,West,2021-08-03,2.69,264.72,6.0,0.2
8983,West,2021-08-04,2.81,404.76,6.22,0.01
8984,West,2021-08-05,2.5,335.66,2.33,0.2
8985,West,2021-08-06,3.66,340.61,6.98,0.02
8986,West,2021-08-07,2.43,376.42,5.05,0.25
8987,West,2021-08-08,9.01,244.25,6.0,0.17
8988,West,2021-08-09,3.0,395.78,3.26,0.36
8989,West,2021-08-10,5.76,372.97,6.7,0.09
8990,West,2021-08-11,2.34,322.52,4.09,0.02
8991,West,2021-08-12,7.99,337.03,4.04,0.08
8992,West,2021-08-13,4.08,388.97,5.26,0.68
8993,West,2021-08-14,4.95,244.51,3.97,0.13
8994,West,2021-08-15,1.97,341.23,2.3,0.13
8995,West,2021-08-16,4.98,424.25,4.8,0.2
8996,West,2021-08-17,3.58,332.38,4.15,0.13
8997,West,2021-08-18,2.04,259.84,3.51,0.09
8998,West,2021-08-19,0.52,459.66,6.54,0.15
8999,West,2021-08-20,2.09,289.3,8.3,0.2
9000,West,2021-08-21,1.81,379.42,3.36,0.28
9001,West,2021-08-22,4.09,230.58,5.06,0.51
9002,West,2021-08-23,1.78,346.57,4.19,0.0
9003,West,2021-08-24,-1.7,214.34,8.25,0.01
9004,West,2021-08-25,3.33,280.91,5.58,0.46
9005,West,2021-08-26,4.53,203.55,6.26,0.2
9006,West,2021-08-27,-1.48,401.31,6.68,0.63
9007,West,2021-08-28,5.36,228.73,5.13,0.11
9008,West,2021-08-29,4.46,155.07,4.68,0.11
9009,West,2021-08-30,0.31,248.67,7.27,0.08
9010,West,2021-08-31,-0.74,281.46,6.19,0.03
9011,West,2021-09-01,3.51,233.87,3.78,0.1
9012,West,2021-09-02,-1.41,168.52,3.99,0.0
9013,West,2021-09-03,-0.09,314.23,4.53,0.14
9014,West,2021-09-04,-1.46,329.73,6.88,0.38
9015,West,2021-09-05,1.11,94.98,7.38,0.08
9016,West,2021-09-06,3.96,154.56,8.43,0.02
9017,West,2021-09-07,1.71,209.96,4.17,0.73
9018,West,2021-09-08,2.94,178.31,5.48,0.14
9019,West,2021-09-09,0.13,261.01,4.7,0.15
9020,West,2021-09-10,0.97,364.33,5.06,0.33
9021,West,2021-09-11,-1.73,185.02,6.76,0.06
9022,West,2021-09-12,0.48,340.03,5.33,1.84
9023,West,2021-09-13,-0.87,94.92,7.41,0.16
9024,West,2021-09-14,0.25,247.42,4.69,0.08
9025,West,2021-09-15,0.07,162.04,6.61,0.4
9026,West,2021-09-16,-0.14,246.56,4.87,0.19
9027,West,2021-09-17,4.66,66.65,2.81,0.19
9028,West,2021-09-18,3.95,103.28,4.07,0.14
9029,West,2021-09-19,3.21,243.15,5.82,0.06
9030,West,2021-09-20,3.94,153.82,8.55,0.36
9031,West,2021-09-21,3.16,177.55,5.01,0.02
9032,West,2021-09-22,0.25,349.57,5.48,0.06
9033,West,2021-09-23,0.02,213.03,6.5,0.07
9034,West,2021-09-24,0.73,273.59,4.9,0.01
9035,West,2021-09-25,-0.18,140.26,5.11,0.02
9036,West,2021-09-26,-1.85,93.33,5.98,0.06
9037,West,2021-09-27,0.81,193.88,5.25,0.23
9038,West,2021-09-28,-2.92,80.9,3.27,0.04
9039,West,2021-09-29,0.48,144.14,5.0,0.15
9040,West,2021-09-30,-1.78,219.02,6.93,0.14
9041,West,2021-10-01,0.05,191.17,7.01,0.36
9042,West,2021-10-02,0.6,226.99,8.08,0.19
9043,West,2021-10-03,-0.48,248.49,8.0,0.5
9044,West,2021-10-04,-3.05,105.14,4.8,0.2
9045,West,2021-10-05,-2.13,125.87,5.06,0.01
9046,West,2021-10-06,1.18,27.45,5.16,0.1
9047,West,2021-10-07,-0.83,172.69,6.02,0.24
9048,West,2021-10-08,1.43,261.96,5.35,0.13
9049,West,2021-10-09,0.35,323.1,6.06,0.11
9050,West,2021-10-10,-0.03,219.9,5.04,0.22
9051,West,2021-10-11,1.09,315.47,7.56,0.07
9052,West,2021-10-12,-0.92,237.35,5.0,2.4
9053,West,2021-10-13,1.27,216.37,4.96,0.11
9054,West,2021-10-14,-0.33,160.08,7.27,0.2
9055,West,2021-10-15,5.62,19.47,7.6,0.81
9056,West,2021-10-16,-1.67,309.52,6.21,0.31
9057,West,2021-10-17,-0.07,208.87,7.89,0.15
9058,West,2021-10-18,0.06,325.75,7.81,0.39
9059,West,2021-10-19,-1.95,140.35,9.5,0.16
9060,West,2021-10-20,2.26,412.35,7.78,0.12
9061,West,2021-10-21,0.01,199.95,9.28,0.41
9062,West,2021-10-22,-3.83,166.36,6.84,0.01
9063,West,2021-10-23,2.39,206.55,8.88,0.1
9064,West,2021-10-24,-0.21,239.4,8.94,0.08
9065,West,2021-10-25,0.93,222.3,6.63,0.25
9066,West,2021-10-26,2.56,188.88,5.84,0.0
9067,West,2021-10-27,0.56,88.13,6.14,0.22
9068,West,2021-10-28,0.62,170.43,7.56,0.09
9069,West,2021-10-29,6.38,323.19,5.24,0.02
9070,West,2021-10-30,-2.78,169.39,6.31,0.79
9071,West,2021-10-31,-0.95,105.01,8.82,0.05
9072,West,2021-11-01,-0.48,160.61,8.05,0.09
9073,West,2021-11-02,5.38,240.72,3.55,0.05
9074,West,2021-11-03,0.61,189.91,5.11,0.22
9075,West,2021-11-04,2.47,231.17,10.38,0.31
9076,West,2021-11-05,1.14,192.66,8.94,0.39
9077,West,2021-11-06,3.4,340.37,6.32,0.07
9078,West,2021-11-07,2.27,301.98,4.99,0.15
9079,West,2021-11-08,2.91,443.35,5.38,1.09
9080,West,2021-11-09,5.09,238.64,8.04,0.2
9081,West,2021-11-10,3.5,249.72,10.27,0.25
9082,West,2021-11-11,1.27,370.59,10.2,0.29
9083,West,2021-11-12,3.48,310.66,4.99,0.02
9084,West,2021-11-13,7.81,207.59,6.94,0.18
9085,West,2021-11-14,4.22,331.02,6.12,0.27
9086,West,2021-11-15,3.52,321.88,7.63,0.13
9087,West,2021-11-16,0.6,150.38,5.46,0.11
9088,West,2021-11-17,4.91,245.56,6.66,0.12
9089,West,2021-11-18,5.33,316.74,6.2,0.09
9090,West,2021-11-19,4.35,421.11,8.31,0.18
9091,West,2021-11-20,4.08,365.21,6.77,0.08
9092,West,2021-11-21,9.65,268.26,7.01,0.2
9093,West,2021-11-22,5.83,260.8,8.35,0.05
9094,West,2021-11-23,6.74,385.4,10.07,0.28
9095,West,2021-11-24,4.53,131.65,10.8,0.3
9096,West,2021-11-25,4.28,265.38,8.33,0.17
9097,West,2021-11-26,5.95,447.01,7.53,0.09
9098,West,2021-11-27,4.56,362.34,9.66,0.0
9099,West,2021-11-28,4.87,282.28,9.45,0.03
9100,West,2021-11-29,6.05,251.23,9.04,0.02
9101,West,2021-11-30,4.24,419.05,5.37,0.0
9102,West,2021-12-01,5.86,362.6,9.57,0.26
9103,West,2021-12-02,5.73,343.44,8.31,0.63
9104,West,2021-12-03,7.66,395.45,6.45,0.0
9105,West,2021-12-04,4.66,383.34,6.8,0.02
9106,West,2021-12-05,2.03,381.87,8.69,0.39
9107,West,2021-12-06,5.57,273.62,4.06,0.23
9108,West,2021-12-07,7.14,302.19,7.66,0.1
9109,West,2021-12-08,8.44,448.95,6.88,0.99
9110,West,2021-12-09,5.28,438.63,6.74,0.17
9111,West,2021-12-10,7.92,429.31,7.2,0.22
9112,West,2021-12-11,9.26,356.7,5.67,0.21
9113,West,2021-12-12,8.66,469.74,9.48,0.05
9114,West,2021-12-13,5.74,383.8,4.72,0.13
9115,West,2021-12-14,6.12,522.54,8.18,0.05
9116,West,2021-12-15,8.52,363.65,6.66,0.14
9117,West,2021-12-16,11.07,386.38,10.92,0.01
9118,West,2021-12-17,8.02,421.31,7.98,0.1
9119,West,2021-12-18,7.82,506.25,4.77,0.09
9120,West,2021-12-19,5.59,440.73,8.78,0.07
9121,West,2021-12-20,7.77,451.63,6.33,0.02
9122,West,2021-12-21,7.23,422.38,9.45,1.47
9123,West,2021-12-22,8.89,480.26,8.91,0.11
9124,West,2021-12-23,5.98,458.28,10.19,1.68
9125,West,2021-12-24,8.52,406.33,8.27,0.36
9126,West,2021-12-25,7.33,484.39,9.22,0.05
9127,West,2021-12-26,11.4,491.42,8.06,0.11
9128,West,2021-12-27,7.97,672.5,7.11,0.26
9129,West,2021-12-28,8.72,440.79,9.6,0.14
9130,West,2021-12-29,10.6,427.69,6.15,0.39
9131,West,2021-12-30,9.3,522.32,7.95,0.17
9132,West,2021-12-31,15.1,425.74,7.15,0.2
9133,West,2022-01-01,12.41,424.48,9.26,0.31
9134,West,2022-01-02,10.76,400.53,6.58,0.03
9135,West,2022-01-03,11.63,458.67,7.38,0.18
9136,West,2022-01-04,6.36,465.8,8.06,0.02
9137,West,2022-01-05,13.7,428.27,10.22,0.06
9138,West,2022-01-06,12.43,516.04,7.19,0.05
9139,West,2022-01-07,11.43,351.91,7.38,0.17
9140,West,2022-01-08,12.88,585.63,5.95,0.37
9141,West,2022-01-09,13.3,506.84,6.5,0.03
9142,West,2022-01-10,11.26,523.69,8.58,0.29
9143,West,2022-01-11,13.02,608.48,8.01,0.03
9144,West,2022-01-12,14.52,596.32,8.02,0.04
9145,West,2022-01-13,13.5,521.21,10.55,0.5
9146,West,2022-01-14,12.25,612.75,5.43,0.0
9147,West,2022-01-15,13.52,705.5,11.4,0.04
9148,West,2022-01-16,15.86,505.57,9.68,0.05
9149,West,2022-01-17,14.82,651.78,7.42,0.07
9150,West,2022-01-18,11.09,507.33,8.48,0.09
9151,West,2022-01-19,14.76,695.29,6.86,0.02
9152,West,2022-01-20,14.65,549.15,8.35,0.13
9153,West,2022-01-21,16.23,550.91,11.08,0.1
9154,West,2022-01-22,14.13,707.64,6.88,0.2
9155,West,2022-01-23,13.48,678.17,7.48,0.4
9156,West,2022-01-24,11.64,570.83,6.68,0.07
9157,West,2022-01-25,13.15,640.02,6.91,0.16
9158,West,2022-01-26,17.1,577.67,7.18,0.09
9159,West,2022-01-27,15.24,511.65,6.13,0.01
9160,West,2022-01-28,14.79,658.76,7.36,0.34
9161,West,2022-01-29,17.74,619.62,7.82,0.2
9162,West,2022-01-30,17.47,576.93,7.12,0.0
9163,West,2022-01-31,13.97,761.4,4.26,0.06
9164,West,2022-02-01,17.99,588.44,7.45,0.07
9165,West,2022-02-02,12.41,677.25,7.6,0.33
9166,West,2022-02-03,16.79,756.4,10.49,0.29
9167,West,2022-02-04,16.7,653.76,7.67,0.1
9168,West,2022-02-05,18.45,619.68,9.01,0.03
9169,West,2022-02-06,17.05,706.36,6.95,0.1
9170,West,2022-02-07,15.94,723.07,9.51,0.33
9171,West,2022-02-08,16.23,760.75,6.13,0.12
9172,West,2022-02-09,22.08,844.29,8.28,0.02
9173,West,2022-02-10,16.99,661.91,8.76,0.01
9174,West,2022-02-11,18.15,718.0,8.52,0.08
9175,West,2022-02-12,13.03,604.58,10.7,0.03
9176,West,2022-02-13,15.55,763.15,6.55,0.27
9177,West,2022-02-14,18.36,728.19,9.53,0.07
9178,West,2022-02-15,14.21,702.8,9.11,0.42
9179,West,2022-02-16,18.66,671.18,7.43,0.19
9180,West,2022-02-17,16.23,696.22,10.09,0.1
9181,West,2022-02-18,15.72,746.4,7.08,0.94
9182,West,2022-02-19,16.44,653.53,7.31,0.35
9183,West,2022-02-20,21.06,709.52,7.24,0.03
9184,West,2022-02-21,18.78,738.62,5.31,0.67
9185,West,2022-02-22,16.4,617.24,8.34,0.17
9186,West,2022-02-23,19.87,659.36,8.08,0.0
9187,West,2022-02-24,20.08,693.64,6.98,0.07
9188,West,2022-02-25,17.76,874.81,9.76,0.03
9189,West,2022-02-26,20.53,685.73,6.43,0.06
9190,West,2022-02-27,20.72,750.48,4.46,0.01
9191,West,2022-02-28,20.5,674.38,9.88,0.06
9192,West,2022-03-01,17.53,698.12,8.51,0.23
9193,West,2022-03-02,16.61,647.49,7.9,0.34
9194,West,2022-03-03,15.66,818.84,6.43,0.09
9195,West,2022-03-04,17.82,661.55,7.42,0.15
9196,West,2022-03-05,18.47,842.45,4.98,0.01
9197,West,2022-03-06,18.7,809.54,6.5,0.02
9198,West,2022-03-07,19.25,768.21,5.46,0.16
9199,West,2022-03-08,22.88,851.49,7.17,0.37
9200,West,2022-03-09,18.8,1026.52,8.13,0.02
9201,West,2022-03-10,19.45,818.35,5.14,0.11
9202,West,2022-03-11,15.97,692.35,7.77,3.52
9203,West,2022-03-12,24.12,902.8,6.95,0.27
9204,West,2022-03-13,17.09,800.21,7.64,0.22
9205,West,2022-03-14,18.36,955.76,6.22,0.07
9206,West,2022-03-15,21.21,747.85,7.61,0.59
9207,West,2022-03-16,20.36,892.28,5.48,0.05
9208,West,2022-03-17,23.19,791.01,3.96,0.12
9209,West,2022-03-18,21.39,1004.77,4.27,0.09
9210,West,2022-03-19,19.82,770.83,5.66,0.67
9211,West,2022-03-20,22.11,1034.53,3.97,0.27
9212,West,2022-03-21,22.37,830.53,8.68,0.22
9213,West,2022-03-22,18.76,863.96,6.19,0.05
9214,West,2022-03-23,22.03,933.01,7.66,0.18
9215,West,2022-03-24,19.68,734.65,7.43,0.09
9216,West,2022-03-25,19.94,875.79,6.22,0.06
9217,West,2022-03-26,20.45,775.36,11.49,0.24
9218,West,2022-03-27,19.42,811.29,10.54,0.67
9219,West,2022-03-28,19.32,806.18,8.2,0.41
9220,West,2022-03-29,22.17,845.57,4.72,0.02
9221,West,2022-03-30,17.15,842.35,8.19,0.12
9222,West,2022-03-31,18.08,753.98,3.39,1.19
9223,West,2022-04-01,21.56,809.96,8.07,0.17
9224,West,2022-04-02,20.06,613.12,2.11,0.26
9225,West,2022-04-03,22.18,878.88,5.43,0.74
9226,West,2022-04-04,20.9,934.89,7.68,0.42
9227,West,2022-04-05,17.51,814.25,6.41,0.29
9228,West,2022-04-06,20.28,670.05,3.58,0.02
9229,West,2022-04-07,21.21,857.41,6.02,2.04
9230,West,2022-04-08,20.59,736.23,6.31,0.3
9231,West,2022-04-09,19.16,811.19,6.01,0.15
9232,West,2022-04-10,19.52,850.63,5.05,0.34
9233,West,2022-04-11,18.92,838.59,6.91,0.22
9234,West,2022-04-12,17.35,880.35,7.32,0.16
9235,West,2022-04-13,17.04,804.51,5.33,0.58
9236,West,2022-04-14,20.71,805.5,7.81,0.03
9237,West,2022-04-15,18.14,849.32,5.26,0.99
9238,West,2022-04-16,20.99,783.33,4.73,0.03
9239,West,2022-04-17,18.6,732.58,7.47,0.13
9240,West,2022-04-18,17.12,822.27,7.38,0.05
9241,West,2022-04-19,18.87,694.2,4.44,0.32
9242,West,2022-04-20,23.82,776.36,4.19,0.2
9243,West,2022-04-21,19.38,670.84,7.95,0.04
9244,West,2022-04-22,20.81,734.83,5.11,2.83
9245,West,2022-04-23,19.79,736.22,5.24,0.07
9246,West,2022-04-24,16.57,696.54,4.83,0.06
9247,West,2022-04-25,22.21,861.22,7.16,1.99
9248,West,2022-04-26,18.74,852.45,8.36,0.29
9249,West,2022-04-27,16.54,873.87,5.22,1.11
9250,West,2022-04-28,18.06,751.39,8.71,0.03
9251,West,2022-04-29,18.59,729.32,4.22,0.29
9252,West,2022-04-30,20.42,825.8,4.6,0.09
9253,West,2022-05-01,17.48,769.22,6.0,1.02
9254,West,2022-05-02,23.99,766.18,3.74,0.22
9255,West,2022-05-03,16.78,550.07,5.92,0.36
9256,West,2022-05-04,19.79,811.3,4.12,0.26
9257,West,2022-05-05,14.52,797.82,2.56,0.18
9258,West,2022-05-06,18.12,744.53,2.23,0.25
9259,West,2022-05-07,19.01,807.21,4.33,0.18
9260,West,2022-05-08,15.93,786.99,5.42,0.01
9261,West,2022-05-09,21.06,679.96,2.72,0.08
9262,West,2022-05-10,18.82,714.88,5.0,0.08
9263,West,2022-05-11,17.21,648.54,4.98,0.25
9264,West,2022-05-12,18.58,842.78,4.43,0.86
9265,West,2022-05-13,16.43,800.54,3.27,0.19
9266,West,2022-05-14,20.0,653.75,4.99,1.88
9267,West,2022-05-15,19.41,764.81,4.39,0.15
9268,West,2022-05-16,18.01,733.96,6.06,0.05
9269,West,2022-05-17,18.36,653.11,2.62,0.0
9270,West,2022-05-18,14.06,714.18,4.71,0.03
9271,West,2022-05-19,19.82,769.09,2.6,0.03
9272,West,2022-05-20,16.56,771.74,4.13,0.05
9273,West,2022-05-21,18.68,879.18,2.82,1.01
9274,West,2022-05-22,17.99,696.17,3.07,0.16
9275,West,2022-05-23,18.38,665.56,4.42,0.09
9276,West,2022-05-24,14.13,725.46,3.55,0.71
9277,West,2022-05-25,14.24,661.7,6.58,1.16
9278,West,2022-05-26,20.44,625.34,6.13,1.01
9279,West,2022-05-27,12.76,593.81,5.55,0.02
9280,West,2022-05-28,13.46,389.36,5.5,0.34
9281,West,2022-05-29,15.6,718.01,4.5,0.15
9282,West,2022-05-30,15.46,523.78,6.24,0.04
9283,West,2022-05-31,14.14,579.98,3.83,0.17
9284,West,2022-06-01,16.3,669.28,7.43,0.01
9285,West,2022-06-02,16.72,615.63,2.82,0.72
9286,West,2022-06-03,14.73,808.72,2.53,0.35
9287,West,2022-06-04,14.07,511.42,2.11,0.06
9288,West,2022-06-05,14.41,806.6,2.36,0.11
9289,West,2022-06-06,13.31,733.25,1.73,0.1
9290,West,2022-06-07,10.75,690.8,4.48,0.4
9291,West,2022-06-08,14.59,728.46,5.43,0.09
9292,West,2022-06-09,15.36,640.88,4.19,0.01
9293,West,2022-06-10,13.35,467.42,2.05,0.24
9294,West,2022-06-11,8.97,640.01,3.41,0.05
9295,West,2022-06-12,12.19,475.48,5.36,0.6
9296,West,2022-06-13,14.99,546.74,3.58,0.52
9297,West,2022-06-14,10.13,577.82,2.88,0.07
9298,West,2022-06-15,14.24,506.21,1.8,0.0
9299,West,2022-06-16,11.79,649.79,3.43,0.15
9300,West,2022-06-17,12.47,551.99,3.0,0.32
9301,West,2022-06-18,10.97,596.8,3.92,0.06
9302,West,2022-06-19,9.9,558.25,4.75,0.12
9303,West,2022-06-20,14.87,564.02,3.61,0.04
9304,West,2022-06-21,13.47,477.89,4.3,0.08
9305,West,2022-06-22,12.95,449.82,4.73,0.28
9306,West,2022-06-23,13.31,526.32,2.17,0.11
9307,West,2022-06-24,12.33,456.21,6.84,0.59
9308,West,2022-06-25,13.04,639.85,2.9,0.31
9309,West,2022-06-26,9.65,413.1,4.78,0.29
9310,West,2022-06-27,13.56,705.02,2.3,0.04
9311,West,2022-06-28,13.21,537.07,4.17,0.11
9312,West,2022-06-29,11.23,513.29,4.22,0.38
9313,West,2022-06-30,9.72,459.36,6.49,0.12
9314,West,2022-07-01,7.67,549.97,3.65,1.08
9315,West,2022-07-02,10.41,475.91,5.95,0.07
9316,West,2022-07-03,13.15,511.13,4.44,0.01
9317,West,2022-07-04,7.28,549.28,6.78,0.04
9318,West,2022-07-05,11.47,530.33,1.34,0.1
9319,West,2022-07-06,8.32,570.83,4.73,0.09
9320,West,2022-07-07,8.32,509.53,0.0,0.45
9321,West,2022-07-08,6.57,385.27,3.93,0.16
9322,West,2022-07-09,7.24,289.88,5.55,0.2
9323,West,2022-07-10,9.87,468.04,6.2,0.23
9324,West,2022-07-11,9.95,464.11,5.14,0.15
9325,West,2022-07-12,8.71,595.07,3.6,0.29
9326,West,2022-07-13,7.07,426.68,4.86,0.31
9327,West,2022-07-14,5.7,460.87,7.83,0.09
9328,West,2022-07-15,7.86,488.07,4.18,0.02
9329,West,2022-07-16,6.84,461.97,5.51,0.86
9330,West,2022-07-17,7.83,483.45,3.44,0.21
9331,West,2022-07-18,6.6,345.53,5.7,1.23
9332,West,2022-07-19,6.48,327.96,5.46,0.28
9333,West,2022-07-20,7.23,378.73,3.2,0.19
9334,West,2022-07-21,7.45,222.39,5.29,0.13
9335,West,2022-07-22,9.04,388.32,5.37,0.84
9336,West,2022-07-23,5.76,333.92,5.26,0.26
9337,West,2022-07-24,7.36,407.7,4.1,0.37
9338,West,2022-07-25,9.72,355.99,6.02,0.12
9339,West,2022-07-26,7.1,291.27,2.79,0.47
9340,West,2022-07-27,8.13,472.71,4.22,0.26
9341,West,2022-07-28,4.41,369.83,4.39,0.27
9342,West,2022-07-29,4.05,427.68,5.99,0.02
9343,West,2022-07-30,5.03,368.8,2.8,0.19
9344,West,2022-07-31,5.09,386.75,4.63,0.08
9345,West,2022-08-01,7.19,236.3,3.55,0.22
9346,West,2022-08-02,3.44,443.03,4.47,0.17
9347,West,2022-08-03,4.58,406.72,4.91,0.02
9348,West,2022-08-04,6.76,330.62,2.42,0.15
9349,West,2022-08-05,4.9,350.91,6.26,0.12
9350,West,2022-08-06,4.31,403.87,5.02,1.5
9351,West,2022-08-07,4.67,289.75,3.11,0.14
9352,West,2022-08-08,1.8,188.77,3.91,0.13
9353,West,2022-08-09,1.63,283.11,6.69,0.25
9354,West,2022-08-10,0.61,319.57,5.09,0.22
9355,West,2022-08-11,4.07,300.86,3.04,0.96
9356,West,2022-08-12,5.36,404.99,3.34,0.09
9357,West,2022-08-13,4.93,218.98,5.47,0.23
9358,West,2022-08-14,5.56,225.35,5.68,0.04
9359,West,2022-08-15,6.06,203.68,5.13,0.33
9360,West,2022-08-16,3.32,319.0,4.17,0.31
9361,West,2022-08-17,2.78,159.05,5.85,0.26
9362,West,2022-08-18,5.75,337.13,4.19,0.03
9363,West,2022-08-19,1.28,199.57,3.4,0.88
9364,West,2022-08-20,0.21,208.99,7.09,0.57
9365,West,2022-08-21,1.78,409.15,5.47,0.09
9366,West,2022-08-22,1.44,362.91,3.59,0.17
9367,West,2022-08-23,2.34,270.68,4.99,0.44
9368,West,2022-08-24,0.44,153.17,4.86,0.14
9369,West,2022-08-25,2.78,416.19,4.32,0.18
9370,West,2022-08-26,0.8,236.39,5.22,0.18
9371,West,2022-08-27,4.3,269.03,3.51,0.21
9372,West,2022-08-28,-0.63,319.38,6.24,0.86
9373,West,2022-08-29,1.38,86.67,4.95,0.1
9374,West,2022-08-30,0.91,189.85,2.58,0.16
9375,West,2022-08-31,1.95,233.04,4.68,0.41
9376,West,2022-09-01,3.26,246.45,4.13,0.4
9377,West,2022-09-02,1.86,129.29,0.59,0.3
9378,West,2022-09-03,0.99,257.36,4.88,0.11
9379,West,2022-09-04,2.56,231.69,6.7,0.31
9380,West,2022-09-05,2.79,360.2,5.01,0.1
9381,West,2022-09-06,1.57,304.75,6.27,0.22
9382,West,2022-09-07,1.74,201.17,5.25,0.17
9383,West,2022-09-08,2.19,205.1,4.58,0.07
9384,West,2022-09-09,-2.45,300.1,4.2,0.6
9385,West,2022-09-10,0.08,239.86,3.41,0.35
9386,West,2022-09-11,1.48,105.8,6.75,0.49
9387,West,2022-09-12,0.09,381.4,6.49,0.05
9388,West,2022-09-13,0.04,133.2,5.01,0.12
9389,West,2022-09-14,1.32,409.28,2.43,0.11
9390,West,2022-09-15,1.32,243.86,6.21,0.67
9391,West,2022-09-16,1.42,157.53,4.17,0.75
9392,West,2022-09-17,-1.14,17.83,5.78,0.15
9393,West,2022-09-18,-2.43,268.26,3.29,1.77
9394,West,2022-09-19,1.99,81.1,5.77,0.22
9395,West,2022-09-20,-1.14,232.8,5.47,0.02
9396,West,2022-09-21,-1.3,358.09,2.09,0.24
9397,West,2022-09-22,-1.51,111.65,8.16,0.21
9398,West,2022-09-23,2.58,261.07,5.28,0.28
9399,West,2022-09-24,0.68,136.54,5.41,0.02
9400,West,2022-09-25,0.93,291.65,6.64,0.06
9401,West,2022-09-26,1.61,205.89,5.79,1.47
9402,West,2022-09-27,0.13,198.81,6.45,0.09
9403,West,2022-09-28,2.24,296.72,4.22,0.48
9404,West,2022-09-29,-2.19,250.05,5.76,0.15
9405,West,2022-09-30,-1.96,135.63,3.14,0.0
9406,West,2022-10-01,-2.07,343.04,5.69,0.24
9407,West,2022-10-02,1.06,77.36,8.25,0.14
9408,West,2022-10-03,1.24,222.53,3.85,0.08
9409,West,2022-10-04,-0.71,134.97,5.62,0.02
9410,West,2022-10-05,-0.22,82.25,2.99,0.22
9411,West,2022-10-06,2.8,111.0,6.23,0.04
9412,West,2022-10-07,-1.1,198.39,6.95,0.17
9413,West,2022-10-08,0.9,231.0,6.86,0.29
9414,West,2022-10-09,-1.04,288.51,5.41,0.05
9415,West,2022-10-10,2.55,322.74,3.13,0.24
9416,West,2022-10-11,1.65,227.82,4.52,0.46
9417,West,2022-10-12,-2.37,171.19,8.3,0.19
9418,West,2022-10-13,-0.06,290.89,7.77,0.3
9419,West,2022-10-14,-3.65,159.81,6.35,0.05
9420,West,2022-10-15,2.35,82.63,6.76,0.02
9421,West,2022-10-16,4.69,286.78,5.01,0.09
9422,West,2022-10-17,-3.72,319.04,8.52,1.23
9423,West,2022-10-18,-2.16,148.94,5.54,0.23
9424,West,2022-10-19,1.09,373.19,7.31,0.62
9425,West,2022-10-20,0.77,264.69,4.69,0.2
9426,West,2022-10-21,0.05,254.57,6.45,0.11
9427,West,2022-10-22,-2.54,180.4,8.62,0.32
9428,West,2022-10-23,1.64,305.09,5.36,0.03
9429,West,2022-10-24,2.84,103.81,7.93,0.34
9430,West,2022-10-25,6.83,200.71,5.22,0.46
9431,West,2022-10-26,3.82,171.46,5.52,0.03
9432,West,2022-10-27,-1.31,127.69,6.89,0.04
9433,West,2022-10-28,1.34,303.82,8.39,4.11
9434,West,2022-10-29,2.63,264.52,6.52,0.2
9435,West,2022-10-30,0.16,304.14,7.92,0.04
9436,West,2022-10-31,3.18,220.11,8.74,0.06
9437,West,2022-11-01,3.12,323.86,5.9,0.47
9438,West,2022-11-02,4.28,253.99,4.8,0.01
9439,West,2022-11-03,3.5,212.88,6.58,0.02
9440,West,2022-11-04,2.56,202.45,9.05,1.43
9441,West,2022-11-05,0.82,97.91,5.95,0.31
9442,West,2022-11-06,-0.39,352.74,8.72,0.89
9443,West,2022-11-07,2.74,346.79,6.83,0.01
9444,West,2022-11-08,1.6,500.1,9.89,0.44
9445,West,2022-11-09,1.9,242.41,10.65,0.08
9446,West,2022-11-10,4.87,219.16,8.85,0.08
9447,West,2022-11-11,5.47,139.79,4.86,0.03
9448,West,2022-11-12,0.38,356.17,3.75,0.86
9449,West,2022-11-13,2.55,341.29,7.47,0.79
9450,West,2022-11-14,2.22,410.65,8.77,0.4
9451,West,2022-11-15,3.84,216.83,8.18,0.02
9452,West,2022-11-16,-1.2,351.19,6.37,0.37
9453,West,2022-11-17,0.54,255.9,5.25,0.2
9454,West,2022-11-18,3.36,409.01,8.89,0.03
9455,West,2022-11-19,5.29,348.31,10.31,0.06
9456,West,2022-11-20,4.0,184.91,6.54,1.17
9457,West,2022-11-21,5.33,302.89,8.8,0.33
9458,West,2022-11-22,4.52,161.61,11.49,0.38
9459,West,2022-11-23,6.81,228.52,7.32,0.16
9460,West,2022-11-24,7.37,237.54,7.37,0.15
9461,West,2022-11-25,3.02,278.71,8.49,0.23
9462,West,2022-11-26,6.45,313.25,7.24,0.3
9463,West,2022-11-27,5.84,351.77,9.69,0.04
9464,West,2022-11-28,9.98,352.14,7.1,1.35
9465,West,2022-11-29,3.52,345.49,7.68,0.08
9466,West,2022-11-30,5.04,378.46,5.58,0.1
9467,West,2022-12-01,3.35,256.4,7.4,0.02
9468,West,2022-12-02,3.63,366.79,6.26,0.18
9469,West,2022-12-03,6.5,480.29,8.31,0.02
9470,West,2022-12-04,6.29,356.9,5.31,0.49
9471,West,2022-12-05,7.12,414.42,9.29,0.19
9472,West,2022-12-06,7.23,411.68,6.52,0.93
9473,West,2022-12-07,5.88,453.28,10.52,0.06
9474,West,2022-12-08,6.02,412.05,9.91,0.23
9475,West,2022-12-09,4.73,461.53,8.67,0.67
9476,West,2022-12-10,5.43,439.33,5.58,0.07
9477,West,2022-12-11,6.88,456.2,6.95,0.02
9478,West,2022-12-12,7.55,443.89,6.56,0.2
9479,West,2022-12-13,8.74,332.91,6.76,0.09
9480,West,2022-12-14,8.7,324.75,10.29,0.06
9481,West,2022-12-15,10.77,395.14,7.7,1.01
9482,West,2022-12-16,5.87,552.53,6.96,0.28
9483,West,2022-12-17,7.52,419.69,6.83,0.13
9484,West,2022-12-18,6.39,463.23,7.16,0.01
9485,West,2022-12-19,10.88,286.15,8.76,0.04
9486,West,2022-12-20,7.49,464.11,5.53,0.07
9487,West,2022-12-21,10.97,460.58,8.12,0.13
9488,West,2022-12-22,11.74,244.95,8.62,0.14
9489,West,2022-12-23,9.83,487.21,5.38,0.01
9490,West,2022-12-24,9.76,336.99,5.86,0.57
9491,West,2022-12-25,9.42,416.18,7.92,0.78
9492,West,2022-12-26,8.88,558.92,10.16,0.0
9493,West,2022-12-27,8.82,497.11,9.8,0.24
9494,West,2022-12-28,9.57,453.8,7.09,0.01
9495,West,2022-12-29,13.68,452.11,10.11,0.26
9496,West,2022-12-30,8.12,466.56,7.52,0.24
9497,West,2022-12-31,10.79,518.04,7.51,0.84
9498,West,2023-01-01,11.97,414.28,8.14,0.08
9499,West,2023-01-02,10.15,605.44,9.26,0.03
9500,West,2023-01-03,11.73,428.84,7.08,0.02
9501,West,2023-01-04,8.06,387.62,7.4,0.01
9502,West,2023-01-05,13.89,610.22,6.12,0.33
9503,West,2023-01-06,13.67,501.11,8.51,1.27
9504,West,2023-01-07,11.38,546.82,9.38,0.75
9505,West,2023-01-08,9.99,598.66,9.47,0.07
9506,West,2023-01-09,13.51,493.83,5.92,0.33
9507,West,2023-01-10,9.79,567.44,7.39,0.02
9508,West,2023-01-11,10.25,613.39,9.83,0.47
9509,West,2023-01-12,12.32,698.04,8.3,0.01
9510,West,2023-01-13,15.63,530.72,7.99,0.31
9511,West,2023-01-14,14.04,539.57,7.95,0.37
9512,West,2023-01-15,11.63,626.65,8.74,0.04
9513,West,2023-01-16,9.73,603.23,8.34,0.24
9514,West,2023-01-17,13.34,580.51,7.04,2.26
9515,West,2023-01-18,13.92,723.8,9.22,0.29
9516,West,2023-01-19,13.44,466.66,6.08,0.08
9517,West,2023-01-20,17.36,492.36,9.85,0.09
9518,West,2023-01-21,13.64,477.25,6.51,0.04
9519,West,2023-01-22,9.5,711.83,8.67,0.35
9520,West,2023-01-23,13.41,661.62,7.58,0.02
9521,West,2023-01-24,15.29,515.5,7.1,0.47
9522,West,2023-01-25,15.31,619.99,9.84,0.18
9523,West,2023-01-26,14.34,632.25,8.9,0.18
9524,West,2023-01-27,14.16,462.33,7.68,0.36
9525,West,2023-01-28,10.99,658.68,10.37,0.22
9526,West,2023-01-29,15.32,553.93,9.21,0.07
9527,West,2023-01-30,14.62,709.13,6.51,0.09
9528,West,2023-01-31,15.94,565.27,4.31,0.04
9529,West,2023-02-01,16.57,678.93,7.85,0.62
9530,West,2023-02-02,18.21,769.3,9.74,0.02
9531,West,2023-02-03,13.96,747.98,8.56,0.21
9532,West,2023-02-04,13.43,714.81,9.99,0.04
9533,West,2023-02-05,15.01,671.91,6.71,0.4
9534,West,2023-02-06,14.82,562.53,7.41,1.21
9535,West,2023-02-07,14.78,651.49,7.43,0.44
9536,West,2023-02-08,19.45,672.55,7.91,0.02
9537,West,2023-02-09,16.99,670.76,8.67,0.32
9538,West,2023-02-10,20.77,575.81,9.95,0.43
9539,West,2023-02-11,16.94,737.09,10.24,0.01
9540,West,2023-02-12,14.73,611.64,9.95,1.4
9541,West,2023-02-13,15.58,833.53,8.43,0.07
9542,West,2023-02-14,19.37,725.34,6.89,0.05
9543,West,2023-02-15,15.18,795.43,7.72,0.11
9544,West,2023-02-16,18.68,797.31,8.34,0.0
9545,West,2023-02-17,16.96,890.33,7.53,0.43
9546,West,2023-02-18,15.93,742.04,5.93,0.06
9547,West,2023-02-19,20.67,699.62,6.58,0.15
9548,West,2023-02-20,16.83,704.43,8.55,0.2
9549,West,2023-02-21,16.46,856.97,6.85,1.57
9550,West,2023-02-22,18.06,634.79,7.23,0.06
9551,West,2023-02-23,17.31,673.21,7.05,0.25
9552,West,2023-02-24,22.85,765.4,5.8,0.03
9553,West,2023-02-25,20.64,737.13,6.86,0.24
9554,West,2023-02-26,17.43,829.6,6.4,0.5
9555,West,2023-02-27,17.75,647.85,6.02,0.09
9556,West,2023-02-28,14.76,752.27,5.44,0.02
9557,West,2023-03-01,19.16,745.28,6.84,0.16
9558,West,2023-03-02,17.47,676.99,7.89,0.01
9559,West,2023-03-03,19.22,835.51,8.62,0.21
9560,West,2023-03-04,15.19,760.25,4.81,0.04
9561,West,2023-03-05,19.15,759.16,9.28,0.13
9562,West,2023-03-06,22.67,706.13,7.28,0.06
9563,West,2023-03-07,19.46,744.65,5.12,0.13
9564,West,2023-03-08,17.87,694.56,6.17,0.15
9565,West,2023-03-09,19.44,847.36,3.93,0.26
9566,West,2023-03-10,19.42,862.78,4.28,0.58
9567,West,2023-03-11,23.99,916.36,9.27,0.14
9568,West,2023-03-12,19.0,818.4,5.6,0.09
9569,West,2023-03-13,17.31,758.18,7.42,0.06
9570,West,2023-03-14,19.81,749.35,6.42,1.01
9571,West,2023-03-15,20.21,827.59,6.58,0.57
9572,West,2023-03-16,20.99,805.79,7.07,0.29
9573,West,2023-03-17,21.42,777.08,3.36,0.05
9574,West,2023-03-18,23.86,771.26,8.43,0.45
9575,West,2023-03-19,18.79,887.05,6.27,1.33
9576,West,2023-03-20,18.65,759.84,5.63,0.03
9577,West,2023-03-21,16.34,903.08,7.05,0.25
9578,West,2023-03-22,21.4,810.78,5.24,0.07
9579,West,2023-03-23,18.33,767.55,6.6,0.14
9580,West,2023-03-24,21.91,734.85,6.0,0.07
9581,West,2023-03-25,19.17,785.9,7.28,0.02
9582,West,2023-03-26,23.62,839.04,5.86,0.29
9583,West,2023-03-27,17.31,769.04,4.6,0.35
9584,West,2023-03-28,22.24,867.56,6.66,0.05
9585,West,2023-03-29,22.01,765.62,5.67,0.05
9586,West,2023-03-30,21.26,789.95,3.31,0.11
9587,West,2023-03-31,17.97,697.06,6.31,0.33
9588,West,2023-04-01,21.27,844.73,5.17,0.02
9589,West,2023-04-02,20.46,778.49,6.46,0.33
9590,West,2023-04-03,16.53,925.97,4.62,2.56
9591,West,2023-04-04,23.3,855.76,4.06,0.82
9592,West,2023-04-05,19.48,805.76,7.61,0.01
9593,West,2023-04-06,23.12,896.55,7.07,0.06
9594,West,2023-04-07,20.0,830.39,5.76,0.02
9595,West,2023-04-08,22.08,878.0,6.39,0.06
9596,West,2023-04-09,18.37,727.61,6.92,0.33
9597,West,2023-04-10,20.5,832.68,5.65,0.01
9598,West,2023-04-11,20.32,835.1,3.82,0.07
9599,West,2023-04-12,19.36,670.3,6.05,0.15
9600,West,2023-04-13,18.23,913.33,7.07,0.41
9601,West,2023-04-14,13.79,698.81,6.42,0.06
9602,West,2023-04-15,18.19,686.46,5.59,0.3
9603,West,2023-04-16,21.24,561.15,6.31,0.18
9604,West,2023-04-17,17.0,825.52,5.1,0.23
9605,West,2023-04-18,17.37,654.66,6.96,0.4
9606,West,2023-04-19,16.82,743.15,7.39,0.01
9607,West,2023-04-20,20.05,849.86,3.39,0.15
9608,West,2023-04-21,17.79,796.43,6.97,0.28
9609,West,2023-04-22,21.95,729.32,8.62,0.43
9610,West,2023-04-23,20.92,650.03,6.03,0.03
9611,West,2023-04-24,19.78,766.67,6.68,0.08
9612,West,2023-04-25,19.92,841.6,4.2,0.02
9613,West,2023-04-26,17.71,827.07,4.39,0.36
9614,West,2023-04-27,17.64,911.69,4.8,0.39
9615,West,2023-04-28,20.51,714.14,4.48,0.13
9616,West,2023-04-29,20.83,658.64,3.08,0.0
9617,West,2023-04-30,20.33,786.31,4.76,0.02
9618,West,2023-05-01,17.9,775.86,6.24,0.2
9619,West,2023-05-02,17.97,755.91,3.01,0.81
9620,West,2023-05-03,16.8,693.86,5.2,0.37
9621,West,2023-05-04,20.1,538.51,5.12,0.32
9622,West,2023-05-05,14.55,667.38,4.42,0.11
9623,West,2023-05-06,13.96,789.53,5.59,0.84
9624,West,2023-05-07,14.26,764.66,5.42,0.35
9625,West,2023-05-08,13.88,816.08,4.23,0.08
9626,West,2023-05-09,20.78,763.31,6.35,1.38
9627,West,2023-05-10,19.53,791.35,5.58,0.11
9628,West,2023-05-11,15.45,790.35,7.07,0.22
9629,West,2023-05-12,17.52,727.44,4.58,0.7
9630,West,2023-05-13,20.55,724.57,4.17,0.06
9631,West,2023-05-14,18.5,486.16,4.32,0.32
9632,West,2023-05-15,21.61,662.78,6.37,0.18
9633,West,2023-05-16,17.03,662.6,4.36,0.6
9634,West,2023-05-17,15.83,699.28,4.43,0.03
9635,West,2023-05-18,14.85,629.8,7.48,0.25
9636,West,2023-05-19,16.93,775.42,2.5,0.04
9637,West,2023-05-20,18.63,626.03,5.02,0.06
9638,West,2023-05-21,16.83,780.81,4.37,0.08
9639,West,2023-05-22,15.78,611.74,4.07,0.11
9640,West,2023-05-23,18.87,636.28,2.99,0.67
9641,West,2023-05-24,17.28,626.1,3.41,0.01
9642,West,2023-05-25,15.86,636.64,3.77,0.04
9643,West,2023-05-26,14.41,766.42,5.11,0.23
9644,West,2023-05-27,15.29,641.71,5.62,0.11
9645,West,2023-05-28,16.6,639.44,1.66,0.01
9646,West,2023-05-29,13.95,599.88,2.5,0.67
9647,West,2023-05-30,12.9,634.04,5.11,0.16
9648,West,2023-05-31,14.26,667.69,5.22,0.34
9649,West,2023-06-01,14.97,628.67,2.06,0.3
9650,West,2023-06-02,17.64,629.32,5.55,0.22
9651,West,2023-06-03,12.45,718.05,4.2,0.47
9652,West,2023-06-04,15.07,654.05,5.33,0.47
9653,West,2023-06-05,13.9,535.43,2.91,0.14
9654,West,2023-06-06,13.84,615.99,2.09,0.46
9655,West,2023-06-07,17.22,575.01,3.7,0.15
9656,West,2023-06-08,14.15,654.99,3.75,0.31
9657,West,2023-06-09,12.0,616.75,3.66,0.19
9658,West,2023-06-10,15.44,694.11,3.54,0.07
9659,West,2023-06-11,15.13,539.62,6.65,0.13
9660,West,2023-06-12,11.34,578.54,1.55,0.34
9661,West,2023-06-13,10.79,503.88,2.82,0.03
9662,West,2023-06-14,13.83,580.72,3.45,0.04
9663,West,2023-06-15,12.78,456.17,4.11,3.14
9664,West,2023-06-16,11.74,599.83,5.13,0.59
9665,West,2023-06-17,14.62,564.65,5.35,0.36
9666,West,2023-06-18,11.16,576.47,5.66,0.51
9667,West,2023-06-19,13.02,622.05,4.76,0.48
9668,West,2023-06-20,14.35,571.91,1.44,0.01
9669,West,2023-06-21,11.16,446.7,1.53,0.09
9670,West,2023-06-22,8.01,499.27,5.74,0.49
9671,West,2023-06-23,10.69,532.21,5.64,0.04
9672,West,2023-06-24,11.7,507.25,4.97,0.17
9673,West,2023-06-25,13.16,511.88,2.78,0.08
9674,West,2023-06-26,9.94,652.93,3.52,0.27
9675,West,2023-06-27,14.25,526.09,3.41,0.17
9676,West,2023-06-28,8.04,543.49,2.46,0.18
9677,West,2023-06-29,10.79,347.04,4.39,0.0
9678,West,2023-06-30,9.81,562.26,7.23,0.06
9679,West,2023-07-01,12.81,725.57,3.26,0.04
9680,West,2023-07-02,7.0,599.91,5.95,0.05
9681,West,2023-07-03,10.63,451.88,2.67,0.39
9682,West,2023-07-04,9.12,664.42,1.7,0.49
9683,West,2023-07-05,12.49,478.98,5.49,0.28
9684,West,2023-07-06,7.6,496.16,3.68,0.18
9685,West,2023-07-07,9.92,445.11,5.92,0.05
9686,West,2023-07-08,7.24,437.91,6.22,0.32
9687,West,2023-07-09,9.12,276.41,3.6,0.07
9688,West,2023-07-10,7.84,514.16,6.04,0.3
9689,West,2023-07-11,7.64,422.31,2.72,0.06
9690,West,2023-07-12,4.27,425.95,2.7,0.73
9691,West,2023-07-13,8.9,457.81,5.65,0.32
9692,West,2023-07-14,5.74,397.74,1.73,1.63
9693,West,2023-07-15,5.5,447.0,4.06,0.12
9694,West,2023-07-16,4.46,517.15,5.95,0.18
9695,West,2023-07-17,5.29,448.32,6.06,0.07
9696,West,2023-07-18,8.24,398.71,3.44,0.19
9697,West,2023-07-19,7.98,396.19,5.61,0.73
9698,West,2023-07-20,8.24,417.22,2.43,0.03
9699,West,2023-07-21,4.7,329.74,3.12,0.07
9700,West,2023-07-22,7.02,408.11,4.48,0.07
9701,West,2023-07-23,5.2,441.45,4.71,0.81
9702,West,2023-07-24,8.18,388.92,2.59,0.03
9703,West,2023-07-25,6.97,343.26,6.97,0.33
9704,West,2023-07-26,4.64,349.53,1.37,0.06
9705,West,2023-07-27,7.88,420.02,4.29,0.39
9706,West,2023-07-28,6.66,275.21,4.51,0.13
9707,West,2023-07-29,2.72,293.34,1.62,0.06
9708,West,2023-07-30,2.0,225.57,6.24,0.25
9709,West,2023-07-31,2.5,352.35,3.16,0.37
9710,West,2023-08-01,8.34,414.13,4.43,0.64
9711,West,2023-08-02,2.87,447.3,4.8,0.25
9712,West,2023-08-03,8.51,460.32,2.14,0.04
9713,West,2023-08-04,2.48,276.89,2.73,0.55
9714,West,2023-08-05,2.12,347.87,6.71,0.02
9715,West,2023-08-06,6.09,291.48,4.28,0.05
9716,West,2023-08-07,6.04,451.32,0.36,0.07
9717,West,2023-08-08,5.17,419.69,3.97,0.03
9718,West,2023-08-09,5.27,324.82,4.4,0.1
9719,West,2023-08-10,2.18,257.84,4.8,0.61
9720,West,2023-08-11,5.32,27.61,1.49,0.15
9721,West,2023-08-12,4.01,184.89,4.47,0.01
9722,West,2023-08-13,2.67,147.58,3.29,0.05
9723,West,2023-08-14,3.46,176.32,4.89,0.33
9724,West,2023-08-15,5.27,438.63,5.34,0.33
9725,West,2023-08-16,3.81,181.09,5.21,0.08
9726,West,2023-08-17,-1.4,196.26,6.74,0.12
9727,West,2023-08-18,4.58,203.99,7.94,0.04
9728,West,2023-08-19,4.31,482.08,2.98,0.35
9729,West,2023-08-20,1.81,265.84,4.14,0.63
9730,West,2023-08-21,2.69,347.07,5.85,0.34
9731,West,2023-08-22,2.58,278.34,4.57,0.3
9732,West,2023-08-23,-1.71,102.39,0.71,0.09
9733,West,2023-08-24,1.34,380.67,4.53,0.0
9734,West,2023-08-25,1.32,287.13,6.7,0.92
9735,West,2023-08-26,1.63,242.36,2.78,0.11
9736,West,2023-08-27,0.8,390.03,5.23,0.28
9737,West,2023-08-28,3.08,218.7,2.07,0.28
9738,West,2023-08-29,0.05,232.15,6.27,2.92
9739,West,2023-08-30,3.4,213.45,5.35,0.12
9740,West,2023-08-31,2.72,324.59,4.17,0.13
9741,West,2023-09-01,4.13,301.1,4.42,0.1
9742,West,2023-09-02,4.79,255.87,2.83,0.07
9743,West,2023-09-03,4.73,147.11,6.62,0.2
9744,West,2023-09-04,-1.2,199.37,3.94,0.35
9745,West,2023-09-05,1.79,142.65,5.92,0.03
9746,West,2023-09-06,-0.4,317.55,3.76,0.8
9747,West,2023-09-07,7.52,96.73,8.53,0.23
9748,West,2023-09-08,2.13,348.33,7.61,0.3
9749,West,2023-09-09,3.67,321.95,8.41,1.35
9750,West,2023-09-10,1.65,143.69,8.62,0.14
9751,West,2023-09-11,-4.55,182.17,4.41,0.01
9752,West,2023-09-12,-0.9,156.9,4.07,0.31
9753,West,2023-09-13,-0.75,246.8,8.47,0.41
9754,West,2023-09-14,-0.21,323.95,5.25,0.18
9755,West,2023-09-15,1.25,304.47,6.75,0.0
9756,West,2023-09-16,1.49,173.73,4.6,0.03
9757,West,2023-09-17,-4.81,307.58,4.66,0.08
9758,West,2023-09-18,-0.06,299.86,6.84,0.52
9759,West,2023-09-19,-0.59,190.02,2.68,0.0
9760,West,2023-09-20,3.11,203.46,6.84,0.33
9761,West,2023-09-21,1.5,326.73,6.49,0.39
9762,West,2023-09-22,-0.07,287.33,4.94,0.33
9763,West,2023-09-23,0.72,300.01,5.8,0.02
9764,West,2023-09-24,-3.12,408.3,6.07,1.14
9765,West,2023-09-25,1.56,244.78,6.19,0.62
9766,West,2023-09-26,-0.56,226.68,6.91,0.03
9767,West,2023-09-27,-1.4,308.97,4.68,0.01
9768,West,2023-09-28,2.84,359.16,9.99,0.41
9769,West,2023-09-29,0.75,151.11,5.67,0.21
9770,West,2023-09-30,-1.12,183.85,5.81,1.04
9771,West,2023-10-01,-1.0,118.58,8.96,0.67
9772,West,2023-10-02,0.95,227.64,3.33,0.29
9773,West,2023-10-03,0.8,271.61,9.01,0.1
9774,West,2023-10-04,0.29,124.89,6.29,0.11
9775,West,2023-10-05,-2.16,291.93,5.39,0.03
9776,West,2023-10-06,-1.85,165.47,4.54,0.07
9777,West,2023-10-07,-1.21,159.55,4.35,0.12
9778,West,2023-10-08,-0.08,293.42,5.77,0.06
9779,West,2023-10-09,0.25,153.78,6.73,0.5
9780,West,2023-10-10,0.04,92.38,7.28,0.0
9781,West,2023-10-11,0.17,265.1,6.78,0.18
9782,West,2023-10-12,4.19,196.11,5.65,0.3
9783,West,2023-10-13,2.16,303.61,8.46,0.26
9784,West,2023-10-14,2.88,275.62,10.5,0.21
9785,West,2023-10-15,1.48,70.41,8.76,0.11
9786,West,2023-10-16,0.74,316.9,6.01,0.5
9787,West,2023-10-17,1.46,365.11,7.34,0.08
9788,West,2023-10-18,1.15,297.37,7.47,0.28
9789,West,2023-10-19,2.37,302.23,9.06,0.52
9790,West,2023-10-20,-1.14,198.23,6.18,0.03
9791,West,2023-10-21,2.32,181.71,5.27,0.59
9792,West,2023-10-22,1.27,238.73,8.45,0.3
9793,West,2023-10-23,-2.62,297.3,7.39,0.19
9794,West,2023-10-24,1.24,297.34,5.15,0.09
9795,West,2023-10-25,-1.48,192.87,7.9,0.47
9796,West,2023-10-26,0.14,186.98,9.63,0.01
9797,West,2023-10-27,0.97,113.19,5.86,0.11
9798,West,2023-10-28,-1.65,286.53,5.6,0.28
9799,West,2023-10-29,1.34,206.05,7.01,0.33
9800,West,2023-10-30,1.67,215.68,8.02,0.05
9801,West,2023-10-31,3.13,380.6,6.91,0.01
9802,West,2023-11-01,0.8,292.93,8.76,0.32
9803,West,2023-11-02,2.35,273.65,7.47,0.11
9804,West,2023-11-03,1.7,317.06,8.63,0.03
9805,West,2023-11-04,1.16,367.21,6.06,0.02
9806,West,2023-11-05,-1.25,127.14,5.33,0.2
9807,West,2023-11-06,1.97,214.34,6.69,0.17
9808,West,2023-11-07,3.79,244.15,5.2,0.38
9809,West,2023-11-08,0.54,187.64,7.86,0.01
9810,West,2023-11-09,2.08,247.96,4.25,0.41
9811,West,2023-11-10,2.48,148.42,6.62,0.44
9812,West,2023-11-11,4.94,349.68,6.9,0.59
9813,West,2023-11-12,2.91,237.97,5.79,0.02
9814,West,2023-11-13,3.55,298.98,6.92,0.59
9815,West,2023-11-14,3.07,290.61,7.41,0.07
9816,West,2023-11-15,2.23,334.76,9.33,0.18
9817,West,2023-11-16,1.07,97.01,5.89,0.14
9818,West,2023-11-17,2.89,333.69,8.01,0.36
9819,West,2023-11-18,4.38,279.5,8.33,0.14
9820,West,2023-11-19,3.97,337.96,7.49,0.13
9821,West,2023-11-20,6.81,215.01,6.8,2.13
9822,West,2023-11-21,5.88,346.48,5.86,0.66
9823,West,2023-11-22,6.6,421.34,10.43,0.16
9824,West,2023-11-23,0.19,336.76,7.72,0.12
9825,West,2023-11-24,7.56,268.38,7.15,0.36
9826,West,2023-11-25,5.07,276.11,10.83,0.36
9827,West,2023-11-26,5.5,380.37,8.0,0.08
9828,West,2023-11-27,6.62,384.17,11.5,0.17
9829,West,2023-11-28,5.02,371.5,5.58,0.03
9830,West,2023-11-29,2.98,344.4,7.37,1.01
9831,West,2023-11-30,8.16,368.1,5.68,0.36
9832,West,2023-12-01,3.88,351.19,7.57,0.04
9833,West,2023-12-02,3.6,330.46,7.58,0.08
9834,West,2023-12-03,5.26,426.13,7.1,0.12
9835,West,2023-12-04,5.11,394.98,7.88,0.37
9836,West,2023-12-05,6.04,478.09,7.2,0.26
9837,West,2023-12-06,6.0,468.9,7.67,0.08
9838,West,2023-12-07,9.04,406.5,6.71,0.06
9839,West,2023-12-08,7.43,436.71,10.02,0.24
9840,West,2023-12-09,4.95,317.32,6.21,0.65
9841,West,2023-12-10,5.39,392.54,8.2,0.18
9842,West,2023-12-11,6.22,431.03,6.11,0.21
9843,West,2023-12-12,6.39,281.9,6.65,0.82
9844,West,2023-12-13,6.29,447.81,6.82,0.19
9845,West,2023-12-14,5.28,341.67,7.73,0.44
9846,West,2023-12-15,8.23,355.43,8.2,0.41
9847,West,2023-12-16,6.91,386.04,6.28,0.03
9848,West,2023-12-17,6.08,430.98,7.33,0.18
9849,West,2023-12-18,9.13,332.23,6.47,0.12
9850,West,2023-12-19,10.02,512.06,6.41,0.07
9851,West,2023-12-20,8.0,462.81,9.67,0.2
9852,West,2023-12-21,12.23,607.71,5.89,0.14
9853,West,2023-12-22,13.26,482.82,8.09,0.3
9854,West,2023-12-23,10.0,509.6,10.53,0.02
9855,West,2023-12-24,8.24,400.76,9.8,0.07
9856,West,2023-12-25,9.88,379.67,8.63,0.03
9857,West,2023-12-26,7.07,528.89,7.97,0.27
9858,West,2023-12-27,7.95,397.05,9.1,2.44
9859,West,2023-12-28,6.5,541.02,8.55,0.18
9860,West,2023-12-29,8.78,631.36,10.13,0.19
9861,West,2023-12-30,7.74,575.66,7.8,0.01
9862,West,2023-12-31,11.63,550.8,9.5,0.14
9863,West,2024-01-01,9.05,531.89,7.51,0.15
9864,West,2024-01-02,11.28,484.77,10.84,0.01
9865,West,2024-01-03,12.39,511.48,7.75,0.31
9866,West,2024-01-04,13.41,480.56,5.56,0.07
9867,West,2024-01-05,10.53,425.7,8.11,0.26
9868,West,2024-01-06,12.03,538.9,9.13,0.1
9869,West,2024-01-07,12.26,629.81,10.42,1.09
9870,West,2024-01-08,14.29,443.19,6.48,0.05
9871,West,2024-01-09,13.49,663.27,5.35,0.01
9872,West,2024-01-10,14.7,653.84,8.71,0.78
9873,West,2024-01-11,8.93,593.29,8.66,0.06
9874,West,2024-01-12,11.1,598.98,5.83,0.2
9875,West,2024-01-13,14.66,556.7,7.45,0.09
9876,West,2024-01-14,13.92,579.97,7.51,1.02
9877,West,2024-01-15,12.68,544.5,9.16,0.91
9878,West,2024-01-16,12.14,589.08,7.29,0.25
9879,West,2024-01-17,14.83,602.66,7.25,0.0
9880,West,2024-01-18,9.46,746.88,8.07,0.36
9881,West,2024-01-19,15.17,646.51,5.82,0.13
9882,West,2024-01-20,13.92,589.35,10.72,0.15
9883,West,2024-01-21,12.93,603.0,9.26,0.53
9884,West,2024-01-22,15.07,558.64,6.79,0.91
9885,West,2024-01-23,13.45,576.57,6.16,1.62
9886,West,2024-01-24,14.44,698.01,6.26,0.07
9887,West,2024-01-25,14.44,590.32,8.68,0.31
9888,West,2024-01-26,16.18,585.07,6.27,0.11
9889,West,2024-01-27,15.16,591.66,7.4,0.41
9890,West,2024-01-28,11.18,585.29,5.22,0.01
9891,West,2024-01-29,12.36,738.31,8.55,0.09
9892,West,2024-01-30,13.13,664.02,8.59,0.11
9893,West,2024-01-31,16.35,634.44,7.43,0.27
9894,West,2024-02-01,16.7,663.74,7.98,0.04
9895,West,2024-02-02,19.07,683.11,8.86,0.07
9896,West,2024-02-03,13.84,610.23,7.9,0.26
9897,West,2024-02-04,18.63,563.07,8.8,0.02
9898,West,2024-02-05,12.28,785.5,5.86,0.04
9899,West,2024-02-06,16.33,761.58,8.16,0.28
9900,West,2024-02-07,16.92,716.84,7.86,0.42
9901,West,2024-02-08,17.04,764.17,9.35,0.26
9902,West,2024-02-09,16.07,847.74,7.57,0.15
9903,West,2024-02-10,17.06,655.66,7.35,0.02
9904,West,2024-02-11,14.48,612.73,6.64,0.35
9905,West,2024-02-12,18.81,759.04,9.69,0.03
9906,West,2024-02-13,17.7,592.49,3.9,0.1
9907,West,2024-02-14,18.05,716.53,8.17,0.01
9908,West,2024-02-15,16.89,693.22,7.35,1.24
9909,West,2024-02-16,16.9,774.54,7.08,0.14
9910,West,2024-02-17,18.73,685.51,6.84,0.48
9911,West,2024-02-18,20.97,823.47,7.22,0.03
9912,West,2024-02-19,15.11,671.07,8.0,0.34
9913,West,2024-02-20,15.12,790.55,6.06,0.14
9914,West,2024-02-21,18.65,683.97,7.43,0.09
9915,West,2024-02-22,17.56,784.28,7.72,0.21
9916,West,2024-02-23,18.57,662.29,5.74,0.31
9917,West,2024-02-24,18.37,744.51,7.9,0.12
9918,West,2024-02-25,19.76,855.12,7.65,0.05
9919,West,2024-02-26,18.04,761.39,5.88,0.49
9920,West,2024-02-27,16.29,849.59,5.27,0.08
9921,West,2024-02-28,17.21,755.53,5.81,1.27
9922,West,2024-02-29,18.56,719.83,7.2,0.29
9923,West,2024-03-01,16.46,776.53,6.85,0.23
9924,West,2024-03-02,18.97,814.69,9.03,0.01
9925,West,2024-03-03,19.25,615.15,6.35,0.12
9926,West,2024-03-04,18.49,811.67,5.54,0.14
9927,West,2024-03-05,19.7,696.92,7.83,0.09
9928,West,2024-03-06,16.12,679.16,5.34,0.03
9929,West,2024-03-07,17.51,819.38,5.59,0.09
9930,West,2024-03-08,17.2,885.34,5.58,0.02
9931,West,2024-03-09,21.3,797.46,2.22,0.07
9932,West,2024-03-10,24.22,673.52,7.53,0.02
9933,West,2024-03-11,17.9,730.03,8.06,0.28
9934,West,2024-03-12,19.25,751.86,7.99,1.11
9935,West,2024-03-13,18.38,802.56,9.41,0.56
9936,West,2024-03-14,20.26,782.59,8.81,0.1
9937,West,2024-03-15,18.65,829.34,6.02,0.31
9938,West,2024-03-16,20.47,871.02,8.15,0.18
9939,West,2024-03-17,21.28,819.81,6.31,0.21
9940,West,2024-03-18,17.54,865.2,5.78,0.16
9941,West,2024-03-19,20.56,772.82,5.25,0.3
9942,West,2024-03-20,16.46,1059.01,5.95,0.01
9943,West,2024-03-21,19.57,840.46,6.81,0.02
9944,West,2024-03-22,19.46,851.7,8.65,0.02
9945,West,2024-03-23,19.67,938.28,7.34,0.07
9946,West,2024-03-24,19.52,805.32,5.06,0.18
9947,West,2024-03-25,19.18,747.14,4.61,0.21
9948,West,2024-03-26,19.65,903.71,7.0,0.25
9949,West,2024-03-27,20.67,908.74,7.47,0.07
9950,West,2024-03-28,20.73,812.06,7.92,0.21
9951,West,2024-03-29,20.43,940.7,5.64,0.03
9952,West,2024-03-30,19.06,793.33,6.71,0.0
9953,West,2024-03-31,22.37,874.56,7.26,0.24
9954,West,2024-04-01,23.25,921.11,3.91,0.25
9955,West,2024-04-02,17.62,807.53,6.32,0.19
9956,West,2024-04-03,20.51,835.92,7.23,0.06
9957,West,2024-04-04,19.24,881.08,6.6,0.52
9958,West,2024-04-05,22.01,769.24,5.68,0.42
9959,West,2024-04-06,20.11,732.84,9.68,0.14
9960,West,2024-04-07,20.22,903.97,8.63,0.9
9961,West,2024-04-08,21.08,821.14,5.71,0.07
9962,West,2024-04-09,19.47,755.34,5.38,0.14
9963,West,2024-04-10,23.39,802.41,6.68,0.53
9964,West,2024-04-11,21.02,834.57,5.51,0.12
9965,West,2024-04-12,21.83,667.26,7.47,0.13
9966,West,2024-04-13,19.49,848.91,3.63,0.02
9967,West,2024-04-14,19.64,823.06,5.14,0.05
9968,West,2024-04-15,21.46,921.45,6.49,0.03
9969,West,2024-04-16,21.22,770.1,6.94,0.17
9970,West,2024-04-17,17.25,896.27,3.18,0.08
9971,West,2024-04-18,19.95,780.94,3.93,0.02
9972,West,2024-04-19,20.58,793.96,2.82,0.14
9973,West,2024-04-20,19.31,803.54,3.99,0.22
9974,West,2024-04-21,20.27,946.68,3.35,0.27
9975,West,2024-04-22,19.27,678.13,6.05,0.36
9976,West,2024-04-23,14.89,814.88,5.55,0.13
9977,West,2024-04-24,16.69,776.56,4.94,0.5
9978,West,2024-04-25,21.19,768.72,5.18,0.23
9979,West,2024-04-26,18.68,815.39,6.9,0.0
9980,West,2024-04-27,19.47,854.9,3.52,0.2
9981,West,2024-04-28,19.0,806.53,2.15,0.1
9982,West,2024-04-29,17.27,860.33,6.09,0.12
9983,West,2024-04-30,17.9,738.87,4.4,0.07
9984,West,2024-05-01,19.41,752.41,3.43,0.03
9985,West,2024-05-02,19.52,673.51,5.76,0.1
9986,West,2024-05-03,22.94,909.41,1.95,0.07
9987,West,2024-05-04,17.51,732.97,3.59,0.64
9988,West,2024-05-05,21.71,721.18,1.26,0.57
9989,West,2024-05-06,16.55,790.48,5.21,0.21
9990,West,2024-05-07,19.15,827.42,7.15,0.47
9991,West,2024-05-08,18.42,680.33,3.9,0.28
9992,West,2024-05-09,17.7,827.4,3.55,0.08
9993,West,2024-05-10,17.83,704.9,7.39,0.19
9994,West,2024-05-11,16.49,840.25,5.62,0.05
9995,West,2024-05-12,19.43,679.09,8.23,0.23
9996,West,2024-05-13,15.82,777.7,4.87,0.01
9997,West,2024-05-14,18.02,718.72,4.95,0.36
9998,West,2024-05-15,18.77,621.56,6.75,0.18
9999,West,2024-05-16,19.91,594.71,4.34,0.01
10000,West,2024-05-17,18.96,644.8,4.91,0.41
10001,West,2024-05-18,18.03,779.82,0.88,0.42
10002,West,2024-05-19,15.48,541.09,7.1,0.38
10003,West,2024-05-20,15.06,719.33,5.05,1.49
10004,West,2024-05-21,14.22,708.38,4.28,0.23
10005,West,2024-05-22,13.89,550.0,5.78,0.1
10006,West,2024-05-23,16.22,616.74,2.63,0.03
10007,West,2024-05-24,14.63,612.43,3.55,0.07
10008,West,2024-05-25,18.34,676.35,5.19,0.09
10009,West,2024-05-26,14.64,785.18,4.41,0.44
10010,West,2024-05-27,15.85,749.57,4.99,0.17
10011,West,2024-05-28,14.98,630.39,4.68,0.05
10012,West,2024-05-29,12.56,588.47,5.23,0.04
10013,West,2024-05-30,17.4,525.7,2.29,0.25
10014,West,2024-05-31,16.46,615.59,6.17,0.0
10015,West,2024-06-01,16.54,569.44,3.51,0.16
10016,West,2024-06-02,15.96,633.88,4.31,0.11
10017,West,2024-06-03,13.09,632.3,3.3,0.03
10018,West,2024-06-04,12.98,589.45,3.76,0.64
10019,West,2024-06-05,15.2,586.44,4.52,0.22
10020,West,2024-06-06,17.23,562.57,5.26,0.11
10021,West,2024-06-07,14.76,572.31,5.5,0.02
10022,West,2024-06-08,15.78,723.39,4.78,0.1
10023,West,2024-06-09,12.61,645.11,3.23,0.21
10024,West,2024-06-10,15.7,641.33,4.67,3.47
10025,West,2024-06-11,12.5,674.89,4.46,0.13
10026,West,2024-06-12,13.65,662.9,4.18,0.24
10027,West,2024-06-13,12.28,698.05,4.88,0.04
10028,West,2024-06-14,14.62,626.17,2.16,0.2
10029,West,2024-06-15,14.48,590.52,1.02,0.05
10030,West,2024-06-16,9.56,521.83,5.84,0.04
10031,West,2024-06-17,14.99,498.12,3.85,0.14
10032,West,2024-06-18,16.93,629.58,4.66,0.05
10033,West,2024-06-19,11.29,545.05,2.73,0.26
10034,West,2024-06-20,11.58,440.05,5.92,0.55
10035,West,2024-06-21,14.14,376.3,4.55,0.1
10036,West,2024-06-22,11.63,710.43,3.75,0.08
10037,West,2024-06-23,11.32,454.62,4.44,0.04
10038,West,2024-06-24,14.95,473.46,1.4,0.1
10039,West,2024-06-25,8.27,621.46,4.57,0.82
10040,West,2024-06-26,9.23,421.38,6.23,0.09
10041,West,2024-06-27,11.47,555.42,4.47,0.2
10042,West,2024-06-28,7.23,653.5,4.28,0.22
10043,West,2024-06-29,9.55,671.69,3.52,0.02
10044,West,2024-06-30,9.36,461.62,5.62,0.24
10045,West,2024-07-01,11.87,491.29,5.85,0.46
10046,West,2024-07-02,11.16,455.38,3.35,0.01
10047,West,2024-07-03,6.24,480.5,4.54,0.16
10048,West,2024-07-04,8.05,580.65,4.35,0.19
10049,West,2024-07-05,7.88,359.69,4.61,0.25
10050,West,2024-07-06,8.66,518.34,2.85,0.1
10051,West,2024-07-07,6.72,445.74,5.73,0.34
10052,West,2024-07-08,9.65,565.74,4.87,0.16
10053,West,2024-07-09,7.19,556.39,5.83,0.11
10054,West,2024-07-10,9.59,413.5,2.36,0.25
10055,West,2024-07-11,8.23,432.14,2.45,0.52
10056,West,2024-07-12,6.13,507.36,7.14,0.33
10057,West,2024-07-13,10.68,509.57,5.77,0.53
10058,West,2024-07-14,10.57,228.09,2.84,0.06
10059,West,2024-07-15,8.15,492.06,5.37,0.03
10060,West,2024-07-16,6.93,547.65,3.38,0.76
10061,West,2024-07-17,5.13,431.43,1.54,0.01
10062,West,2024-07-18,9.22,482.08,0.95,0.22
10063,West,2024-07-19,8.56,503.48,4.08,0.05
10064,West,2024-07-20,5.12,414.04,6.46,0.12
10065,West,2024-07-21,5.22,456.62,6.42,1.07
10066,West,2024-07-22,7.34,387.7,6.04,0.13
10067,West,2024-07-23,3.92,377.75,5.41,0.27
10068,West,2024-07-24,4.86,324.27,4.65,0.42
10069,West,2024-07-25,3.88,386.34,5.92,0.29
10070,West,2024-07-26,3.78,518.79,1.19,0.18
10071,West,2024-07-27,4.21,291.03,5.7,0.24
10072,West,2024-07-28,7.31,408.0,2.55,0.11
10073,West,2024-07-29,1.83,379.79,2.88,0.09
10074,West,2024-07-30,6.06,467.61,5.31,0.03
10075,West,2024-07-31,5.56,478.21,5.68,0.33
10076,West,2024-08-01,6.84,266.84,3.39,0.1
10077,West,2024-08-02,5.27,290.49,5.29,0.24
10078,West,2024-08-03,3.85,290.56,5.19,0.07
10079,West,2024-08-04,2.84,289.13,3.9,0.32
10080,West,2024-08-05,6.31,291.79,4.61,0.02
10081,West,2024-08-06,5.18,347.28,7.52,0.2
10082,West,2024-08-07,3.07,247.3,4.0,0.33
10083,West,2024-08-08,5.74,254.51,4.07,1.08
10084,West,2024-08-09,2.89,244.14,4.69,1.19
10085,West,2024-08-10,3.65,342.86,4.21,0.15
10086,West,2024-08-11,2.32,294.48,5.7,0.16
10087,West,2024-08-12,4.47,276.46,6.74,0.01
10088,West,2024-08-13,1.29,224.67,4.19,0.06
10089,West,2024-08-14,2.55,160.0,3.3,0.26
10090,West,2024-08-15,1.72,415.22,7.57,0.58
10091,West,2024-08-16,3.44,258.03,4.81,0.16
10092,West,2024-08-17,3.57,494.47,2.1,0.26
10093,West,2024-08-18,0.47,336.02,7.48,0.23
10094,West,2024-08-19,3.38,417.17,6.4,1.48
10095,West,2024-08-20,-0.5,347.01,7.14,0.32
10096,West,2024-08-21,6.73,276.99,6.91,0.2
10097,West,2024-08-22,1.22,213.33,8.76,0.02
10098,West,2024-08-23,4.24,179.91,3.26,0.09
10099,West,2024-08-24,2.44,344.61,3.65,0.06
10100,West,2024-08-25,2.43,273.3,4.14,0.38
10101,West,2024-08-26,-0.48,298.54,4.12,0.59
10102,West,2024-08-27,3.44,311.6,5.12,0.15
10103,West,2024-08-28,1.76,272.18,4.23,0.67
10104,West,2024-08-29,2.52,203.31,3.21,0.36
10105,West,2024-08-30,1.31,319.5,3.71,0.31
10106,West,2024-08-31,1.67,220.14,4.61,0.03
10107,West,2024-09-01,-0.45,240.83,6.8,0.0
10108,West,2024-09-02,0.94,288.64,4.25,0.03
10109,West,2024-09-03,0.33,224.28,6.36,0.27
10110,West,2024-09-04,-0.31,81.39,3.19,0.11
10111,West,2024-09-05,1.3,307.97,0.41,0.02
10112,West,2024-09-06,1.69,323.11,5.04,0.27
10113,West,2024-09-07,1.4,74.29,4.35,0.22
10114,West,2024-09-08,0.63,135.47,3.98,0.18
10115,West,2024-09-09,1.6,379.08,3.83,0.27
10116,West,2024-09-10,1.21,234.05,4.3,0.19
10117,West,2024-09-11,0.86,214.18,3.92,1.01
10118,West,2024-09-12,0.95,178.27,4.09,0.11
10119,West,2024-09-13,2.94,128.5,3.43,0.07
10120,West,2024-09-14,-1.88,194.07,2.3,0.04
10121,West,2024-09-15,-0.15,286.32,2.22,0.14
10122,West,2024-09-16,1.12,205.94,9.26,0.38
10123,West,2024-09-17,-2.75,254.94,5.5,0.59
10124,West,2024-09-18,3.14,346.38,7.92,3.58
10125,West,2024-09-19,0.86,157.78,5.4,0.15
10126,West,2024-09-20,2.23,227.63,5.48,0.19
10127,West,2024-09-21,2.54,283.02,6.19,0.17
10128,West,2024-09-22,1.1,127.39,6.73,0.13
10129,West,2024-09-23,-4.21,215.71,3.93,0.03
10130,West,2024-09-24,0.54,350.79,5.27,0.01
10131,West,2024-09-25,0.65,173.4,6.33,0.11
10132,West,2024-09-26,-1.96,285.8,3.01,0.04
10133,West,2024-09-27,-3.37,188.85,7.89,2.18
10134,West,2024-09-28,1.13,343.99,7.57,0.29
10135,West,2024-09-29,-2.29,68.37,2.86,0.19
10136,West,2024-09-30,4.33,205.27,4.72,0.01
10137,West,2024-10-01,0.74,81.92,6.23,0.19
10138,West,2024-10-02,2.93,144.4,7.37,0.19
10139,West,2024-10-03,0.3,144.26,8.44,0.12
10140,West,2024-10-04,1.75,179.87,5.22,0.21
10141,West,2024-10-05,0.37,106.67,9.72,0.39
10142,West,2024-10-06,2.3,196.59,6.18,0.28
10143,West,2024-10-07,-3.77,239.86,5.95,0.13
10144,West,2024-10-08,2.11,81.24,7.16,0.06
10145,West,2024-10-09,1.7,153.86,6.82,0.13
10146,West,2024-10-10,0.09,408.89,6.77,0.58
10147,West,2024-10-11,-0.39,232.98,9.41,0.34
10148,West,2024-10-12,-0.13,62.35,6.82,0.01
10149,West,2024-10-13,1.07,96.94,5.01,0.31
10150,West,2024-10-14,2.98,228.35,5.26,0.04
10151,West,2024-10-15,-0.47,219.71,8.76,0.17
10152,West,2024-10-16,-2.76,166.13,7.61,0.33
10153,West,2024-10-17,5.67,390.15,4.28,0.16
10154,West,2024-10-18,2.09,425.82,4.24,0.1
10155,West,2024-10-19,0.03,196.89,6.72,0.08
10156,West,2024-10-20,3.25,289.69,7.64,0.07
10157,West,2024-10-21,2.8,295.59,5.73,0.36
10158,West,2024-10-22,1.98,308.18,4.26,0.35
10159,West,2024-10-23,0.11,174.55,5.12,0.35
10160,West,2024-10-24,2.47,383.05,9.31,0.07
10161,West,2024-10-25,3.39,224.62,7.62,0.32
10162,West,2024-10-26,-2.15,266.16,8.4,0.01
10163,West,2024-10-27,1.81,234.94,8.68,0.05
10164,West,2024-10-28,2.04,226.06,6.03,0.14
10165,West,2024-10-29,2.06,262.04,6.44,0.1
10166,West,2024-10-30,1.71,147.5,6.77,0.02
10167,West,2024-10-31,4.08,87.36,7.68,0.01
10168,West,2024-11-01,1.38,230.74,8.72,0.19
10169,West,2024-11-02,1.89,180.21,9.92,0.08
10170,West,2024-11-03,2.62,297.36,8.36,0.0
10171,West,2024-11-04,1.74,291.24,8.4,0.11
10172,West,2024-11-05,-0.58,260.67,10.09,0.07
10173,West,2024-11-06,2.73,381.24,6.92,0.17
10174,West,2024-11-07,2.85,265.41,9.03,0.53
10175,West,2024-11-08,1.78,152.52,8.14,0.07
10176,West,2024-11-09,2.36,254.62,8.23,1.17
10177,West,2024-11-10,-3.62,369.59,7.01,0.02
10178,West,2024-11-11,5.27,128.63,5.26,0.02
10179,West,2024-11-12,4.77,275.38,7.9,0.25
10180,West,2024-11-13,0.41,332.54,7.93,0.28
10181,West,2024-11-14,1.86,502.34,6.57,0.11
10182,West,2024-11-15,6.23,390.54,7.31,0.07
10183,West,2024-11-16,1.15,308.28,6.15,0.32
10184,West,2024-11-17,4.55,343.17,6.19,0.63
10185,West,2024-11-18,2.74,153.6,6.8,0.92
10186,West,2024-11-19,4.67,225.39,5.55,0.2
10187,West,2024-11-20,4.09,365.46,6.69,0.27
10188,West,2024-11-21,3.56,330.35,8.66,0.35
10189,West,2024-11-22,5.04,344.68,9.79,0.32
10190,West,2024-11-23,3.41,328.49,10.74,1.0
10191,West,2024-11-24,0.97,329.58,7.05,0.33
10192,West,2024-11-25,2.83,342.5,9.47,0.22
10193,West,2024-11-26,2.73,254.12,8.19,0.09
10194,West,2024-11-27,1.76,324.66,7.35,0.18
10195,West,2024-11-28,5.86,247.87,8.33,0.42
10196,West,2024-11-29,4.92,302.3,9.39,0.07
10197,West,2024-11-30,6.13,452.05,7.01,0.01
10198,West,2024-12-01,6.61,346.47,6.99,0.08
10199,West,2024-12-02,7.24,413.2,7.17,0.64
10200,West,2024-12-03,6.69,379.39,6.86,0.32
10201,West,2024-12-04,4.08,344.05,9.62,0.04
10202,West,2024-12-05,7.35,298.87,6.69,0.0
10203,West,2024-12-06,6.79,352.3,6.96,0.22
10204,West,2024-12-07,10.89,403.74,8.33,0.17
10205,West,2024-12-08,6.69,440.31,8.22,0.02
10206,West,2024-12-09,7.6,408.53,7.27,0.68
10207,West,2024-12-10,6.8,455.58,10.42,0.19
10208,West,2024-12-11,7.26,286.91,6.96,0.21
10209,West,2024-12-12,7.28,482.79,7.66,1.92
10210,West,2024-12-13,6.62,328.15,5.03,0.08
10211,West,2024-12-14,8.01,502.07,7.48,0.16
10212,West,2024-12-15,9.06,468.59,5.96,0.17
10213,West,2024-12-16,7.15,283.81,6.58,0.68
10214,West,2024-12-17,9.83,497.43,5.02,0.03
10215,West,2024-12-18,9.75,523.14,6.63,0.28
10216,West,2024-12-19,6.73,549.24,7.86,0.17
10217,West,2024-12-20,6.74,392.22,7.61,0.37
10218,West,2024-12-21,9.73,473.17,7.36,0.36
10219,West,2024-12-22,7.83,519.49,7.5,0.01
10220,West,2024-12-23,7.08,527.98,7.23,0.06
10221,West,2024-12-24,12.78,506.97,7.94,0.04
10222,West,2024-12-25,7.59,445.23,7.83,0.12
10223,West,2024-12-26,6.64,563.55,8.41,0.47
10224,West,2024-12-27,8.3,569.18,7.7,0.01
10225,West,2024-12-28,10.5,482.49,7.35,0.13
10226,West,2024-12-29,10.35,437.32,9.17,0.43
10227,West,2024-12-30,14.15,446.93,8.9,0.52
10228,West,2024-12-31,9.01,619.51,7.95,0.21
10229,Central,2018-01-01,22.33,529.33,8.45,1.07
10230,Central,2018-01-02,20.98,460.49,5.87,0.01
10231,Central,2018-01-03,26.17,589.45,9.64,0.16
10232,Central,2018-01-04,22.91,452.39,8.16,0.19
10233,Central,2018-01-05,24.75,557.02,9.33,0.3
10234,Central,2018-01-06,24.42,585.44,10.36,0.2
10235,Central,2018-01-07,25.59,527.42,6.52,0.05
10236,Central,2018-01-08,27.69,468.8,10.36,0.18
10237,Central,2018-01-09,25.87,509.93,7.86,3.69
10238,Central,2018-01-10,28.17,526.07,7.35,0.38
10239,Central,2018-01-11,26.26,472.18,8.2,0.12
10240,Central,2018-01-12,25.29,530.64,6.17,0.13
10241,Central,2018-01-13,25.84,450.42,7.92,0.03
10242,Central,2018-01-14,20.11,618.89,7.58,0.17
10243,Central,2018-01-15,24.62,603.27,6.53,0.07
10244,Central,2018-01-16,25.41,602.84,6.96,0.02
10245,Central,2018-01-17,26.73,555.67,9.62,0.13
10246,Central,2018-01-18,25.97,571.31,7.64,0.01
10247,Central,2018-01-19,26.85,530.07,6.42,0.13
10248,Central,2018-01-20,23.7,641.67,8.55,0.05
10249,Central,2018-01-21,23.35,497.48,9.02,0.93
10250,Central,2018-01-22,24.3,617.62,7.86,0.33
10251,Central,2018-01-23,29.97,565.0,5.99,0.16
10252,Central,2018-01-24,24.45,761.03,4.01,0.05
10253,Central,2018-01-25,25.57,667.3,6.47,0.15
10254,Central,2018-01-26,27.51,629.8,9.38,0.21
10255,Central,2018-01-27,24.27,545.99,9.23,0.0
10256,Central,2018-01-28,25.86,529.98,6.58,0.88
10257,Central,2018-01-29,29.11,683.28,7.4,0.2
10258,Central,2018-01-30,27.03,792.04,8.79,0.89
10259,Central,2018-01-31,31.43,685.32,7.51,0.13
10260,Central,2018-02-01,24.81,671.05,9.11,0.2
10261,Central,2018-02-02,27.66,676.58,7.54,0.12
10262,Central,2018-02-03,27.62,673.97,8.39,0.0
10263,Central,2018-02-04,28.62,686.28,7.16,0.38
10264,Central,2018-02-05,26.33,619.43,6.45,0.12
10265,Central,2018-02-06,27.76,600.53,9.36,0.13
10266,Central,2018-02-07,30.64,691.28,5.33,0.09
10267,Central,2018-02-08,28.65,806.09,6.67,0.11
10268,Central,2018-02-09,27.19,752.79,7.4,0.26
10269,Central,2018-02-10,33.62,595.92,8.81,1.21
10270,Central,2018-02-11,29.69,678.08,6.18,0.33
10271,Central,2018-02-12,30.94,760.65,7.67,0.74
10272,Central,2018-02-13,31.37,827.47,5.37,0.1
10273,Central,2018-02-14,29.83,853.14,8.09,0.08
10274,Central,2018-02-15,28.51,696.64,10.14,0.14
10275,Central,2018-02-16,30.61,783.03,4.44,0.03
10276,Central,2018-02-17,28.93,740.57,6.26,0.28
10277,Central,2018-02-18,31.19,714.51,8.59,0.17
10278,Central,2018-02-19,30.23,732.48,11.72,0.24
10279,Central,2018-02-20,32.73,736.79,8.16,0.4
10280,Central,2018-02-21,28.49,828.1,6.16,0.19
10281,Central,2018-02-22,32.32,624.93,7.0,0.01
10282,Central,2018-02-23,32.21,777.86,5.36,0.04
10283,Central,2018-02-24,30.61,866.62,8.38,0.44
10284,Central,2018-02-25,32.65,860.99,8.71,0.1
10285,Central,2018-02-26,32.12,794.87,9.22,0.83
10286,Central,2018-02-27,32.71,691.62,6.59,0.15
10287,Central,2018-02-28,32.68,817.09,5.84,0.05
10288,Central,2018-03-01,31.66,863.62,9.27,0.18
10289,Central,2018-03-02,30.46,719.03,9.07,0.02
10290,Central,2018-03-03,30.52,791.38,5.48,0.33
10291,Central,2018-03-04,31.38,748.8,6.37,0.2
10292,Central,2018-03-05,33.58,718.48,8.09,0.66
10293,Central,2018-03-06,33.23,744.68,6.49,0.23
10294,Central,2018-03-07,34.06,782.39,6.89,0.01
10295,Central,2018-03-08,34.33,700.78,4.61,0.13
10296,Central,2018-03-09,31.75,689.72,5.1,0.15
10297,Central,2018-03-10,36.17,707.09,6.61,0.5
10298,Central,2018-03-11,32.1,806.38,5.67,0.11
10299,Central,2018-03-12,31.38,664.69,4.96,0.18
10300,Central,2018-03-13,33.1,606.32,6.18,0.04
10301,Central,2018-03-14,33.45,895.12,5.3,0.06
10302,Central,2018-03-15,31.05,705.81,6.63,0.16
10303,Central,2018-03-16,32.27,772.82,8.04,0.24
10304,Central,2018-03-17,31.74,863.51,6.07,0.11
10305,Central,2018-03-18,32.96,675.96,5.85,0.11
10306,Central,2018-03-19,34.31,677.07,8.06,0.06
10307,Central,2018-03-20,32.22,742.75,7.52,0.24
10308,Central,2018-03-21,33.93,871.3,7.58,0.0
10309,Central,2018-03-22,30.04,793.61,2.57,0.14
10310,Central,2018-03-23,34.63,795.56,5.64,0.0
10311,Central,2018-03-24,31.97,773.35,5.43,0.18
10312,Central,2018-03-25,31.95,842.64,5.01,0.01
10313,Central,2018-03-26,33.72,912.81,7.8,0.56
10314,Central,2018-03-27,33.84,1037.5,5.37,0.13
10315,Central,2018-03-28,32.72,787.35,4.06,0.23
10316,Central,2018-03-29,31.18,921.61,6.48,0.38
10317,Central,2018-03-30,32.01,879.72,6.07,0.05
10318,Central,2018-03-31,33.16,821.29,4.66,0.16
10319,Central,2018-04-01,33.95,623.2,7.54,0.4
10320,Central,2018-04-02,31.33,769.74,6.77,0.15
10321,Central,2018-04-03,31.69,772.8,6.73,0.1
10322,Central,2018-04-04,33.49,828.37,6.63,0.09
10323,Central,2018-04-05,32.79,783.58,7.51,0.1
10324,Central,2018-04-06,33.23,753.94,5.6,0.19
10325,Central,2018-04-07,27.7,960.93,3.94,0.01
10326,Central,2018-04-08,32.32,902.63,5.46,0.11
10327,Central,2018-04-09,34.59,635.51,3.25,0.16
10328,Central,2018-04-10,31.63,774.12,4.11,0.31
10329,Central,2018-04-11,33.81,846.26,8.09,0.15
10330,Central,2018-04-12,30.38,901.35,3.98,0.52
10331,Central,2018-04-13,29.64,760.29,3.84,0.12
10332,Central,2018-04-14,33.57,775.57,6.57,0.21
10333,Central,2018-04-15,32.59,799.22,6.83,0.0
10334,Central,2018-04-16,31.98,843.33,3.0,0.05
10335,Central,2018-04-17,34.3,666.2,5.84,0.34
10336,Central,2018-04-18,31.94,626.39,4.61,0.18
10337,Central,2018-04-19,31.24,886.47,5.89,0.58
10338,Central,2018-04-20,30.97,705.3,4.91,0.28
10339,Central,2018-04-21,30.5,952.64,3.28,0.12
10340,Central,2018-04-22,33.28,711.98,4.58,0.3
10341,Central,2018-04-23,31.66,764.42,6.21,0.13
10342,Central,2018-04-24,34.5,806.78,8.15,0.08
10343,Central,2018-04-25,26.24,604.72,5.79,0.01
10344,Central,2018-04-26,33.92,1002.33,4.59,0.4
10345,Central,2018-04-27,32.73,739.41,3.37,0.11
10346,Central,2018-04-28,31.75,701.67,4.87,0.23
10347,Central,2018-04-29,29.27,673.11,4.51,0.03
10348,Central,2018-04-30,28.45,792.94,5.51,0.35
10349,Central,2018-05-01,33.19,784.78,4.93,0.35
10350,Central,2018-05-02,32.09,668.33,5.71,0.13
10351,Central,2018-05-03,31.96,646.54,4.42,0.22
10352,Central,2018-05-04,31.22,838.0,7.49,0.15
10353,Central,2018-05-05,33.03,698.32,5.78,0.8
10354,Central,2018-05-06,30.06,610.22,3.81,0.44
10355,Central,2018-05-07,30.47,733.13,6.35,0.68
10356,Central,2018-05-08,30.68,709.81,3.08,0.09
10357,Central,2018-05-09,30.51,894.86,3.51,0.08
10358,Central,2018-05-10,33.5,693.92,3.56,0.36
10359,Central,2018-05-11,28.21,707.81,6.73,0.29
10360,Central,2018-05-12,26.7,746.72,4.44,1.28
10361,Central,2018-05-13,27.59,680.13,3.74,0.01
10362,Central,2018-05-14,31.75,757.64,4.9,0.02
10363,Central,2018-05-15,30.07,637.52,5.45,0.21
10364,Central,2018-05-16,26.95,696.16,6.99,0.06
10365,Central,2018-05-17,30.23,744.22,2.34,0.02
10366,Central,2018-05-18,29.26,799.0,6.45,0.11
10367,Central,2018-05-19,30.9,657.34,1.43,0.42
10368,Central,2018-05-20,31.24,652.57,5.87,0.09
10369,Central,2018-05-21,34.56,819.85,6.23,0.24
10370,Central,2018-05-22,27.03,648.47,6.29,2.31
10371,Central,2018-05-23,25.54,684.09,5.3,0.04
10372,Central,2018-05-24,30.3,821.61,2.83,0.19
10373,Central,2018-05-25,30.96,685.88,5.52,0.48
10374,Central,2018-05-26,26.3,656.52,2.78,0.04
10375,Central,2018-05-27,26.16,658.28,2.95,0.9
10376,Central,2018-05-28,29.26,608.64,3.66,0.09
10377,Central,2018-05-29,31.85,699.63,3.77,0.05
10378,Central,2018-05-30,26.53,585.3,4.67,0.36
10379,Central,2018-05-31,28.31,717.1,3.24,0.63
10380,Central,2018-06-01,24.19,651.59,4.76,0.22
10381,Central,2018-06-02,27.44,664.72,2.19,0.13
10382,Central,2018-06-03,27.46,779.72,4.29,0.21
10383,Central,2018-06-04,30.47,520.85,3.81,0.01
10384,Central,2018-06-05,25.96,634.11,5.73,0.09
10385,Central,2018-06-06,28.6,678.55,5.86,0.21
10386,Central,2018-06-07,25.52,573.51,3.92,0.09
10387,Central,2018-06-08,27.09,694.17,1.22,0.3
10388,Central,2018-06-09,30.9,569.74,1.94,0.65
10389,Central,2018-06-10,30.18,631.84,5.82,0.01
10390,Central,2018-06-11,30.35,593.8,3.91,0.39
10391,Central,2018-06-12,27.06,611.77,6.74,0.04
10392,Central,2018-06-13,25.68,599.85,5.45,0.5
10393,Central,2018-06-14,26.51,586.46,4.47,0.59
10394,Central,2018-06-15,26.71,546.19,4.27,0.84
10395,Central,2018-06-16,26.39,525.92,2.35,0.13
10396,Central,2018-06-17,24.02,599.39,3.12,0.28
10397,Central,2018-06-18,23.77,573.31,4.68,0.5
10398,Central,2018-06-19,23.92,508.69,3.53,0.05
10399,Central,2018-06-20,27.08,586.47,4.74,0.1
10400,Central,2018-06-21,27.13,516.93,5.58,0.11
10401,Central,2018-06-22,30.97,673.28,3.76,0.37
10402,Central,2018-06-23,25.28,742.87,3.37,0.03
10403,Central,2018-06-24,22.68,649.75,2.67,0.2
10404,Central,2018-06-25,23.13,640.16,5.26,0.09
10405,Central,2018-06-26,23.6,593.49,5.14,0.43
10406,Central,2018-06-27,26.76,506.43,7.29,0.08
10407,Central,2018-06-28,25.04,366.14,4.27,0.76
10408,Central,2018-06-29,20.71,430.91,3.86,0.0
10409,Central,2018-06-30,23.12,453.61,4.7,0.05
10410,Central,2018-07-01,20.12,599.2,3.57,0.12
10411,Central,2018-07-02,24.07,517.91,2.67,0.06
10412,Central,2018-07-03,21.3,439.49,4.13,1.34
10413,Central,2018-07-04,21.32,339.48,4.69,0.34
10414,Central,2018-07-05,18.61,667.39,4.79,0.24
10415,Central,2018-07-06,23.71,519.45,4.67,0.7
10416,Central,2018-07-07,24.44,544.32,5.6,0.12
10417,Central,2018-07-08,20.47,423.65,4.79,0.78
10418,Central,2018-07-09,21.36,450.29,4.42,0.13
10419,Central,2018-07-10,20.56,428.75,2.12,0.37
10420,Central,2018-07-11,20.91,456.3,4.4,0.01
10421,Central,2018-07-12,19.54,593.73,3.78,0.15
10422,Central,2018-07-13,18.81,344.66,2.36,0.66
10423,Central,2018-07-14,23.58,432.64,4.8,0.39
10424,Central,2018-07-15,15.39,459.78,4.83,1.21
10425,Central,2018-07-16,21.51,416.55,4.7,0.12
10426,Central,2018-07-17,20.9,500.53,4.9,0.45
10427,Central,2018-07-18,23.48,277.08,4.27,0.43
10428,Central,2018-07-19,19.53,561.69,3.72,0.01
10429,Central,2018-07-20,19.1,296.43,6.76,0.41
10430,Central,2018-07-21,18.06,310.77,4.33,0.75
10431,Central,2018-07-22,20.23,360.36,0.31,0.37
10432,Central,2018-07-23,17.94,339.68,0.49,0.04
10433,Central,2018-07-24,16.94,420.65,5.96,0.03
10434,Central,2018-07-25,17.56,406.62,1.41,0.26
10435,Central,2018-07-26,16.99,386.28,3.36,0.06
10436,Central,2018-07-27,16.71,259.07,2.37,0.16
10437,Central,2018-07-28,18.74,356.69,3.75,0.23
10438,Central,2018-07-29,18.02,364.81,4.8,0.19
10439,Central,2018-07-30,19.36,457.23,3.24,0.24
10440,Central,2018-07-31,18.4,370.07,3.03,0.19
10441,Central,2018-08-01,15.56,380.24,5.36,0.1
10442,Central,2018-08-02,13.57,502.18,8.23,0.09
10443,Central,2018-08-03,15.55,247.97,5.12,0.39
10444,Central,2018-08-04,19.05,305.38,2.95,0.37
10445,Central,2018-08-05,18.86,241.26,5.65,0.0
10446,Central,2018-08-06,19.2,456.39,6.98,0.37
10447,Central,2018-08-07,18.77,457.65,5.98,0.03
10448,Central,2018-08-08,19.13,441.79,2.09,0.08
10449,Central,2018-08-09,17.63,359.21,5.22,0.11
10450,Central,2018-08-10,20.29,341.81,3.76,0.23
10451,Central,2018-08-11,17.14,270.74,4.55,0.02
10452,Central,2018-08-12,20.42,365.01,3.93,0.35
10453,Central,2018-08-13,15.04,197.07,5.63,0.57
10454,Central,2018-08-14,14.86,192.99,4.01,0.61
10455,Central,2018-08-15,15.66,258.43,6.69,0.02
10456,Central,2018-08-16,15.84,439.28,4.58,0.5
10457,Central,2018-08-17,15.15,243.62,4.27,0.17
10458,Central,2018-08-18,16.76,250.86,5.49,0.26
10459,Central,2018-08-19,15.36,300.66,5.19,0.53
10460,Central,2018-08-20,14.23,346.09,5.58,1.08
10461,Central,2018-08-21,14.54,371.0,4.51,0.12
10462,Central,2018-08-22,17.66,177.9,6.74,0.15
10463,Central,2018-08-23,15.75,256.57,6.25,0.23
10464,Central,2018-08-24,11.66,279.11,4.77,0.58
10465,Central,2018-08-25,17.93,284.04,6.05,0.44
10466,Central,2018-08-26,15.67,324.3,4.45,0.17
10467,Central,2018-08-27,15.99,317.7,5.73,0.05
10468,Central,2018-08-28,16.47,251.26,6.14,0.09
10469,Central,2018-08-29,16.48,338.62,5.31,0.09
10470,Central,2018-08-30,12.59,321.21,3.73,0.07
10471,Central,2018-08-31,12.2,312.13,3.2,0.27
10472,Central,2018-09-01,19.05,196.18,5.46,0.36
10473,Central,2018-09-02,12.78,293.03,3.96,0.08
10474,Central,2018-09-03,14.85,329.87,6.66,0.37
10475,Central,2018-09-04,17.28,190.14,2.85,0.27
10476,Central,2018-09-05,13.05,239.52,7.12,0.12
10477,Central,2018-09-06,13.15,352.0,5.25,0.24
10478,Central,2018-09-07,15.65,256.44,3.92,0.29
10479,Central,2018-09-08,14.16,215.68,4.56,0.16
10480,Central,2018-09-09,14.66,337.71,4.96,0.12
10481,Central,2018-09-10,13.44,181.3,6.03,0.02
10482,Central,2018-09-11,12.49,81.48,3.5,0.0
10483,Central,2018-09-12,12.82,153.16,3.93,0.55
10484,Central,2018-09-13,15.82,304.78,4.91,0.06
10485,Central,2018-09-14,12.79,254.04,5.39,1.09
10486,Central,2018-09-15,14.2,216.41,6.54,2.87
10487,Central,2018-09-16,11.36,294.51,5.9,0.34
10488,Central,2018-09-17,17.33,221.71,4.95,0.03
10489,Central,2018-09-18,13.85,189.41,5.92,0.32
10490,Central,2018-09-19,13.86,272.93,5.85,0.26
10491,Central,2018-09-20,15.0,174.56,5.25,0.08
10492,Central,2018-09-21,12.15,243.44,5.84,0.23
10493,Central,2018-09-22,15.47,139.82,2.47,0.35
10494,Central,2018-09-23,10.03,118.3,7.13,0.07
10495,Central,2018-09-24,11.81,132.76,6.59,0.41
10496,Central,2018-09-25,11.42,199.38,8.05,0.02
10497,Central,2018-09-26,9.25,149.17,4.62,0.15
10498,Central,2018-09-27,11.94,151.03,6.73,0.05
10499,Central,2018-09-28,12.88,188.06,3.05,0.26
10500,Central,2018-09-29,10.8,194.36,3.29,0.04
10501,Central,2018-09-30,10.51,75.94,5.62,0.08
10502,Central,2018-10-01,13.06,0.0,5.14,0.03
10503,Central,2018-10-02,12.82,232.07,7.61,0.33
10504,Central,2018-10-03,12.45,211.36,7.84,0.03
10505,Central,2018-10-04,10.46,90.85,8.04,0.26
10506,Central,2018-10-05,12.21,235.7,7.04,0.25
10507,Central,2018-10-06,11.68,235.98,7.14,0.03
10508,Central,2018-10-07,13.2,177.56,4.29,0.17
10509,Central,2018-10-08,11.93,359.08,8.35,0.14
10510,Central,2018-10-09,13.0,304.56,8.16,0.18
10511,Central,2018-10-10,10.48,171.87,4.25,0.55
10512,Central,2018-10-11,10.33,174.22,7.05,0.02
10513,Central,2018-10-12,14.28,88.98,5.56,1.72
10514,Central,2018-10-13,14.73,304.62,9.19,0.4
10515,Central,2018-10-14,12.45,227.52,4.99,0.03
10516,Central,2018-10-15,13.33,274.83,6.62,0.21
10517,Central,2018-10-16,12.42,39.56,6.8,0.24
10518,Central,2018-10-17,15.56,273.86,6.47,0.16
10519,Central,2018-10-18,13.0,172.36,9.81,0.14
10520,Central,2018-10-19,12.46,261.43,9.15,0.08
10521,Central,2018-10-20,15.45,258.02,4.19,0.23
10522,Central,2018-10-21,12.03,216.39,7.41,0.07
10523,Central,2018-10-22,13.95,164.06,6.7,0.12
10524,Central,2018-10-23,11.6,253.65,8.0,0.39
10525,Central,2018-10-24,15.09,156.84,7.1,0.02
10526,Central,2018-10-25,15.46,309.81,5.59,0.15
10527,Central,2018-10-26,11.33,170.16,5.29,0.67
10528,Central,2018-10-27,11.09,231.93,6.27,0.1
10529,Central,2018-10-28,14.63,172.74,6.72,0.18
10530,Central,2018-10-29,18.01,247.48,7.23,0.0
10531,Central,2018-10-30,15.98,154.69,6.11,0.14
10532,Central,2018-10-31,13.87,175.03,9.55,0.13
10533,Central,2018-11-01,12.68,425.93,7.83,0.15
10534,Central,2018-11-02,12.04,312.59,8.37,0.05
10535,Central,2018-11-03,16.0,277.37,6.88,0.05
10536,Central,2018-11-04,16.51,291.78,5.56,1.04
10537,Central,2018-11-05,13.5,278.01,8.47,0.02
10538,Central,2018-11-06,14.36,249.43,5.68,0.07
10539,Central,2018-11-07,15.05,320.13,4.16,0.36
10540,Central,2018-11-08,18.69,196.56,8.07,0.02
10541,Central,2018-11-09,15.3,393.55,6.12,0.13
10542,Central,2018-11-10,13.32,278.8,6.78,0.22
10543,Central,2018-11-11,13.08,336.64,8.34,0.03
10544,Central,2018-11-12,13.68,401.78,5.93,0.07
10545,Central,2018-11-13,18.15,318.67,4.95,0.16
10546,Central,2018-11-14,16.76,218.07,9.21,0.08
10547,Central,2018-11-15,15.17,384.07,7.32,0.02
10548,Central,2018-11-16,10.13,425.86,9.32,0.05
10549,Central,2018-11-17,14.4,138.16,8.39,0.02
10550,Central,2018-11-18,16.92,289.52,8.46,0.82
10551,Central,2018-11-19,17.06,324.82,7.74,0.05
10552,Central,2018-11-20,17.17,284.29,7.77,0.15
10553,Central,2018-11-21,13.92,209.69,9.25,0.11
10554,Central,2018-11-22,17.11,242.74,8.79,0.17
10555,Central,2018-11-23,14.94,169.53,6.7,0.69
10556,Central,2018-11-24,17.03,397.99,8.35,0.26
10557,Central,2018-11-25,15.63,435.64,6.7,0.41
10558,Central,2018-11-26,19.45,438.76,7.18,0.07
10559,Central,2018-11-27,18.12,331.9,8.52,0.04
10560,Central,2018-11-28,17.31,360.35,6.73,0.83
10561,Central,2018-11-29,20.5,428.57,7.93,0.4
10562,Central,2018-11-30,17.14,328.77,8.29,0.09
10563,Central,2018-12-01,15.21,275.92,7.23,0.45
10564,Central,2018-12-02,20.3,310.72,8.84,1.11
10565,Central,2018-12-03,18.84,374.98,7.11,0.12
10566,Central,2018-12-04,17.85,308.44,9.2,0.41
10567,Central,2018-12-05,17.36,408.03,8.0,0.22
10568,Central,2018-12-06,19.82,266.43,8.08,0.35
10569,Central,2018-12-07,20.59,360.14,6.48,0.11
10570,Central,2018-12-08,17.58,416.74,7.49,1.6
10571,Central,2018-12-09,20.41,399.68,8.15,0.09
10572,Central,2018-12-10,19.94,335.09,9.41,0.27
10573,Central,2018-12-11,17.94,457.55,7.4,0.11
10574,Central,2018-12-12,19.77,424.62,9.43,0.1
10575,Central,2018-12-13,18.83,241.4,6.77,0.32
10576,Central,2018-12-14,22.57,449.88,8.42,0.03
10577,Central,2018-12-15,18.96,384.64,7.16,0.53
10578,Central,2018-12-16,23.44,381.4,10.25,0.14
10579,Central,2018-12-17,20.85,362.0,9.99,0.2
10580,Central,2018-12-18,17.26,353.18,8.38,0.1
10581,Central,2018-12-19,16.58,455.0,7.15,0.21
10582,Central,2018-12-20,20.67,487.21,5.69,0.25
10583,Central,2018-12-21,23.93,460.87,8.54,0.41
10584,Central,2018-12-22,23.89,529.66,8.29,1.93
10585,Central,2018-12-23,21.93,505.33,9.27,0.44
10586,Central,2018-12-24,20.3,303.38,5.79,0.19
10587,Central,2018-12-25,21.11,395.75,8.2,0.3
10588,Central,2018-12-26,22.53,569.28,8.64,0.29
10589,Central,2018-12-27,24.46,377.81,6.64,0.44
10590,Central,2018-12-28,23.6,265.71,8.17,1.78
10591,Central,2018-12-29,24.57,636.19,6.91,0.25
10592,Central,2018-12-30,24.09,518.56,6.76,0.28
10593,Central,2018-12-31,24.85,445.36,7.2,0.33
10594,Central,2019-01-01,18.62,437.29,7.6,0.36
10595,Central,2019-01-02,21.53,560.68,9.86,0.09
10596,Central,2019-01-03,21.28,553.73,7.51,0.3
10597,Central,2019-01-04,21.26,546.82,6.73,0.6
10598,Central,2019-01-05,23.84,510.69,9.21,0.05
10599,Central,2019-01-06,21.11,428.48,9.53,0.01
10600,Central,2019-01-07,22.29,533.19,9.21,0.02
10601,Central,2019-01-08,24.15,626.4,10.03,0.05
10602,Central,2019-01-09,21.31,502.94,8.26,0.5
10603,Central,2019-01-10,23.71,599.47,8.2,0.03
10604,Central,2019-01-11,26.13,524.1,6.91,0.28
10605,Central,2019-01-12,22.57,625.63,10.06,0.4
10606,Central,2019-01-13,26.78,488.18,7.81,0.42
10607,Central,2019-01-14,23.75,572.7,7.49,0.54
10608,Central,2019-01-15,26.07,613.12,7.34,0.14
10609,Central,2019-01-16,23.48,527.55,8.88,0.08
10610,Central,2019-01-17,26.76,615.55,8.04,0.03
10611,Central,2019-01-18,25.42,589.11,8.19,0.05
10612,Central,2019-01-19,27.12,592.85,7.41,0.03
10613,Central,2019-01-20,25.26,547.04,7.59,0.1
10614,Central,2019-01-21,27.62,685.89,7.65,0.04
10615,Central,2019-01-22,28.36,535.31,9.99,0.1
10616,Central,2019-01-23,27.07,638.08,5.14,0.38
10617,Central,2019-01-24,26.03,552.51,8.5,0.21
10618,Central,2019-01-25,26.68,619.86,9.45,0.22
10619,Central,2019-01-26,24.77,681.26,5.05,0.33
10620,Central,2019-01-27,27.86,611.36,7.68,0.01
10621,Central,2019-01-28,28.85,392.97,9.25,0.32
10622,Central,2019-01-29,30.89,536.04,6.63,0.04
10623,Central,2019-01-30,30.53,475.49,8.14,0.08
10624,Central,2019-01-31,26.11,658.03,6.32,0.07
10625,Central,2019-02-01,28.63,656.62,7.75,0.02
10626,Central,2019-02-02,28.09,633.35,9.6,0.04
10627,Central,2019-02-03,30.93,615.61,10.21,0.63
10628,Central,2019-02-04,27.22,687.7,8.03,0.18
10629,Central,2019-02-05,30.54,558.45,5.71,0.13
10630,Central,2019-02-06,26.95,754.9,7.14,0.28
10631,Central,2019-02-07,28.85,688.55,4.87,0.34
10632,Central,2019-02-08,27.42,611.03,7.12,0.02
10633,Central,2019-02-09,25.4,657.16,8.99,0.27
10634,Central,2019-02-10,27.65,684.08,5.48,0.54
10635,Central,2019-02-11,29.07,588.03,7.19,0.18
10636,Central,2019-02-12,32.57,756.0,6.25,0.19
10637,Central,2019-02-13,27.67,783.35,10.14,0.41
10638,Central,2019-02-14,28.76,719.23,8.03,1.14
10639,Central,2019-02-15,27.21,788.74,8.68,1.07
10640,Central,2019-02-16,32.52,929.09,7.82,0.07
10641,Central,2019-02-17,29.41,570.35,8.5,0.37
10642,Central,2019-02-18,29.77,728.24,8.95,0.19
10643,Central,2019-02-19,29.86,620.04,7.36,0.09
10644,Central,2019-02-20,26.77,855.68,6.48,0.43
10645,Central,2019-02-21,27.84,753.79,5.85,1.12
10646,Central,2019-02-22,28.98,681.44,9.86,0.01
10647,Central,2019-02-23,32.22,719.58,8.43,0.52
10648,Central,2019-02-24,26.09,850.37,3.83,0.05
10649,Central,2019-02-25,32.27,782.63,6.77,0.05
10650,Central,2019-02-26,31.97,795.66,7.74,0.01
10651,Central,2019-02-27,27.75,871.23,9.59,0.51
10652,Central,2019-02-28,30.84,831.29,5.4,0.28
10653,Central,2019-03-01,33.89,847.55,7.66,0.05
10654,Central,2019-03-02,29.51,750.13,6.4,0.2
10655,Central,2019-03-03,30.63,582.46,5.17,0.03
10656,Central,2019-03-04,37.34,773.51,8.95,0.28
10657,Central,2019-03-05,32.54,714.44,5.46,0.11
10658,Central,2019-03-06,31.45,832.98,8.33,0.01
10659,Central,2019-03-07,31.09,630.48,4.45,0.35
10660,Central,2019-03-08,32.86,840.5,6.08,0.17
10661,Central,2019-03-09,33.55,791.37,7.64,1.48
10662,Central,2019-03-10,27.94,806.57,7.82,0.22
10663,Central,2019-03-11,27.84,829.65,7.37,0.11
10664,Central,2019-03-12,30.38,779.68,8.16,0.24
10665,Central,2019-03-13,32.12,757.04,6.22,0.0
10666,Central,2019-03-14,32.63,876.12,8.71,0.08
10667,Central,2019-03-15,29.13,834.32,7.12,0.3
10668,Central,2019-03-16,32.17,843.45,7.65,0.29
10669,Central,2019-03-17,32.49,783.12,7.06,0.44
10670,Central,2019-03-18,30.97,799.78,7.22,0.19
10671,Central,2019-03-19,31.65,791.17,4.95,0.57
10672,Central,2019-03-20,31.3,653.82,5.01,0.16
10673,Central,2019-03-21,33.71,683.9,5.57,0.14
10674,Central,2019-03-22,32.83,785.49,7.12,0.04
10675,Central,2019-03-23,30.56,646.01,5.43,0.3
10676,Central,2019-03-24,34.78,788.17,5.84,0.24
10677,Central,2019-03-25,30.16,726.13,6.14,0.12
10678,Central,2019-03-26,29.49,792.19,8.34,0.02
10679,Central,2019-03-27,32.44,812.38,7.08,0.03
10680,Central,2019-03-28,32.45,650.54,3.95,0.02
10681,Central,2019-03-29,33.1,825.54,6.35,0.09
10682,Central,2019-03-30,30.6,763.81,5.62,0.03
10683,Central,2019-03-31,34.76,614.11,5.7,0.39
10684,Central,2019-04-01,36.4,763.13,6.01,0.46
10685,Central,2019-04-02,32.93,830.35,7.66,0.39
10686,Central,2019-04-03,33.6,767.41,4.72,0.19
10687,Central,2019-04-04,28.73,762.33,6.21,0.18
10688,Central,2019-04-05,32.08,811.68,6.31,0.44
10689,Central,2019-04-06,31.55,760.66,5.5,0.1
10690,Central,2019-04-07,31.21,777.16,4.84,0.01
10691,Central,2019-04-08,31.59,691.86,4.64,0.13
10692,Central,2019-04-09,31.77,755.87,5.1,0.16
10693,Central,2019-04-10,29.95,947.33,6.81,0.16
10694,Central,2019-04-11,31.86,810.06,5.13,0.03
10695,Central,2019-04-12,30.72,816.41,5.48,0.31
10696,Central,2019-04-13,34.35,742.47,3.86,0.26
10697,Central,2019-04-14,33.39,761.23,4.85,0.05
10698,Central,2019-04-15,33.36,773.36,5.88,0.16
10699,Central,2019-04-16,34.61,860.32,3.0,1.56
10700,Central,2019-04-17,30.96,884.95,7.03,0.0
10701,Central,2019-04-18,33.1,751.27,4.54,0.06
10702,Central,2019-04-19,34.65,784.23,8.04,0.13
10703,Central,2019-04-20,30.66,765.71,6.0,0.37
10704,Central,2019-04-21,28.34,843.82,2.58,0.32
10705,Central,2019-04-22,30.96,818.55,5.72,0.03
10706,Central,2019-04-23,34.19,772.02,4.79,0.12
10707,Central,2019-04-24,30.31,858.06,5.67,0.07
10708,Central,2019-04-25,31.22,816.72,7.63,0.51
10709,Central,2019-04-26,30.52,711.49,6.23,0.16
10710,Central,2019-04-27,31.63,771.66,4.8,0.14
10711,Central,2019-04-28,29.83,754.63,3.02,0.03
10712,Central,2019-04-29,28.89,687.39,6.39,0.03
10713,Central,2019-04-30,30.89,745.98,5.81,0.03
10714,Central,2019-05-01,31.15,852.64,6.76,0.37
10715,Central,2019-05-02,33.84,846.54,4.78,0.0
10716,Central,2019-05-03,31.65,829.36,5.4,0.05
10717,Central,2019-05-04,29.08,815.91,4.56,0.62
10718,Central,2019-05-05,29.87,767.42,5.03,0.01
10719,Central,2019-05-06,32.66,699.8,2.6,0.01
10720,Central,2019-05-07,30.29,790.06,5.32,0.49
10721,Central,2019-05-08,28.85,610.24,5.39,0.03
10722,Central,2019-05-09,31.1,685.1,4.03,0.17
10723,Central,2019-05-10,29.25,824.08,5.67,0.08
10724,Central,2019-05-11,31.68,693.1,6.04,0.05
10725,Central,2019-05-12,31.34,780.36,6.81,1.31
10726,Central,2019-05-13,28.2,696.76,3.15,0.08
10727,Central,2019-05-14,33.96,766.38,5.66,0.2
10728,Central,2019-05-15,30.02,595.66,6.64,0.41
10729,Central,2019-05-16,24.82,817.05,4.08,0.51
10730,Central,2019-05-17,30.79,622.4,6.68,0.11
10731,Central,2019-05-18,24.71,599.04,3.47,0.75
10732,Central,2019-05-19,31.86,801.68,4.64,0.26
10733,Central,2019-05-20,29.77,700.19,1.92,0.18
10734,Central,2019-05-21,29.23,672.05,1.69,0.24
10735,Central,2019-05-22,29.22,818.03,2.14,0.09
10736,Central,2019-05-23,30.26,747.12,6.57,0.11
10737,Central,2019-05-24,28.0,648.63,3.26,0.88
10738,Central,2019-05-25,28.8,669.74,3.24,0.08
10739,Central,2019-05-26,28.92,762.25,4.99,0.29
10740,Central,2019-05-27,22.78,595.05,3.25,0.29
10741,Central,2019-05-28,29.59,783.35,6.15,0.32
10742,Central,2019-05-29,29.78,628.1,7.12,0.03
10743,Central,2019-05-30,29.02,589.5,0.97,0.05
10744,Central,2019-05-31,28.73,741.77,5.07,0.28
10745,Central,2019-06-01,31.01,709.14,1.18,0.06
10746,Central,2019-06-02,27.58,503.75,2.21,0.32
10747,Central,2019-06-03,27.5,632.8,4.95,0.31
10748,Central,2019-06-04,26.06,548.36,2.8,0.06
10749,Central,2019-06-05,23.38,696.02,4.6,0.08
10750,Central,2019-06-06,27.97,765.07,4.24,0.04
10751,Central,2019-06-07,25.81,665.82,1.7,0.28
10752,Central,2019-06-08,22.89,557.3,5.15,0.38
10753,Central,2019-06-09,26.43,684.51,4.6,0.1
10754,Central,2019-06-10,26.21,604.49,4.19,0.04
10755,Central,2019-06-11,25.8,597.78,3.15,0.02
10756,Central,2019-06-12,26.37,560.0,4.7,0.05
10757,Central,2019-06-13,22.81,602.31,2.16,0.78
10758,Central,2019-06-14,27.75,583.34,2.58,0.04
10759,Central,2019-06-15,26.47,391.73,4.56,0.02
10760,Central,2019-06-16,27.93,581.17,5.62,0.31
10761,Central,2019-06-17,24.16,563.1,3.35,0.19
10762,Central,2019-06-18,25.97,596.84,4.74,0.15
10763,Central,2019-06-19,21.2,403.52,4.35,0.12
10764,Central,2019-06-20,23.1,599.96,4.66,0.24
10765,Central,2019-06-21,21.86,556.22,2.99,0.24
10766,Central,2019-06-22,24.95,588.45,3.8,0.11
10767,Central,2019-06-23,22.05,413.41,3.96,0.05
10768,Central,2019-06-24,23.22,439.85,6.26,0.37
10769,Central,2019-06-25,23.91,383.5,2.36,0.04
10770,Central,2019-06-26,22.93,540.07,1.9,0.15
10771,Central,2019-06-27,20.94,495.61,8.51,0.24
10772,Central,2019-06-28,26.7,506.54,4.47,0.2
10773,Central,2019-06-29,23.46,401.51,4.82,0.96
10774,Central,2019-06-30,26.37,410.96,4.96,0.22
10775,Central,2019-07-01,20.83,302.89,5.16,0.42
10776,Central,2019-07-02,21.97,389.77,5.35,0.09
10777,Central,2019-07-03,22.72,440.25,5.17,0.99
10778,Central,2019-07-04,25.44,439.23,5.69,0.24
10779,Central,2019-07-05,25.5,476.53,4.25,0.18
10780,Central,2019-07-06,21.16,537.71,5.61,0.47
10781,Central,2019-07-07,20.4,416.52,6.85,0.21
10782,Central,2019-07-08,21.68,505.61,4.31,0.11
10783,Central,2019-07-09,23.92,523.64,4.74,0.37
10784,Central,2019-07-10,21.62,548.26,3.15,0.67
10785,Central,2019-07-11,21.81,490.34,3.78,0.76
10786,Central,2019-07-12,23.39,451.93,4.56,0.87
10787,Central,2019-07-13,22.9,354.6,3.46,0.08
10788,Central,2019-07-14,22.8,457.74,4.18,0.26
10789,Central,2019-07-15,21.91,400.81,4.57,0.02
10790,Central,2019-07-16,23.21,536.01,6.34,0.41
10791,Central,2019-07-17,17.91,428.2,2.78,0.28
10792,Central,2019-07-18,24.67,403.13,4.71,0.09
10793,Central,2019-07-19,22.13,524.26,3.18,0.05
10794,Central,2019-07-20,19.52,367.48,5.25,0.1
10795,Central,2019-07-21,21.9,400.92,5.38,0.33
10796,Central,2019-07-22,18.82,557.07,6.64,0.01
10797,Central,2019-07-23,20.31,412.78,3.5,0.13
10798,Central,2019-07-24,20.38,476.7,4.37,0.06
10799,Central,2019-07-25,20.76,502.23,5.37,0.42
10800,Central,2019-07-26,17.96,333.04,5.16,0.11
10801,Central,2019-07-27,20.49,445.2,0.46,0.24
10802,Central,2019-07-28,17.68,341.22,3.17,0.09
10803,Central,2019-07-29,19.88,526.42,5.08,0.08
10804,Central,2019-07-30,18.23,474.14,3.92,0.08
10805,Central,2019-07-31,14.46,413.58,5.47,0.23
10806,Central,2019-08-01,16.49,433.2,5.83,0.67
10807,Central,2019-08-02,19.51,289.53,3.97,0.05
10808,Central,2019-08-03,17.06,478.18,5.21,0.21
10809,Central,2019-08-04,19.95,264.08,6.51,0.06
10810,Central,2019-08-05,14.95,364.69,5.87,0.16
10811,Central,2019-08-06,18.63,270.75,3.21,0.16
10812,Central,2019-08-07,17.0,392.5,4.1,0.12
10813,Central,2019-08-08,16.46,459.12,4.44,0.14
10814,Central,2019-08-09,14.46,351.54,3.02,0.42
10815,Central,2019-08-10,17.11,336.58,6.05,0.02
10816,Central,2019-08-11,14.53,298.29,3.5,0.35
10817,Central,2019-08-12,15.15,311.49,4.34,0.62
10818,Central,2019-08-13,16.01,272.72,6.12,0.08
10819,Central,2019-08-14,15.43,426.44,3.86,0.04
10820,Central,2019-08-15,18.1,355.53,4.05,0.34
10821,Central,2019-08-16,10.74,260.53,5.09,0.18
10822,Central,2019-08-17,15.44,289.53,3.99,0.26
10823,Central,2019-08-18,14.95,514.4,6.93,0.08
10824,Central,2019-08-19,15.54,299.41,3.28,0.1
10825,Central,2019-08-20,14.36,390.44,1.24,0.49
10826,Central,2019-08-21,17.38,224.71,5.97,0.65
10827,Central,2019-08-22,14.71,305.42,4.2,0.27
10828,Central,2019-08-23,15.38,214.35,3.55,0.28
10829,Central,2019-08-24,16.8,218.32,5.37,0.24
10830,Central,2019-08-25,15.01,321.56,5.45,0.18
10831,Central,2019-08-26,12.27,183.39,3.7,0.18
10832,Central,2019-08-27,13.86,156.73,6.65,0.66
10833,Central,2019-08-28,14.37,304.04,6.2,0.28
10834,Central,2019-08-29,11.23,207.37,7.89,1.07
10835,Central,2019-08-30,13.01,221.3,4.27,0.04
10836,Central,2019-08-31,14.21,96.97,5.22,0.76
10837,Central,2019-09-01,18.28,136.94,5.37,0.73
10838,Central,2019-09-02,14.92,253.65,4.56,0.58
10839,Central,2019-09-03,14.41,214.9,5.69,0.25
10840,Central,2019-09-04,17.4,303.98,5.83,0.01
10841,Central,2019-09-05,15.12,157.02,5.86,0.15
10842,Central,2019-09-06,15.32,213.53,4.68,0.45
10843,Central,2019-09-07,12.98,228.44,4.89,0.01
10844,Central,2019-09-08,11.2,206.38,4.39,0.4
10845,Central,2019-09-09,14.19,268.58,4.14,0.19
10846,Central,2019-09-10,17.25,132.07,5.2,0.01
10847,Central,2019-09-11,16.57,258.16,7.61,0.47
10848,Central,2019-09-12,14.81,306.62,8.42,0.01
10849,Central,2019-09-13,12.06,148.03,7.37,0.0
10850,Central,2019-09-14,10.28,244.44,4.74,0.45
10851,Central,2019-09-15,11.69,239.55,6.08,1.38
10852,Central,2019-09-16,13.73,256.72,2.43,0.07
10853,Central,2019-09-17,12.31,208.48,5.3,0.02
10854,Central,2019-09-18,15.22,320.66,4.98,0.01
10855,Central,2019-09-19,10.2,374.94,8.41,0.5
10856,Central,2019-09-20,12.89,255.13,6.02,0.2
10857,Central,2019-09-21,11.58,229.33,5.74,0.18
10858,Central,2019-09-22,15.07,204.5,5.6,0.23
10859,Central,2019-09-23,14.15,97.58,5.3,6.8
10860,Central,2019-09-24,11.38,87.83,6.57,0.31
10861,Central,2019-09-25,14.73,109.15,4.81,0.12
10862,Central,2019-09-26,9.76,222.26,6.66,0.34
10863,Central,2019-09-27,9.42,185.21,8.02,0.27
10864,Central,2019-09-28,11.21,322.51,6.07,0.02
10865,Central,2019-09-29,9.01,0.0,5.47,0.52
10866,Central,2019-09-30,12.75,203.28,5.86,0.43
10867,Central,2019-10-01,12.81,234.67,7.81,0.18
10868,Central,2019-10-02,12.16,271.88,6.25,0.14
10869,Central,2019-10-03,14.06,211.69,5.16,0.26
10870,Central,2019-10-04,11.54,229.65,7.32,0.36
10871,Central,2019-10-05,10.4,214.89,5.08,0.11
10872,Central,2019-10-06,11.42,236.4,5.83,0.17
10873,Central,2019-10-07,10.59,200.19,6.56,0.04
10874,Central,2019-10-08,11.83,371.63,5.04,0.05
10875,Central,2019-10-09,14.27,249.25,3.6,0.84
10876,Central,2019-10-10,9.59,219.59,6.99,0.14
10877,Central,2019-10-11,12.45,145.61,3.06,0.34
10878,Central,2019-10-12,15.08,178.22,5.0,0.35
10879,Central,2019-10-13,15.34,327.46,7.59,0.8
10880,Central,2019-10-14,11.87,8.97,7.08,0.81
10881,Central,2019-10-15,17.7,213.52,6.25,0.12
10882,Central,2019-10-16,11.21,208.28,5.18,0.6
10883,Central,2019-10-17,12.9,251.67,5.91,0.09
10884,Central,2019-10-18,11.07,234.35,7.45,0.19
10885,Central,2019-10-19,14.33,335.95,6.42,0.34
10886,Central,2019-10-20,19.12,224.18,4.8,0.49
10887,Central,2019-10-21,17.26,212.91,5.36,0.15
10888,Central,2019-10-22,15.33,295.99,6.06,0.11
10889,Central,2019-10-23,12.48,344.36,7.3,0.26
10890,Central,2019-10-24,13.43,278.66,6.94,0.12
10891,Central,2019-10-25,16.06,306.69,4.94,0.22
10892,Central,2019-10-26,15.4,210.5,8.86,0.33
10893,Central,2019-10-27,14.14,240.14,5.76,0.37
10894,Central,2019-10-28,14.34,351.26,7.57,0.06
10895,Central,2019-10-29,16.24,276.92,5.51,0.17
10896,Central,2019-10-30,16.82,217.87,10.69,0.03
10897,Central,2019-10-31,11.3,242.37,8.98,0.32
10898,Central,2019-11-01,14.84,325.34,5.86,0.03
10899,Central,2019-11-02,15.63,335.15,7.19,0.41
10900,Central,2019-11-03,13.5,180.44,5.54,0.52
10901,Central,2019-11-04,17.22,279.66,6.58,0.04
10902,Central,2019-11-05,14.18,252.93,7.77,0.32
10903,Central,2019-11-06,17.47,251.3,8.44,0.04
10904,Central,2019-11-07,14.22,366.02,5.34,0.1
10905,Central,2019-11-08,15.58,243.71,6.1,0.17
10906,Central,2019-11-09,15.64,219.87,8.66,0.09
10907,Central,2019-11-10,18.6,203.98,9.26,0.04
10908,Central,2019-11-11,16.87,258.54,6.14,0.1
10909,Central,2019-11-12,14.59,217.09,8.76,0.03
10910,Central,2019-11-13,15.07,210.19,5.5,0.25
10911,Central,2019-11-14,15.18,211.71,6.93,0.04
10912,Central,2019-11-15,15.89,220.06,5.69,0.13
10913,Central,2019-11-16,14.09,229.3,6.82,0.16
10914,Central,2019-11-17,15.94,325.81,10.32,0.58
10915,Central,2019-11-18,18.96,140.87,7.39,0.02
10916,Central,2019-11-19,19.0,245.37,7.08,0.53
10917,Central,2019-11-20,13.36,297.4,6.68,0.05
10918,Central,2019-11-21,13.17,401.26,7.09,0.37
10919,Central,2019-11-22,15.57,293.71,6.35,0.02
10920,Central,2019-11-23,13.33,305.19,7.79,0.9
10921,Central,2019-11-24,14.5,314.55,7.56,0.33
10922,Central,2019-11-25,17.87,179.86,6.94,0.07
10923,Central,2019-11-26,17.23,382.72,6.83,0.05
10924,Central,2019-11-27,14.01,383.66,7.94,0.16
10925,Central,2019-11-28,19.93,403.76,6.59,0.15
10926,Central,2019-11-29,16.89,543.44,7.34,0.99
10927,Central,2019-11-30,16.85,243.52,7.05,0.12
10928,Central,2019-12-01,20.07,232.83,4.43,1.32
10929,Central,2019-12-02,19.01,412.85,9.05,0.09
10930,Central,2019-12-03,18.25,333.94,5.02,0.19
10931,Central,2019-12-04,17.5,286.68,5.14,0.01
10932,Central,2019-12-05,19.78,347.56,9.15,0.08
10933,Central,2019-12-06,17.94,325.37,6.15,0.11
10934,Central,2019-12-07,18.5,517.54,4.72,0.22
10935,Central,2019-12-08,16.76,565.25,9.85,0.33
10936,Central,2019-12-09,21.56,258.24,6.9,0.05
10937,Central,2019-12-10,22.54,275.77,9.69,0.14
10938,Central,2019-12-11,20.02,337.99,6.51,0.05
10939,Central,2019-12-12,18.79,348.46,5.43,0.6
10940,Central,2019-12-13,21.79,346.5,7.42,1.04
10941,Central,2019-12-14,21.27,397.92,6.1,0.23
10942,Central,2019-12-15,19.37,382.67,8.53,0.15
10943,Central,2019-12-16,22.72,315.11,8.95,0.07
10944,Central,2019-12-17,19.74,346.25,9.34,0.04
10945,Central,2019-12-18,18.18,557.13,7.48,0.21
10946,Central,2019-12-19,20.79,409.87,10.03,0.51
10947,Central,2019-12-20,23.26,410.84,6.57,0.05
10948,Central,2019-12-21,21.47,326.98,8.17,0.17
10949,Central,2019-12-22,19.08,416.65,7.77,0.15
10950,Central,2019-12-23,20.79,535.69,10.94,0.21
10951,Central,2019-12-24,24.16,511.58,9.8,0.18
10952,Central,2019-12-25,22.49,533.96,8.04,0.06
10953,Central,2019-12-26,22.08,377.92,8.29,0.24
10954,Central,2019-12-27,22.02,381.79,10.3,0.06
10955,Central,2019-12-28,24.62,575.19,6.87,0.21
10956,Central,2019-12-29,24.66,555.78,4.95,0.07
10957,Central,2019-12-30,20.0,474.16,6.55,0.02
10958,Central,2019-12-31,24.85,568.24,7.38,0.03
10959,Central,2020-01-01,24.18,408.92,10.04,0.36
10960,Central,2020-01-02,26.5,410.77,9.55,0.03
10961,Central,2020-01-03,23.35,386.09,7.93,0.08
10962,Central,2020-01-04,25.93,549.56,8.7,0.34
10963,Central,2020-01-05,24.77,543.13,6.93,0.01
10964,Central,2020-01-06,21.78,489.14,11.12,0.18
10965,Central,2020-01-07,26.22,473.63,9.81,0.32
10966,Central,2020-01-08,25.96,734.35,8.06,0.97
10967,Central,2020-01-09,23.22,525.56,7.87,0.55
10968,Central,2020-01-10,25.26,662.43,9.02,0.01
10969,Central,2020-01-11,29.07,544.76,7.88,0.06
10970,Central,2020-01-12,24.06,521.47,5.23,0.11
10971,Central,2020-01-13,26.64,679.91,10.25,0.42
10972,Central,2020-01-14,23.17,634.8,9.7,0.09
10973,Central,2020-01-15,24.39,574.68,8.49,0.17
10974,Central,2020-01-16,27.31,672.28,7.3,0.22
10975,Central,2020-01-17,26.37,788.17,7.93,0.07
10976,Central,2020-01-18,25.62,532.89,3.94,0.17
10977,Central,2020-01-19,29.59,634.12,6.23,0.05
10978,Central,2020-01-20,24.5,568.52,10.53,0.13
10979,Central,2020-01-21,26.22,531.34,8.65,0.48
10980,Central,2020-01-22,27.65,533.94,4.94,0.09
10981,Central,2020-01-23,25.09,743.09,6.6,0.05
10982,Central,2020-01-24,28.01,474.47,4.94,0.34
10983,Central,2020-01-25,29.29,665.79,6.65,0.43
10984,Central,2020-01-26,27.07,563.81,7.56,0.44
10985,Central,2020-01-27,26.08,776.27,10.19,0.1
10986,Central,2020-01-28,26.98,617.22,8.95,0.06
10987,Central,2020-01-29,22.4,614.5,7.3,0.02
10988,Central,2020-01-30,29.92,773.69,7.36,0.22
10989,Central,2020-01-31,28.59,722.75,6.52,0.08
10990,Central,2020-02-01,27.85,701.36,9.34,0.06
10991,Central,2020-02-02,25.02,725.87,9.5,0.09
10992,Central,2020-02-03,30.72,579.07,5.66,0.16
10993,Central,2020-02-04,27.76,729.35,5.07,0.04
10994,Central,2020-02-05,29.91,658.32,7.15,0.65
10995,Central,2020-02-06,28.9,707.29,7.31,1.32
10996,Central,2020-02-07,25.83,721.31,7.98,0.01
10997,Central,2020-02-08,31.73,597.77,5.05,0.07
10998,Central,2020-02-09,31.48,738.14,6.47,0.01
10999,Central,2020-02-10,30.99,679.68,7.4,0.05
11000,Central,2020-02-11,30.22,599.3,6.33,0.07
11001,Central,2020-02-12,27.32,690.61,8.76,1.27
11002,Central,2020-02-13,31.58,707.72,10.26,0.25
11003,Central,2020-02-14,34.38,757.33,6.62,0.01
11004,Central,2020-02-15,30.32,522.43,8.74,0.18
11005,Central,2020-02-16,30.48,748.14,6.84,0.65
11006,Central,2020-02-17,28.12,679.68,5.96,0.2
11007,Central,2020-02-18,26.3,788.88,6.26,0.65
11008,Central,2020-02-19,29.84,727.34,8.46,0.1
11009,Central,2020-02-20,33.63,704.15,6.32,0.12
11010,Central,2020-02-21,33.46,719.89,6.58,0.14
11011,Central,2020-02-22,30.75,763.96,5.51,2.58
11012,Central,2020-02-23,31.85,813.04,8.15,0.1
11013,Central,2020-02-24,28.65,672.17,7.86,0.82
11014,Central,2020-02-25,31.41,718.95,9.32,0.16
11015,Central,2020-02-26,30.24,866.9,8.01,0.05
11016,Central,2020-02-27,31.49,723.3,7.7,0.02
11017,Central,2020-02-28,30.92,784.33,7.93,0.04
11018,Central,2020-02-29,30.98,658.89,6.64,0.01
11019,Central,2020-03-01,33.64,623.08,7.16,0.24
11020,Central,2020-03-02,35.66,679.55,8.36,0.15
11021,Central,2020-03-03,31.47,710.03,5.7,1.34
11022,Central,2020-03-04,34.73,850.79,9.46,0.3
11023,Central,2020-03-05,29.49,861.85,7.83,0.54
11024,Central,2020-03-06,31.86,618.08,9.87,0.02
11025,Central,2020-03-07,29.52,730.94,5.05,0.04
11026,Central,2020-03-08,31.56,832.11,5.02,0.16
11027,Central,2020-03-09,33.68,769.83,7.31,0.03
11028,Central,2020-03-10,34.55,900.52,6.9,0.02
11029,Central,2020-03-11,30.81,835.84,6.0,0.22
11030,Central,2020-03-12,33.35,762.26,4.75,0.26
11031,Central,2020-03-13,34.94,771.02,6.22,1.85
11032,Central,2020-03-14,34.71,782.33,6.91,0.49
11033,Central,2020-03-15,33.1,720.66,4.59,0.12
11034,Central,2020-03-16,31.45,864.86,5.9,0.78
11035,Central,2020-03-17,31.3,850.41,7.06,0.04
11036,Central,2020-03-18,31.03,828.57,7.63,0.41
11037,Central,2020-03-19,32.69,812.76,5.99,0.08
11038,Central,2020-03-20,31.14,712.94,5.18,0.51
11039,Central,2020-03-21,34.17,835.68,6.52,0.05
11040,Central,2020-03-22,33.3,806.53,6.01,0.27
11041,Central,2020-03-23,33.24,957.16,4.09,0.11
11042,Central,2020-03-24,29.21,694.2,5.57,0.1
11043,Central,2020-03-25,32.97,740.4,5.33,0.01
11044,Central,2020-03-26,32.01,671.84,6.21,0.24
11045,Central,2020-03-27,37.28,781.76,5.05,0.04
11046,Central,2020-03-28,30.4,660.26,5.29,0.12
11047,Central,2020-03-29,32.55,894.62,5.8,0.03
11048,Central,2020-03-30,33.74,887.31,7.0,0.19
11049,Central,2020-03-31,31.03,787.23,6.15,0.05
11050,Central,2020-04-01,36.83,718.88,9.97,0.18
11051,Central,2020-04-02,36.87,677.94,4.04,0.59
11052,Central,2020-04-03,31.24,743.35,7.27,2.54
11053,Central,2020-04-04,31.77,849.4,5.75,0.04
11054,Central,2020-04-05,37.23,736.03,3.75,0.02
11055,Central,2020-04-06,35.71,951.22,5.23,0.01
11056,Central,2020-04-07,32.17,917.23,3.5,0.35
11057,Central,2020-04-08,33.75,797.4,5.86,0.06
11058,Central,2020-04-09,30.09,759.65,5.24,0.07
11059,Central,2020-04-10,37.23,750.25,4.64,0.05
11060,Central,2020-04-11,32.95,922.75,4.04,0.37
11061,Central,2020-04-12,33.94,741.35,7.12,3.86
11062,Central,2020-04-13,30.86,867.55,5.33,0.28
11063,Central,2020-04-14,30.42,793.38,5.85,0.35
11064,Central,2020-04-15,33.55,847.47,5.76,0.19
11065,Central,2020-04-16,36.44,723.41,5.63,0.15
11066,Central,2020-04-17,31.48,760.98,4.94,0.26
11067,Central,2020-04-18,30.55,784.17,7.67,0.01
11068,Central,2020-04-19,33.07,734.0,8.72,0.01
11069,Central,2020-04-20,35.67,882.77,7.5,1.16
11070,Central,2020-04-21,31.06,719.92,5.33,0.08
11071,Central,2020-04-22,31.78,733.05,5.2,0.13
11072,Central,2020-04-23,33.89,885.98,6.88,0.3
11073,Central,2020-04-24,34.04,868.47,4.07,0.17
11074,Central,2020-04-25,31.51,900.22,7.74,0.33
11075,Central,2020-04-26,34.2,618.34,6.33,0.11
11076,Central,2020-04-27,32.99,784.81,4.69,0.07
11077,Central,2020-04-28,31.89,773.64,5.5,0.05
11078,Central,2020-04-29,33.58,719.07,5.99,0.03
11079,Central,2020-04-30,33.22,787.47,4.38,0.01
11080,Central,2020-05-01,29.51,733.23,6.54,0.01
11081,Central,2020-05-02,34.48,769.26,6.87,0.32
11082,Central,2020-05-03,32.12,1025.72,4.54,0.07
11083,Central,2020-05-04,34.08,776.15,4.19,0.1
11084,Central,2020-05-05,31.34,776.64,4.72,0.18
11085,Central,2020-05-06,31.63,810.66,3.11,0.28
11086,Central,2020-05-07,31.84,756.4,2.32,0.04
11087,Central,2020-05-08,32.03,651.01,4.14,0.28
11088,Central,2020-05-09,33.89,603.96,3.32,0.03
11089,Central,2020-05-10,31.65,730.12,7.39,0.9
11090,Central,2020-05-11,30.56,707.64,4.02,0.07
11091,Central,2020-05-12,32.52,568.71,5.37,0.36
11092,Central,2020-05-13,31.25,852.72,3.72,0.04
11093,Central,2020-05-14,36.18,727.43,7.31,0.6
11094,Central,2020-05-15,30.73,830.46,4.32,0.35
11095,Central,2020-05-16,32.5,533.13,2.72,0.45
11096,Central,2020-05-17,31.67,824.66,5.56,0.11
11097,Central,2020-05-18,25.68,665.42,4.92,0.0
11098,Central,2020-05-19,28.18,801.15,6.32,0.29
11099,Central,2020-05-20,28.65,713.74,4.26,0.07
11100,Central,2020-05-21,26.39,728.88,4.63,0.12
11101,Central,2020-05-22,28.47,724.99,2.18,0.03
11102,Central,2020-05-23,26.38,650.57,5.68,0.13
11103,Central,2020-05-24,26.77,628.77,4.5,0.22
11104,Central,2020-05-25,29.33,647.44,4.2,0.09
11105,Central,2020-05-26,32.55,554.38,4.02,0.05
11106,Central,2020-05-27,25.84,629.42,3.92,0.16
11107,Central,2020-05-28,25.99,607.83,5.6,0.01
11108,Central,2020-05-29,27.21,539.55,2.92,0.08
11109,Central,2020-05-30,27.84,691.51,5.4,0.15
11110,Central,2020-05-31,24.9,650.99,1.86,0.08
11111,Central,2020-06-01,26.44,665.57,1.38,0.42
11112,Central,2020-06-02,26.1,697.14,6.35,0.38
11113,Central,2020-06-03,28.17,617.74,2.69,0.54
11114,Central,2020-06-04,28.23,557.06,4.36,0.35
11115,Central,2020-06-05,26.92,651.82,3.79,0.02
11116,Central,2020-06-06,26.31,389.03,4.69,0.34
11117,Central,2020-06-07,25.49,609.43,4.24,0.25
11118,Central,2020-06-08,26.85,674.53,5.71,0.73
11119,Central,2020-06-09,24.64,692.27,1.99,0.06
11120,Central,2020-06-10,29.52,561.33,5.13,2.28
11121,Central,2020-06-11,23.27,419.51,4.03,0.27
11122,Central,2020-06-12,24.79,383.27,1.8,0.82
11123,Central,2020-06-13,27.68,640.06,3.3,0.02
11124,Central,2020-06-14,24.98,555.75,1.67,0.1
11125,Central,2020-06-15,26.95,740.48,1.56,0.13
11126,Central,2020-06-16,28.88,461.22,3.41,0.22
11127,Central,2020-06-17,26.94,596.48,5.83,0.21
11128,Central,2020-06-18,22.7,697.04,4.52,0.47
11129,Central,2020-06-19,22.63,575.52,5.99,0.36
11130,Central,2020-06-20,24.4,426.58,4.15,0.01
11131,Central,2020-06-21,25.49,770.65,6.35,0.13
11132,Central,2020-06-22,26.84,670.19,6.19,0.1
11133,Central,2020-06-23,22.69,520.44,2.59,1.17
11134,Central,2020-06-24,23.12,599.01,4.12,0.11
11135,Central,2020-06-25,23.42,594.73,2.93,0.23
11136,Central,2020-06-26,23.21,574.56,3.79,0.07
11137,Central,2020-06-27,26.57,407.52,6.49,0.19
11138,Central,2020-06-28,23.2,538.84,3.04,0.05
11139,Central,2020-06-29,23.54,624.6,2.22,0.19
11140,Central,2020-06-30,24.88,542.94,2.32,0.41
11141,Central,2020-07-01,26.07,529.19,3.41,0.0
11142,Central,2020-07-02,22.64,449.31,9.62,0.14
11143,Central,2020-07-03,25.06,414.78,6.21,0.81
11144,Central,2020-07-04,26.03,356.13,0.0,0.03
11145,Central,2020-07-05,21.98,537.38,3.95,0.04
11146,Central,2020-07-06,20.9,453.97,3.07,0.13
11147,Central,2020-07-07,26.23,359.19,5.49,2.05
11148,Central,2020-07-08,23.93,539.49,2.25,0.17
11149,Central,2020-07-09,21.54,409.31,2.47,0.14
11150,Central,2020-07-10,22.64,382.53,3.17,0.02
11151,Central,2020-07-11,19.09,406.37,3.0,0.65
11152,Central,2020-07-12,23.23,425.55,5.02,0.09
11153,Central,2020-07-13,17.24,472.59,3.54,0.06
11154,Central,2020-07-14,22.81,360.88,5.56,0.11
11155,Central,2020-07-15,19.06,506.72,2.85,0.11
11156,Central,2020-07-16,17.03,459.64,5.37,0.12
11157,Central,2020-07-17,16.17,374.76,2.34,1.17
11158,Central,2020-07-18,19.05,398.2,5.01,0.4
11159,Central,2020-07-19,21.26,372.26,3.35,0.01
11160,Central,2020-07-20,16.9,406.45,5.45,0.13
11161,Central,2020-07-21,17.05,517.91,0.46,0.11
11162,Central,2020-07-22,18.37,356.85,2.96,0.0
11163,Central,2020-07-23,20.81,401.84,5.9,0.34
11164,Central,2020-07-24,20.9,326.04,3.86,0.02
11165,Central,2020-07-25,19.16,419.75,1.62,0.02
11166,Central,2020-07-26,20.69,394.61,3.13,0.01
11167,Central,2020-07-27,19.94,474.21,4.78,0.04
11168,Central,2020-07-28,17.58,296.89,3.0,0.04
11169,Central,2020-07-29,20.08,413.9,5.98,0.09
11170,Central,2020-07-30,15.54,455.24,5.88,0.22
11171,Central,2020-07-31,18.93,314.62,5.27,0.01
11172,Central,2020-08-01,15.48,335.02,5.83,0.39
11173,Central,2020-08-02,17.95,356.04,3.53,0.4
11174,Central,2020-08-03,19.96,317.5,6.55,0.19
11175,Central,2020-08-04,17.8,346.31,5.96,0.0
11176,Central,2020-08-05,17.21,381.74,4.17,0.09
11177,Central,2020-08-06,17.55,314.55,1.94,0.0
11178,Central,2020-08-07,18.28,309.77,0.85,0.04
11179,Central,2020-08-08,21.09,336.75,5.91,0.12
11180,Central,2020-08-09,17.99,279.44,2.03,0.15
11181,Central,2020-08-10,15.55,279.41,3.08,0.03
11182,Central,2020-08-11,16.0,231.54,5.2,0.27
11183,Central,2020-08-12,14.49,296.21,2.56,0.04
11184,Central,2020-08-13,13.69,331.59,8.19,0.02
11185,Central,2020-08-14,11.18,270.48,4.91,0.08
11186,Central,2020-08-15,14.99,226.44,6.8,0.16
11187,Central,2020-08-16,12.99,277.0,6.17,0.9
11188,Central,2020-08-17,15.87,312.9,0.83,0.11
11189,Central,2020-08-18,14.54,287.87,5.77,0.11
11190,Central,2020-08-19,13.28,452.56,4.66,0.01
11191,Central,2020-08-20,11.13,218.32,4.62,0.29
11192,Central,2020-08-21,14.53,255.51,4.7,0.04
11193,Central,2020-08-22,11.61,326.65,6.34,0.27
11194,Central,2020-08-23,16.42,205.57,7.26,0.48
11195,Central,2020-08-24,15.42,412.31,3.03,0.29
11196,Central,2020-08-25,14.35,255.41,4.96,0.21
11197,Central,2020-08-26,17.61,296.99,6.98,0.19
11198,Central,2020-08-27,14.63,250.74,4.59,0.12
11199,Central,2020-08-28,15.29,327.92,5.24,0.03
11200,Central,2020-08-29,15.8,158.68,5.29,0.3
11201,Central,2020-08-30,13.31,366.81,8.16,0.13
11202,Central,2020-08-31,13.23,257.03,6.14,0.2
11203,Central,2020-09-01,14.26,288.67,8.16,0.09
11204,Central,2020-09-02,11.4,174.51,7.7,0.04
11205,Central,2020-09-03,17.59,258.23,4.77,1.64
11206,Central,2020-09-04,14.26,151.55,5.59,0.08
11207,Central,2020-09-05,13.47,320.87,8.25,0.4
11208,Central,2020-09-06,17.97,121.54,3.49,0.67
11209,Central,2020-09-07,11.53,235.05,6.38,0.35
11210,Central,2020-09-08,16.74,189.71,6.43,0.03
11211,Central,2020-09-09,15.23,93.93,4.89,0.39
11212,Central,2020-09-10,15.78,142.34,4.76,0.15
11213,Central,2020-09-11,13.14,251.46,5.0,0.06
11214,Central,2020-09-12,13.55,142.17,6.45,0.02
11215,Central,2020-09-13,12.7,158.85,7.64,0.07
11216,Central,2020-09-14,15.33,240.83,6.57,0.03
11217,Central,2020-09-15,14.08,282.81,3.61,0.03
11218,Central,2020-09-16,12.13,261.23,7.79,0.88
11219,Central,2020-09-17,12.19,203.47,7.35,0.36
11220,Central,2020-09-18,13.15,223.53,5.23,0.27
11221,Central,2020-09-19,12.48,214.62,4.65,0.04
11222,Central,2020-09-20,16.0,121.31,4.3,0.01
11223,Central,2020-09-21,14.7,225.75,7.31,0.13
11224,Central,2020-09-22,14.67,119.05,2.91,0.27
11225,Central,2020-09-23,13.51,251.17,7.42,0.66
11226,Central,2020-09-24,11.37,212.28,5.13,1.86
11227,Central,2020-09-25,14.4,27.87,6.26,0.45
11228,Central,2020-09-26,8.8,278.95,0.74,0.05
11229,Central,2020-09-27,13.33,158.57,3.25,0.17
11230,Central,2020-09-28,11.35,151.75,4.92,0.06
11231,Central,2020-09-29,11.2,276.5,4.61,0.03
11232,Central,2020-09-30,12.05,186.94,7.15,0.32
11233,Central,2020-10-01,12.81,247.86,6.5,0.47
11234,Central,2020-10-02,12.93,147.96,8.98,0.07
11235,Central,2020-10-03,14.57,264.76,6.88,0.42
11236,Central,2020-10-04,12.65,216.58,5.17,0.01
11237,Central,2020-10-05,12.81,233.62,8.02,0.23
11238,Central,2020-10-06,10.24,187.45,5.52,0.15
11239,Central,2020-10-07,10.52,332.71,5.47,0.06
11240,Central,2020-10-08,13.65,352.66,6.29,0.29
11241,Central,2020-10-09,14.36,27.5,8.75,0.05
11242,Central,2020-10-10,12.61,278.77,7.93,0.11
11243,Central,2020-10-11,15.03,119.23,7.91,0.25
11244,Central,2020-10-12,10.38,247.42,9.36,0.08
11245,Central,2020-10-13,14.03,65.56,7.95,0.39
11246,Central,2020-10-14,11.57,241.24,4.64,2.01
11247,Central,2020-10-15,11.45,143.38,7.33,0.05
11248,Central,2020-10-16,11.83,174.96,8.99,0.12
11249,Central,2020-10-17,13.25,178.56,4.31,0.11
11250,Central,2020-10-18,14.34,155.92,6.59,0.11
11251,Central,2020-10-19,14.24,159.73,5.05,0.14
11252,Central,2020-10-20,12.99,186.2,6.88,0.02
11253,Central,2020-10-21,14.9,207.53,8.42,0.41
11254,Central,2020-10-22,17.07,247.59,8.76,0.07
11255,Central,2020-10-23,13.52,372.57,6.5,0.0
11256,Central,2020-10-24,14.02,150.01,7.8,0.23
11257,Central,2020-10-25,12.68,238.03,4.59,0.21
11258,Central,2020-10-26,13.19,291.92,4.25,0.82
11259,Central,2020-10-27,16.55,175.69,8.58,0.25
11260,Central,2020-10-28,16.65,54.2,2.4,0.08
11261,Central,2020-10-29,13.81,84.49,5.93,0.61
11262,Central,2020-10-30,15.28,62.12,8.01,0.09
11263,Central,2020-10-31,16.23,365.58,7.36,0.34
11264,Central,2020-11-01,13.58,294.19,2.8,0.08
11265,Central,2020-11-02,11.95,308.29,7.87,0.01
11266,Central,2020-11-03,16.04,329.16,5.82,0.26
11267,Central,2020-11-04,16.55,207.52,7.32,0.09
11268,Central,2020-11-05,16.36,440.78,6.23,0.41
11269,Central,2020-11-06,14.21,286.43,6.16,0.25
11270,Central,2020-11-07,18.11,256.89,4.52,0.39
11271,Central,2020-11-08,15.74,354.71,6.71,0.13
11272,Central,2020-11-09,12.98,322.56,9.13,0.1
11273,Central,2020-11-10,12.2,379.31,6.67,0.35
11274,Central,2020-11-11,14.91,387.42,6.76,0.03
11275,Central,2020-11-12,16.07,251.12,6.3,0.16
11276,Central,2020-11-13,15.16,297.87,5.45,0.03
11277,Central,2020-11-14,19.84,213.77,5.91,0.05
11278,Central,2020-11-15,16.79,159.9,7.76,0.1
11279,Central,2020-11-16,14.16,360.83,11.14,0.21
11280,Central,2020-11-17,11.69,374.23,8.94,0.06
11281,Central,2020-11-18,16.83,142.93,8.43,0.12
11282,Central,2020-11-19,18.46,248.03,10.51,0.14
11283,Central,2020-11-20,20.35,313.86,8.25,0.37
11284,Central,2020-11-21,16.35,325.5,9.18,0.34
11285,Central,2020-11-22,20.33,481.06,7.91,0.0
11286,Central,2020-11-23,14.31,271.43,8.29,0.11
11287,Central,2020-11-24,16.48,312.06,5.52,1.07
11288,Central,2020-11-25,15.28,381.98,7.18,0.38
11289,Central,2020-11-26,19.03,306.25,6.82,0.01
11290,Central,2020-11-27,14.99,298.2,6.76,0.2
11291,Central,2020-11-28,18.54,296.01,6.69,0.37
11292,Central,2020-11-29,15.4,366.04,9.87,0.06
11293,Central,2020-11-30,21.55,337.81,7.19,0.05
11294,Central,2020-12-01,17.44,410.98,7.54,0.13
11295,Central,2020-12-02,19.09,389.53,11.17,0.66
11296,Central,2020-12-03,14.91,132.3,8.95,0.24
11297,Central,2020-12-04,15.66,230.05,7.81,0.55
11298,Central,2020-12-05,17.25,334.78,9.41,0.0
11299,Central,2020-12-06,20.66,457.95,6.83,0.16
11300,Central,2020-12-07,20.43,332.17,7.21,0.09
11301,Central,2020-12-08,21.45,419.05,7.32,0.04
11302,Central,2020-12-09,16.42,441.78,8.25,0.14
11303,Central,2020-12-10,20.61,441.96,8.58,0.08
11304,Central,2020-12-11,18.64,359.83,6.47,0.04
11305,Central,2020-12-12,18.31,316.68,8.52,0.26
11306,Central,2020-12-13,19.01,308.48,8.82,0.26
11307,Central,2020-12-14,20.02,656.09,7.22,0.96
11308,Central,2020-12-15,21.74,459.83,7.69,0.37
11309,Central,2020-12-16,22.83,575.64,6.24,0.05
11310,Central,2020-12-17,21.8,366.77,5.69,0.07
11311,Central,2020-12-18,22.19,538.33,6.24,0.12
11312,Central,2020-12-19,24.74,405.39,9.05,0.01
11313,Central,2020-12-20,22.65,446.3,8.75,0.43
11314,Central,2020-12-21,21.0,430.8,10.87,0.13
11315,Central,2020-12-22,22.76,388.46,8.04,0.08
11316,Central,2020-12-23,25.19,394.8,8.06,0.13
11317,Central,2020-12-24,20.2,465.94,8.5,0.08
11318,Central,2020-12-25,21.25,427.24,6.39,0.07
11319,Central,2020-12-26,25.19,489.5,9.35,0.12
11320,Central,2020-12-27,21.88,417.49,8.57,0.13
11321,Central,2020-12-28,24.16,546.27,6.58,0.57
11322,Central,2020-12-29,25.38,458.04,8.56,0.16
11323,Central,2020-12-30,20.46,630.95,9.14,0.31
11324,Central,2020-12-31,22.33,501.11,6.0,0.01
11325,Central,2021-01-01,25.73,502.15,9.58,0.33
11326,Central,2021-01-02,23.24,643.77,7.32,0.05
11327,Central,2021-01-03,19.62,481.02,3.39,0.06
11328,Central,2021-01-04,22.81,493.24,9.45,0.18
11329,Central,2021-01-05,25.59,474.85,10.0,0.74
11330,Central,2021-01-06,26.73,552.42,6.3,0.02
11331,Central,2021-01-07,24.45,482.37,5.47,0.22
11332,Central,2021-01-08,25.48,608.43,9.97,0.24
11333,Central,2021-01-09,23.95,547.66,7.04,0.17
11334,Central,2021-01-10,26.66,623.58,9.98,0.0
11335,Central,2021-01-11,27.87,619.63,5.27,0.93
11336,Central,2021-01-12,26.73,525.58,10.06,0.02
11337,Central,2021-01-13,25.12,512.64,9.55,0.02
11338,Central,2021-01-14,26.39,550.34,8.74,0.24
11339,Central,2021-01-15,27.6,582.3,4.92,0.24
11340,Central,2021-01-16,25.91,613.27,7.37,0.44
11341,Central,2021-01-17,27.62,627.09,9.42,0.0
11342,Central,2021-01-18,26.93,593.83,5.36,0.1
11343,Central,2021-01-19,29.19,546.76,7.1,0.0
11344,Central,2021-01-20,27.91,559.17,8.47,0.09
11345,Central,2021-01-21,25.67,652.39,6.12,0.68
11346,Central,2021-01-22,29.64,563.68,9.8,0.15
11347,Central,2021-01-23,27.91,665.27,9.49,0.09
11348,Central,2021-01-24,26.87,672.59,8.18,0.26
11349,Central,2021-01-25,24.59,752.55,8.45,0.11
11350,Central,2021-01-26,27.92,596.0,6.98,0.73
11351,Central,2021-01-27,31.28,613.05,8.66,0.32
11352,Central,2021-01-28,22.3,458.6,6.86,0.04
11353,Central,2021-01-29,22.53,572.69,7.44,0.08
11354,Central,2021-01-30,29.59,576.11,6.98,0.15
11355,Central,2021-01-31,28.68,697.48,9.86,0.29
11356,Central,2021-02-01,29.7,805.99,9.5,0.11
11357,Central,2021-02-02,27.44,712.19,6.16,0.02
11358,Central,2021-02-03,24.36,749.27,9.65,4.49
11359,Central,2021-02-04,27.12,617.33,6.43,0.25
11360,Central,2021-02-05,32.04,582.58,10.39,0.26
11361,Central,2021-02-06,28.15,663.18,9.94,0.13
11362,Central,2021-02-07,28.31,636.71,10.86,0.16
11363,Central,2021-02-08,24.07,621.74,7.98,1.02
11364,Central,2021-02-09,25.85,712.05,7.1,0.18
11365,Central,2021-02-10,31.81,603.62,7.05,0.05
11366,Central,2021-02-11,29.2,768.45,8.04,0.67
11367,Central,2021-02-12,31.83,674.16,5.93,0.15
11368,Central,2021-02-13,28.46,706.22,3.81,0.0
11369,Central,2021-02-14,27.15,721.48,6.81,0.17
11370,Central,2021-02-15,29.69,679.76,7.44,0.01
11371,Central,2021-02-16,29.18,821.87,8.19,0.15
11372,Central,2021-02-17,28.78,595.63,7.93,0.35
11373,Central,2021-02-18,28.94,830.16,7.52,0.15
11374,Central,2021-02-19,30.4,703.06,9.03,0.09
11375,Central,2021-02-20,29.79,807.75,5.94,0.43
11376,Central,2021-02-21,29.02,753.38,6.22,0.53
11377,Central,2021-02-22,34.6,808.45,10.36,0.43
11378,Central,2021-02-23,32.0,733.99,2.39,0.14
11379,Central,2021-02-24,31.5,765.52,8.82,0.81
11380,Central,2021-02-25,31.15,837.18,7.96,0.04
11381,Central,2021-02-26,32.71,759.85,7.08,0.07
11382,Central,2021-02-27,32.53,861.35,8.4,0.11
11383,Central,2021-02-28,29.49,785.8,8.1,0.02
11384,Central,2021-03-01,28.58,701.62,4.81,0.06
11385,Central,2021-03-02,27.18,734.38,5.5,0.16
11386,Central,2021-03-03,35.4,836.27,6.21,0.05
11387,Central,2021-03-04,31.0,668.41,3.72,0.23
11388,Central,2021-03-05,33.15,833.32,6.86,0.09
11389,Central,2021-03-06,32.45,742.84,7.8,0.02
11390,Central,2021-03-07,33.94,671.06,8.56,1.45
11391,Central,2021-03-08,32.05,792.87,6.9,0.17
11392,Central,2021-03-09,29.59,722.25,5.62,0.35
11393,Central,2021-03-10,30.24,734.42,7.05,0.09
11394,Central,2021-03-11,31.67,731.9,6.57,0.0
11395,Central,2021-03-12,29.26,792.87,7.83,0.01
11396,Central,2021-03-13,30.77,754.12,6.55,0.32
11397,Central,2021-03-14,30.14,818.15,7.92,0.11
11398,Central,2021-03-15,31.93,869.33,6.16,0.75
11399,Central,2021-03-16,31.64,833.06,8.45,0.35
11400,Central,2021-03-17,32.91,935.44,6.75,0.0
11401,Central,2021-03-18,34.42,956.34,5.56,0.41
11402,Central,2021-03-19,32.27,770.13,5.92,0.05
11403,Central,2021-03-20,29.78,702.18,7.48,0.67
11404,Central,2021-03-21,28.72,772.21,4.44,0.14
11405,Central,2021-03-22,33.17,805.67,6.12,0.01
11406,Central,2021-03-23,31.54,975.04,7.89,0.13
11407,Central,2021-03-24,32.58,767.68,7.02,0.11
11408,Central,2021-03-25,33.57,820.5,4.49,0.21
11409,Central,2021-03-26,35.82,744.28,6.65,0.06
11410,Central,2021-03-27,29.45,771.46,4.13,0.15
11411,Central,2021-03-28,30.93,702.38,6.39,0.1
11412,Central,2021-03-29,32.8,682.76,8.15,0.2
11413,Central,2021-03-30,30.69,908.81,6.15,0.55
11414,Central,2021-03-31,29.99,885.29,4.31,0.38
11415,Central,2021-04-01,35.59,770.41,5.69,0.82
11416,Central,2021-04-02,30.87,884.93,6.23,0.49
11417,Central,2021-04-03,30.34,695.11,7.54,0.04
11418,Central,2021-04-04,30.66,785.51,7.5,0.12
11419,Central,2021-04-05,35.11,812.94,4.2,0.12
11420,Central,2021-04-06,31.53,899.82,5.32,1.84
11421,Central,2021-04-07,30.13,813.78,6.36,0.09
11422,Central,2021-04-08,31.2,840.91,4.83,0.16
11423,Central,2021-04-09,32.76,759.01,6.45,0.19
11424,Central,2021-04-10,34.62,816.9,3.64,0.02
11425,Central,2021-04-11,34.42,896.03,6.02,0.16
11426,Central,2021-04-12,31.21,664.56,7.14,0.06
11427,Central,2021-04-13,31.67,883.69,5.65,0.05
11428,Central,2021-04-14,36.9,774.84,5.79,0.29
11429,Central,2021-04-15,34.64,677.91,6.76,0.02
11430,Central,2021-04-16,32.1,767.67,4.8,0.01
11431,Central,2021-04-17,27.97,890.82,6.36,0.21
11432,Central,2021-04-18,31.59,747.52,5.35,0.57
11433,Central,2021-04-19,29.8,808.46,4.0,0.23
11434,Central,2021-04-20,30.68,653.77,6.69,0.07
11435,Central,2021-04-21,30.41,635.01,7.4,0.08
11436,Central,2021-04-22,31.82,693.08,7.01,0.16
11437,Central,2021-04-23,32.36,858.31,6.59,0.4
11438,Central,2021-04-24,30.69,771.21,5.97,0.05
11439,Central,2021-04-25,29.52,861.16,5.72,0.13
11440,Central,2021-04-26,31.65,863.66,5.0,0.14
11441,Central,2021-04-27,30.93,708.1,4.12,0.54
11442,Central,2021-04-28,28.06,891.78,1.98,0.15
11443,Central,2021-04-29,32.99,720.45,2.7,1.52
11444,Central,2021-04-30,30.23,841.54,5.04,0.02
11445,Central,2021-05-01,31.07,835.7,3.08,0.08
11446,Central,2021-05-02,31.08,761.5,5.58,0.19
11447,Central,2021-05-03,31.39,758.91,7.55,0.23
11448,Central,2021-05-04,31.62,776.41,0.06,0.43
11449,Central,2021-05-05,28.63,757.14,3.41,0.18
11450,Central,2021-05-06,31.76,713.75,8.12,0.07
11451,Central,2021-05-07,30.35,703.87,6.07,0.15
11452,Central,2021-05-08,33.1,708.28,4.62,0.25
11453,Central,2021-05-09,32.46,833.15,3.96,0.31
11454,Central,2021-05-10,33.37,605.4,5.61,0.58
11455,Central,2021-05-11,28.74,689.42,6.18,0.04
11456,Central,2021-05-12,33.07,699.72,2.78,1.08
11457,Central,2021-05-13,30.57,704.12,6.9,0.04
11458,Central,2021-05-14,31.65,742.61,5.23,0.08
11459,Central,2021-05-15,31.5,607.44,6.01,0.03
11460,Central,2021-05-16,30.95,793.7,6.12,0.3
11461,Central,2021-05-17,27.73,778.94,5.03,0.49
11462,Central,2021-05-18,31.69,758.18,5.2,0.01
11463,Central,2021-05-19,30.36,683.81,5.29,0.34
11464,Central,2021-05-20,26.58,637.48,3.95,0.06
11465,Central,2021-05-21,28.43,666.6,5.44,0.13
11466,Central,2021-05-22,26.83,693.5,4.06,0.28
11467,Central,2021-05-23,26.27,737.88,4.42,0.14
11468,Central,2021-05-24,30.7,673.98,6.75,0.05
11469,Central,2021-05-25,25.89,705.17,4.33,0.47
11470,Central,2021-05-26,26.07,637.42,4.98,0.18
11471,Central,2021-05-27,32.53,690.78,4.08,0.54
11472,Central,2021-05-28,27.53,643.64,3.77,0.37
11473,Central,2021-05-29,29.6,680.66,7.2,0.42
11474,Central,2021-05-30,30.38,513.46,2.09,0.09
11475,Central,2021-05-31,29.53,689.34,4.35,0.87
11476,Central,2021-06-01,28.13,689.08,2.45,0.38
11477,Central,2021-06-02,27.61,683.66,6.12,0.08
11478,Central,2021-06-03,28.61,557.78,4.13,0.45
11479,Central,2021-06-04,26.93,575.35,3.5,0.28
11480,Central,2021-06-05,28.61,558.01,1.44,0.26
11481,Central,2021-06-06,26.55,649.21,6.54,0.01
11482,Central,2021-06-07,26.62,670.74,2.17,0.0
11483,Central,2021-06-08,30.51,557.59,4.88,0.24
11484,Central,2021-06-09,25.63,713.76,5.53,0.07
11485,Central,2021-06-10,26.47,707.87,7.38,0.01
11486,Central,2021-06-11,27.13,609.86,3.28,0.07
11487,Central,2021-06-12,27.09,623.6,2.82,0.36
11488,Central,2021-06-13,26.53,454.65,3.45,0.64
11489,Central,2021-06-14,23.27,541.75,3.2,0.19
11490,Central,2021-06-15,25.93,478.91,1.25,1.61
11491,Central,2021-06-16,25.93,501.31,6.52,0.08
11492,Central,2021-06-17,27.56,610.25,3.43,0.0
11493,Central,2021-06-18,26.59,624.54,3.81,0.08
11494,Central,2021-06-19,27.35,622.83,4.98,3.14
11495,Central,2021-06-20,22.76,573.27,6.11,0.13
11496,Central,2021-06-21,22.61,590.71,2.29,0.17
11497,Central,2021-06-22,25.09,416.61,4.56,0.29
11498,Central,2021-06-23,26.53,435.46,2.19,0.02
11499,Central,2021-06-24,23.69,516.76,4.51,0.26
11500,Central,2021-06-25,22.44,576.16,4.45,0.07
11501,Central,2021-06-26,20.54,487.43,3.3,0.1
11502,Central,2021-06-27,24.3,409.2,4.35,0.06
11503,Central,2021-06-28,23.18,457.57,4.38,0.03
11504,Central,2021-06-29,22.36,433.07,3.88,0.09
11505,Central,2021-06-30,24.87,364.62,3.69,0.02
11506,Central,2021-07-01,22.71,675.37,1.95,0.37
11507,Central,2021-07-02,22.72,590.88,2.36,0.07
11508,Central,2021-07-03,24.34,329.04,3.08,0.21
11509,Central,2021-07-04,26.75,328.17,2.49,0.07
11510,Central,2021-07-05,21.31,412.3,3.15,0.05
11511,Central,2021-07-06,20.28,352.49,3.89,0.25
11512,Central,2021-07-07,19.88,657.11,4.14,0.2
11513,Central,2021-07-08,22.64,397.19,4.86,0.05
11514,Central,2021-07-09,19.33,485.18,4.26,0.19
11515,Central,2021-07-10,20.6,410.69,4.21,0.0
11516,Central,2021-07-11,20.6,352.7,4.84,0.04
11517,Central,2021-07-12,24.12,524.79,2.66,0.26
11518,Central,2021-07-13,23.22,488.33,2.8,0.11
11519,Central,2021-07-14,17.6,426.14,3.49,0.05
11520,Central,2021-07-15,23.67,616.45,3.02,0.14
11521,Central,2021-07-16,17.9,439.7,1.44,0.13
11522,Central,2021-07-17,20.49,379.41,4.94,0.2
11523,Central,2021-07-18,18.34,564.21,2.59,0.02
11524,Central,2021-07-19,19.07,438.38,6.82,0.34
11525,Central,2021-07-20,17.72,531.41,4.36,0.01
11526,Central,2021-07-21,22.87,393.19,1.87,0.12
11527,Central,2021-07-22,19.08,150.33,5.14,1.24
11528,Central,2021-07-23,19.65,261.99,4.2,0.08
11529,Central,2021-07-24,16.89,468.54,4.6,0.48
11530,Central,2021-07-25,16.05,330.07,3.43,0.28
11531,Central,2021-07-26,17.83,392.77,2.79,0.11
11532,Central,2021-07-27,19.61,458.55,2.01,0.04
11533,Central,2021-07-28,18.17,377.59,2.3,0.01
11534,Central,2021-07-29,20.21,289.9,2.18,0.32
11535,Central,2021-07-30,18.36,353.23,3.72,0.04
11536,Central,2021-07-31,17.97,358.18,4.19,0.06
11537,Central,2021-08-01,18.88,312.53,1.97,0.0
11538,Central,2021-08-02,17.87,229.98,5.66,0.0
11539,Central,2021-08-03,19.41,307.99,4.54,0.05
11540,Central,2021-08-04,18.49,324.7,7.98,0.41
11541,Central,2021-08-05,19.06,212.41,3.75,0.3
11542,Central,2021-08-06,18.53,250.22,7.73,0.29
11543,Central,2021-08-07,19.68,262.16,5.52,0.35
11544,Central,2021-08-08,18.48,166.59,1.48,0.04
11545,Central,2021-08-09,20.18,321.63,2.66,0.77
11546,Central,2021-08-10,15.47,326.34,4.94,0.05
11547,Central,2021-08-11,18.09,259.91,1.87,0.03
11548,Central,2021-08-12,13.53,190.09,3.17,0.07
11549,Central,2021-08-13,18.06,328.33,2.15,0.15
11550,Central,2021-08-14,16.15,335.7,7.77,0.03
11551,Central,2021-08-15,17.79,296.21,6.23,0.27
11552,Central,2021-08-16,19.16,288.02,4.1,0.09
11553,Central,2021-08-17,17.28,328.65,6.9,0.17
11554,Central,2021-08-18,14.74,270.0,6.54,0.27
11555,Central,2021-08-19,13.27,200.78,6.65,0.46
11556,Central,2021-08-20,16.41,265.21,3.87,0.34
11557,Central,2021-08-21,14.65,236.17,4.27,0.15
11558,Central,2021-08-22,16.44,258.68,3.12,0.95
11559,Central,2021-08-23,14.0,331.89,4.62,0.15
11560,Central,2021-08-24,13.05,161.89,3.6,0.15
11561,Central,2021-08-25,14.32,269.24,3.23,0.03
11562,Central,2021-08-26,15.71,151.89,6.57,0.16
11563,Central,2021-08-27,14.86,175.77,5.91,0.04
11564,Central,2021-08-28,12.89,372.33,3.61,0.18
11565,Central,2021-08-29,18.03,280.29,6.38,0.11
11566,Central,2021-08-30,14.06,253.93,5.45,0.1
11567,Central,2021-08-31,9.73,105.81,4.55,0.03
11568,Central,2021-09-01,16.04,217.14,7.44,0.1
11569,Central,2021-09-02,14.07,67.76,5.54,0.09
11570,Central,2021-09-03,13.67,234.23,7.78,0.19
11571,Central,2021-09-04,13.56,129.24,5.99,0.1
11572,Central,2021-09-05,13.5,271.45,6.15,0.11
11573,Central,2021-09-06,17.14,237.63,3.59,0.06
11574,Central,2021-09-07,14.66,125.43,4.4,0.03
11575,Central,2021-09-08,14.19,251.31,7.45,0.07
11576,Central,2021-09-09,13.08,386.41,7.04,0.01
11577,Central,2021-09-10,17.0,200.95,4.8,0.05
11578,Central,2021-09-11,15.18,285.92,3.34,0.08
11579,Central,2021-09-12,15.41,45.66,7.89,0.03
11580,Central,2021-09-13,13.94,249.8,7.03,0.22
11581,Central,2021-09-14,15.34,165.42,3.75,0.07
11582,Central,2021-09-15,14.08,188.1,3.78,0.19
11583,Central,2021-09-16,12.51,255.97,8.28,0.21
11584,Central,2021-09-17,13.95,187.72,4.8,0.12
11585,Central,2021-09-18,17.37,76.72,4.86,0.12
11586,Central,2021-09-19,13.55,327.3,4.61,0.17
11587,Central,2021-09-20,15.65,88.2,6.2,0.06
11588,Central,2021-09-21,15.47,136.23,3.6,0.0
11589,Central,2021-09-22,14.19,212.92,6.09,0.21
11590,Central,2021-09-23,16.35,213.02,3.66,0.19
11591,Central,2021-09-24,8.68,235.71,3.7,0.13
11592,Central,2021-09-25,9.33,211.66,3.79,2.09
11593,Central,2021-09-26,16.45,292.5,3.88,0.14
11594,Central,2021-09-27,11.69,239.56,6.99,0.07
11595,Central,2021-09-28,13.2,105.28,7.02,0.25
11596,Central,2021-09-29,16.47,0.0,5.73,0.66
11597,Central,2021-09-30,13.37,212.09,5.06,0.27
11598,Central,2021-10-01,16.35,317.36,8.12,0.48
11599,Central,2021-10-02,12.2,100.04,7.12,0.02
11600,Central,2021-10-03,14.22,116.47,4.34,0.03
11601,Central,2021-10-04,13.12,229.19,6.67,0.03
11602,Central,2021-10-05,16.0,239.86,6.63,1.21
11603,Central,2021-10-06,12.51,291.52,7.29,0.1
11604,Central,2021-10-07,11.12,333.62,10.37,0.13
11605,Central,2021-10-08,12.14,221.91,5.06,0.06
11606,Central,2021-10-09,12.25,129.66,7.15,0.27
11607,Central,2021-10-10,11.83,132.97,8.6,0.37
11608,Central,2021-10-11,11.78,162.12,8.96,0.03
11609,Central,2021-10-12,15.44,289.14,6.69,0.04
11610,Central,2021-10-13,16.05,167.76,4.49,0.08
11611,Central,2021-10-14,14.06,285.91,3.79,0.07
11612,Central,2021-10-15,12.02,88.29,7.76,0.15
11613,Central,2021-10-16,12.19,234.63,7.07,0.28
11614,Central,2021-10-17,9.26,153.04,6.78,0.32
11615,Central,2021-10-18,14.22,256.45,7.04,0.05
11616,Central,2021-10-19,12.15,195.82,8.12,0.04
11617,Central,2021-10-20,16.52,281.85,7.5,0.09
11618,Central,2021-10-21,10.88,185.06,7.3,0.03
11619,Central,2021-10-22,12.51,219.66,5.86,0.1
11620,Central,2021-10-23,13.57,288.36,8.34,0.06
11621,Central,2021-10-24,14.76,217.61,5.94,0.1
11622,Central,2021-10-25,17.51,232.56,8.29,0.18
11623,Central,2021-10-26,11.24,290.95,6.28,0.26
11624,Central,2021-10-27,13.45,226.27,7.79,0.05
11625,Central,2021-10-28,11.28,107.99,9.58,0.34
11626,Central,2021-10-29,15.79,191.55,7.96,0.01
11627,Central,2021-10-30,13.0,85.89,9.12,0.12
11628,Central,2021-10-31,14.18,222.38,6.47,0.2
11629,Central,2021-11-01,14.13,282.76,7.2,0.07
11630,Central,2021-11-02,14.8,257.78,6.55,0.23
11631,Central,2021-11-03,14.35,362.22,4.62,0.4
11632,Central,2021-11-04,12.81,356.17,8.74,0.02
11633,Central,2021-11-05,15.03,277.08,8.02,0.14
11634,Central,2021-11-06,13.37,68.22,7.94,0.0
11635,Central,2021-11-07,16.69,316.42,9.07,0.07
11636,Central,2021-11-08,15.28,204.17,5.55,0.03
11637,Central,2021-11-09,13.2,339.67,5.21,0.2
11638,Central,2021-11-10,20.2,297.52,9.17,0.06
11639,Central,2021-11-11,18.82,328.4,7.22,0.07
11640,Central,2021-11-12,20.51,319.51,7.68,0.05
11641,Central,2021-11-13,15.05,474.12,5.18,0.06
11642,Central,2021-11-14,14.19,328.2,9.61,0.05
11643,Central,2021-11-15,17.59,187.75,8.44,0.24
11644,Central,2021-11-16,18.32,379.59,6.59,0.62
11645,Central,2021-11-17,16.62,263.23,10.61,0.13
11646,Central,2021-11-18,12.15,409.13,5.45,0.18
11647,Central,2021-11-19,14.52,428.84,7.03,0.34
11648,Central,2021-11-20,17.46,359.12,9.02,0.13
11649,Central,2021-11-21,15.43,211.18,9.3,0.07
11650,Central,2021-11-22,14.16,280.63,5.35,0.6
11651,Central,2021-11-23,16.51,428.84,7.18,2.37
11652,Central,2021-11-24,10.67,485.68,8.75,0.05
11653,Central,2021-11-25,16.1,334.94,9.86,0.24
11654,Central,2021-11-26,16.6,312.29,9.75,0.21
11655,Central,2021-11-27,18.21,244.19,8.74,0.21
11656,Central,2021-11-28,18.83,249.61,7.84,0.36
11657,Central,2021-11-29,18.64,366.02,7.45,0.22
11658,Central,2021-11-30,19.83,407.93,8.49,0.15
11659,Central,2021-12-01,17.85,237.39,9.91,0.37
11660,Central,2021-12-02,15.43,427.28,7.45,0.31
11661,Central,2021-12-03,18.58,475.31,7.38,0.23
11662,Central,2021-12-04,16.89,420.61,9.52,0.24
11663,Central,2021-12-05,16.09,507.07,9.41,0.41
11664,Central,2021-12-06,20.12,407.99,7.08,1.28
11665,Central,2021-12-07,16.29,413.53,5.87,0.16
11666,Central,2021-12-08,20.64,416.78,5.29,0.13
11667,Central,2021-12-09,16.85,502.65,8.07,0.18
11668,Central,2021-12-10,19.02,441.75,6.23,0.21
11669,Central,2021-12-11,18.63,361.24,9.24,0.25
11670,Central,2021-12-12,22.2,442.4,5.33,0.07
11671,Central,2021-12-13,21.28,448.13,10.34,0.13
11672,Central,2021-12-14,18.6,401.43,7.42,0.09
11673,Central,2021-12-15,20.1,505.2,6.74,0.01
11674,Central,2021-12-16,23.25,435.72,7.13,0.19
11675,Central,2021-12-17,23.74,489.85,6.65,0.42
11676,Central,2021-12-18,18.18,479.25,10.23,0.51
11677,Central,2021-12-19,23.72,385.47,8.97,0.15
11678,Central,2021-12-20,23.74,370.25,8.12,0.29
11679,Central,2021-12-21,21.79,396.49,6.17,0.25
11680,Central,2021-12-22,21.42,452.32,7.9,0.05
11681,Central,2021-12-23,20.67,591.26,6.83,0.01
11682,Central,2021-12-24,19.44,465.28,4.04,0.28
11683,Central,2021-12-25,22.79,504.11,6.95,0.07
11684,Central,2021-12-26,21.94,549.2,8.9,0.16
11685,Central,2021-12-27,23.33,455.81,7.36,0.74
11686,Central,2021-12-28,23.55,456.5,7.78,0.34
11687,Central,2021-12-29,27.84,578.96,9.56,0.21
11688,Central,2021-12-30,25.37,545.45,9.29,0.38
11689,Central,2021-12-31,24.24,460.04,10.94,0.28
11690,Central,2022-01-01,19.04,477.34,4.71,8.69
11691,Central,2022-01-02,24.27,522.31,6.73,0.4
11692,Central,2022-01-03,26.83,547.01,9.36,0.05
11693,Central,2022-01-04,22.98,625.31,8.64,0.65
11694,Central,2022-01-05,28.39,573.49,8.14,0.08
11695,Central,2022-01-06,25.26,457.38,7.08,0.19
11696,Central,2022-01-07,24.93,478.28,8.32,0.57
11697,Central,2022-01-08,22.53,571.07,8.23,0.05
11698,Central,2022-01-09,27.69,562.81,5.19,0.39
11699,Central,2022-01-10,23.19,488.95,8.28,0.61
11700,Central,2022-01-11,23.9,645.76,7.18,0.38
11701,Central,2022-01-12,21.43,386.74,9.21,0.34
11702,Central,2022-01-13,27.15,598.45,8.46,0.06
11703,Central,2022-01-14,26.7,452.85,10.87,0.1
11704,Central,2022-01-15,25.71,652.04,7.92,0.29
11705,Central,2022-01-16,27.34,565.35,6.28,0.03
11706,Central,2022-01-17,27.31,651.29,4.17,2.19
11707,Central,2022-01-18,25.45,565.1,6.49,0.05
11708,Central,2022-01-19,24.78,707.32,8.45,0.17
11709,Central,2022-01-20,23.08,456.84,8.82,0.02
11710,Central,2022-01-21,26.31,681.28,6.95,0.04
11711,Central,2022-01-22,24.21,567.07,7.2,0.18
11712,Central,2022-01-23,27.31,650.45,7.94,0.2
11713,Central,2022-01-24,26.82,658.53,8.39,0.06
11714,Central,2022-01-25,26.5,518.44,9.33,0.03
11715,Central,2022-01-26,29.55,714.26,6.91,0.16
11716,Central,2022-01-27,25.64,670.56,6.66,0.37
11717,Central,2022-01-28,24.06,652.98,10.79,0.04
11718,Central,2022-01-29,27.46,678.95,10.41,0.24
11719,Central,2022-01-30,26.58,662.62,6.93,0.1
11720,Central,2022-01-31,28.45,723.8,9.42,0.57
11721,Central,2022-02-01,26.53,623.69,10.99,0.02
11722,Central,2022-02-02,29.34,732.63,9.64,0.01
11723,Central,2022-02-03,26.69,715.79,6.5,0.03
11724,Central,2022-02-04,26.81,660.48,7.79,0.31
11725,Central,2022-02-05,30.15,826.12,4.98,0.51
11726,Central,2022-02-06,28.96,718.67,6.14,0.35
11727,Central,2022-02-07,26.82,702.21,7.54,0.25
11728,Central,2022-02-08,27.42,736.55,7.87,0.01
11729,Central,2022-02-09,28.71,686.21,6.48,0.05
11730,Central,2022-02-10,27.3,794.58,3.37,0.55
11731,Central,2022-02-11,29.14,700.62,7.77,0.19
11732,Central,2022-02-12,29.34,771.67,8.55,0.13
11733,Central,2022-02-13,28.13,624.38,8.58,0.21
11734,Central,2022-02-14,31.39,569.83,7.1,0.04
11735,Central,2022-02-15,28.17,749.3,7.18,0.45
11736,Central,2022-02-16,32.82,689.92,7.72,0.21
11737,Central,2022-02-17,30.01,708.68,7.94,0.13
11738,Central,2022-02-18,29.24,540.18,7.16,0.12
11739,Central,2022-02-19,31.75,866.87,3.79,0.35
11740,Central,2022-02-20,30.84,742.45,9.35,0.07
11741,Central,2022-02-21,32.4,844.05,6.53,0.03
11742,Central,2022-02-22,26.98,629.0,5.36,0.04
11743,Central,2022-02-23,32.12,751.35,6.58,0.02
11744,Central,2022-02-24,30.15,779.04,7.31,0.14
11745,Central,2022-02-25,31.36,760.07,6.2,1.13
11746,Central,2022-02-26,31.2,770.87,6.27,0.54
11747,Central,2022-02-27,34.16,643.75,6.57,0.28
11748,Central,2022-02-28,27.84,782.99,7.57,0.87
11749,Central,2022-03-01,34.88,692.82,5.8,0.4
11750,Central,2022-03-02,33.14,713.35,7.47,0.45
11751,Central,2022-03-03,32.12,766.54,4.86,0.25
11752,Central,2022-03-04,29.03,739.44,9.91,0.01
11753,Central,2022-03-05,28.63,746.34,8.48,0.07
11754,Central,2022-03-06,30.92,862.02,6.43,0.41
11755,Central,2022-03-07,33.38,761.75,7.31,1.19
11756,Central,2022-03-08,32.17,744.54,5.03,0.12
11757,Central,2022-03-09,33.4,768.42,7.59,0.29
11758,Central,2022-03-10,29.38,691.23,7.98,0.34
11759,Central,2022-03-11,32.46,794.96,7.08,0.21
11760,Central,2022-03-12,34.62,841.43,8.0,0.0
11761,Central,2022-03-13,35.39,810.44,6.61,0.0
11762,Central,2022-03-14,30.03,789.8,6.43,0.34
11763,Central,2022-03-15,31.88,836.46,5.56,0.27
11764,Central,2022-03-16,31.95,745.39,7.35,0.15
11765,Central,2022-03-17,31.42,794.16,5.23,0.29
11766,Central,2022-03-18,34.53,904.09,7.07,0.09
11767,Central,2022-03-19,38.49,769.83,6.87,0.04
11768,Central,2022-03-20,30.56,843.02,8.4,0.87
11769,Central,2022-03-21,33.67,845.97,7.23,0.16
11770,Central,2022-03-22,33.44,735.59,3.68,0.57
11771,Central,2022-03-23,33.51,852.02,5.29,0.63
11772,Central,2022-03-24,35.56,749.12,5.21,0.17
11773,Central,2022-03-25,33.66,832.59,5.12,0.37
11774,Central,2022-03-26,28.66,748.94,7.63,0.33
11775,Central,2022-03-27,30.07,821.68,2.84,0.28
11776,Central,2022-03-28,30.82,809.87,8.25,0.12
11777,Central,2022-03-29,31.47,808.73,7.58,0.1
11778,Central,2022-03-30,32.69,821.69,6.32,0.06
11779,Central,2022-03-31,32.54,757.54,6.53,0.55
11780,Central,2022-04-01,29.33,706.67,6.09,0.36
11781,Central,2022-04-02,29.75,806.39,6.18,0.04
11782,Central,2022-04-03,28.72,887.89,7.59,0.29
11783,Central,2022-04-04,29.84,846.03,5.54,0.17
11784,Central,2022-04-05,34.92,834.78,6.74,0.11
11785,Central,2022-04-06,32.38,757.66,4.5,0.05
11786,Central,2022-04-07,31.0,812.9,6.57,0.31
11787,Central,2022-04-08,29.05,730.89,5.32,0.0
11788,Central,2022-04-09,30.83,762.72,6.34,0.42
11789,Central,2022-04-10,34.05,824.35,4.37,0.53
11790,Central,2022-04-11,33.75,649.54,6.31,0.29
11791,Central,2022-04-12,32.26,932.25,5.53,0.1
11792,Central,2022-04-13,32.2,686.07,7.91,0.53
11793,Central,2022-04-14,29.15,942.73,5.92,0.46
11794,Central,2022-04-15,31.1,723.27,6.24,0.01
11795,Central,2022-04-16,33.72,721.14,4.8,0.03
11796,Central,2022-04-17,31.21,755.81,5.9,0.1
11797,Central,2022-04-18,35.76,750.95,6.11,0.53
11798,Central,2022-04-19,34.87,736.11,4.83,0.37
11799,Central,2022-04-20,31.49,753.18,4.68,0.01
11800,Central,2022-04-21,31.81,788.4,4.09,0.14
11801,Central,2022-04-22,36.73,707.42,5.15,0.25
11802,Central,2022-04-23,33.91,844.54,4.26,0.06
11803,Central,2022-04-24,32.29,888.25,5.64,0.26
11804,Central,2022-04-25,32.45,617.6,3.99,0.09
11805,Central,2022-04-26,32.3,919.44,4.96,0.06
11806,Central,2022-04-27,31.9,830.55,3.69,0.1
11807,Central,2022-04-28,29.71,787.02,6.8,0.6
11808,Central,2022-04-29,30.97,718.07,5.09,0.47
11809,Central,2022-04-30,28.82,774.84,5.04,0.49
11810,Central,2022-05-01,33.05,830.74,5.88,0.5
11811,Central,2022-05-02,31.25,965.09,7.62,0.2
11812,Central,2022-05-03,32.98,928.93,5.05,0.45
11813,Central,2022-05-04,28.78,628.49,2.67,0.05
11814,Central,2022-05-05,34.08,731.28,6.65,0.36
11815,Central,2022-05-06,33.73,751.16,2.81,0.78
11816,Central,2022-05-07,27.89,849.43,4.07,0.27
11817,Central,2022-05-08,29.92,732.15,6.58,0.1
11818,Central,2022-05-09,30.03,675.28,4.26,0.11
11819,Central,2022-05-10,27.85,736.77,3.88,0.26
11820,Central,2022-05-11,30.09,698.34,5.13,0.93
11821,Central,2022-05-12,31.62,804.72,4.7,0.34
11822,Central,2022-05-13,29.45,913.37,3.62,0.1
11823,Central,2022-05-14,26.84,791.71,5.95,0.27
11824,Central,2022-05-15,31.69,791.37,6.45,0.31
11825,Central,2022-05-16,28.45,810.52,6.66,0.07
11826,Central,2022-05-17,28.53,744.35,5.39,0.09
11827,Central,2022-05-18,33.14,672.33,3.48,0.43
11828,Central,2022-05-19,30.45,676.4,2.63,0.24
11829,Central,2022-05-20,27.91,784.23,1.01,0.54
11830,Central,2022-05-21,27.02,715.73,6.02,0.04
11831,Central,2022-05-22,31.19,610.05,4.74,0.02
11832,Central,2022-05-23,30.92,789.32,3.8,0.05
11833,Central,2022-05-24,27.98,618.56,1.5,0.06
11834,Central,2022-05-25,26.33,586.15,2.61,0.09
11835,Central,2022-05-26,29.48,601.98,1.71,0.04
11836,Central,2022-05-27,29.76,692.39,6.51,0.03
11837,Central,2022-05-28,27.68,741.39,5.28,0.37
11838,Central,2022-05-29,26.07,679.6,2.35,0.06
11839,Central,2022-05-30,28.18,610.27,6.74,0.16
11840,Central,2022-05-31,28.91,585.74,3.19,0.04
11841,Central,2022-06-01,26.86,707.57,4.78,0.14
11842,Central,2022-06-02,28.21,633.93,4.76,0.06
11843,Central,2022-06-03,28.25,664.05,4.08,0.02
11844,Central,2022-06-04,29.67,620.93,3.75,0.81
11845,Central,2022-06-05,26.38,651.46,4.24,0.12
11846,Central,2022-06-06,24.79,654.03,3.76,0.1
11847,Central,2022-06-07,26.77,812.11,4.54,0.04
11848,Central,2022-06-08,30.13,645.51,4.58,0.14
11849,Central,2022-06-09,23.06,577.52,3.35,0.2
11850,Central,2022-06-10,21.8,617.73,5.78,0.07
11851,Central,2022-06-11,26.05,522.85,2.86,0.13
11852,Central,2022-06-12,25.35,517.26,4.69,0.05
11853,Central,2022-06-13,25.52,688.99,3.58,0.15
11854,Central,2022-06-14,25.28,608.4,2.78,0.31
11855,Central,2022-06-15,27.62,668.62,3.65,0.01
11856,Central,2022-06-16,25.36,444.11,3.07,0.15
11857,Central,2022-06-17,26.92,491.05,5.04,0.1
11858,Central,2022-06-18,20.15,587.91,3.9,0.02
11859,Central,2022-06-19,23.88,493.05,6.09,0.56
11860,Central,2022-06-20,23.14,440.01,2.61,0.06
11861,Central,2022-06-21,20.03,462.53,0.73,0.17
11862,Central,2022-06-22,24.64,518.05,4.61,0.09
11863,Central,2022-06-23,24.06,571.67,6.6,0.06
11864,Central,2022-06-24,23.16,670.71,4.75,0.15
11865,Central,2022-06-25,23.67,444.15,2.6,0.23
11866,Central,2022-06-26,23.95,443.14,2.47,1.54
11867,Central,2022-06-27,25.6,401.99,7.04,0.2
11868,Central,2022-06-28,24.69,558.76,3.43,0.15
11869,Central,2022-06-29,23.89,517.73,2.48,0.3
11870,Central,2022-06-30,27.67,425.4,5.79,0.15
11871,Central,2022-07-01,21.47,430.95,3.78,0.73
11872,Central,2022-07-02,20.0,482.34,0.96,0.15
11873,Central,2022-07-03,24.89,481.7,7.13,0.08
11874,Central,2022-07-04,26.1,398.76,4.88,0.12
11875,Central,2022-07-05,20.93,490.96,1.74,0.13
11876,Central,2022-07-06,24.78,361.54,6.1,0.07
11877,Central,2022-07-07,20.79,470.42,2.44,0.03
11878,Central,2022-07-08,22.86,447.17,2.35,0.11
11879,Central,2022-07-09,22.8,488.35,2.68,0.45
11880,Central,2022-07-10,20.08,548.06,6.94,0.06
11881,Central,2022-07-11,24.87,416.42,7.1,0.09
11882,Central,2022-07-12,24.93,441.03,3.22,0.28
11883,Central,2022-07-13,18.8,277.49,6.6,0.02
11884,Central,2022-07-14,21.07,588.65,0.62,0.35
11885,Central,2022-07-15,22.33,277.05,5.43,1.27
11886,Central,2022-07-16,16.57,414.27,6.12,0.16
11887,Central,2022-07-17,20.22,212.04,6.34,0.05
11888,Central,2022-07-18,16.7,344.93,4.21,0.02
11889,Central,2022-07-19,21.18,544.9,4.95,0.05
11890,Central,2022-07-20,19.85,492.75,3.04,0.29
11891,Central,2022-07-21,18.77,475.12,4.16,0.54
11892,Central,2022-07-22,16.22,376.07,3.89,1.34
11893,Central,2022-07-23,18.0,518.76,3.82,0.15
11894,Central,2022-07-24,20.08,402.51,5.86,0.6
11895,Central,2022-07-25,18.8,432.38,4.5,0.35
11896,Central,2022-07-26,21.11,584.25,6.73,1.07
11897,Central,2022-07-27,20.82,455.07,4.58,0.01
11898,Central,2022-07-28,20.58,357.99,7.51,0.07
11899,Central,2022-07-29,17.19,399.49,6.08,0.07
11900,Central,2022-07-30,18.7,466.45,4.12,0.09
11901,Central,2022-07-31,16.03,399.43,4.53,0.1
11902,Central,2022-08-01,15.29,407.83,3.03,0.56
11903,Central,2022-08-02,20.03,443.82,4.55,0.27
11904,Central,2022-08-03,15.15,538.84,2.85,0.24
11905,Central,2022-08-04,14.79,257.34,6.34,0.11
11906,Central,2022-08-05,17.45,384.03,3.85,0.08
11907,Central,2022-08-06,16.55,360.43,4.92,0.03
11908,Central,2022-08-07,16.59,288.66,0.98,0.12
11909,Central,2022-08-08,21.43,263.62,4.02,0.05
11910,Central,2022-08-09,14.7,443.54,3.89,0.1
11911,Central,2022-08-10,17.54,225.6,5.85,0.03
11912,Central,2022-08-11,16.59,190.73,5.27,0.08
11913,Central,2022-08-12,18.31,254.54,6.04,0.01
11914,Central,2022-08-13,14.59,153.22,5.2,0.01
11915,Central,2022-08-14,15.59,224.35,6.4,2.04
11916,Central,2022-08-15,16.15,204.12,5.21,0.21
11917,Central,2022-08-16,12.93,291.58,2.54,0.89
11918,Central,2022-08-17,12.07,396.77,4.5,0.14
11919,Central,2022-08-18,15.52,230.49,4.6,0.26
11920,Central,2022-08-19,18.12,343.41,0.0,0.27
11921,Central,2022-08-20,14.63,330.93,3.18,2.74
11922,Central,2022-08-21,14.79,89.9,7.8,0.06
11923,Central,2022-08-22,17.42,220.15,4.35,0.31
11924,Central,2022-08-23,14.71,231.06,4.63,0.95
11925,Central,2022-08-24,16.46,288.57,1.55,0.01
11926,Central,2022-08-25,20.14,300.64,2.82,0.09
11927,Central,2022-08-26,13.56,278.56,5.6,0.11
11928,Central,2022-08-27,14.26,177.62,4.21,0.35
11929,Central,2022-08-28,15.31,195.76,3.27,0.0
11930,Central,2022-08-29,17.41,123.44,6.91,0.18
11931,Central,2022-08-30,14.11,246.37,3.94,2.23
11932,Central,2022-08-31,15.71,209.11,3.07,0.03
11933,Central,2022-09-01,14.87,278.61,5.11,0.12
11934,Central,2022-09-02,13.95,289.33,3.86,1.69
11935,Central,2022-09-03,13.17,204.55,3.89,0.35
11936,Central,2022-09-04,12.72,251.56,5.05,0.24
11937,Central,2022-09-05,20.0,209.55,4.21,0.1
11938,Central,2022-09-06,10.72,135.65,2.7,0.38
11939,Central,2022-09-07,10.84,158.7,6.07,0.51
11940,Central,2022-09-08,14.16,39.27,6.57,0.26
11941,Central,2022-09-09,14.01,187.28,4.92,0.1
11942,Central,2022-09-10,14.4,169.69,6.26,0.18
11943,Central,2022-09-11,11.74,127.88,4.81,0.02
11944,Central,2022-09-12,11.38,279.43,2.53,0.03
11945,Central,2022-09-13,12.81,254.49,6.78,0.31
11946,Central,2022-09-14,15.15,255.26,5.32,0.03
11947,Central,2022-09-15,11.26,264.95,5.72,0.01
11948,Central,2022-09-16,13.55,208.22,5.37,0.14
11949,Central,2022-09-17,12.19,206.23,5.29,0.04
11950,Central,2022-09-18,10.13,272.53,5.81,0.07
11951,Central,2022-09-19,10.58,258.5,5.87,0.1
11952,Central,2022-09-20,14.93,286.41,7.56,0.15
11953,Central,2022-09-21,11.88,199.91,6.36,0.07
11954,Central,2022-09-22,15.55,123.76,7.5,0.13
11955,Central,2022-09-23,12.97,220.99,8.03,0.09
11956,Central,2022-09-24,10.29,155.21,3.39,0.02
11957,Central,2022-09-25,13.96,253.29,7.75,0.4
11958,Central,2022-09-26,11.39,223.65,6.85,0.07
11959,Central,2022-09-27,12.23,204.45,6.64,0.19
11960,Central,2022-09-28,15.24,168.77,7.42,0.17
11961,Central,2022-09-29,10.39,280.08,5.58,0.04
11962,Central,2022-09-30,12.07,273.91,6.91,0.01
11963,Central,2022-10-01,10.81,155.23,4.46,0.39
11964,Central,2022-10-02,10.6,101.95,3.96,0.14
11965,Central,2022-10-03,12.04,214.83,6.91,0.11
11966,Central,2022-10-04,11.28,295.67,6.04,0.29
11967,Central,2022-10-05,12.47,100.28,6.18,0.01
11968,Central,2022-10-06,14.31,239.36,5.02,0.29
11969,Central,2022-10-07,11.55,136.66,6.84,0.11
11970,Central,2022-10-08,10.14,121.67,5.64,0.16
11971,Central,2022-10-09,14.38,278.29,6.25,0.28
11972,Central,2022-10-10,11.61,256.69,5.62,0.16
11973,Central,2022-10-11,16.82,193.42,5.18,0.01
11974,Central,2022-10-12,12.38,269.81,6.11,1.3
11975,Central,2022-10-13,12.96,262.45,8.23,0.31
11976,Central,2022-10-14,8.66,90.08,5.78,0.12
11977,Central,2022-10-15,10.99,217.02,6.33,0.12
11978,Central,2022-10-16,8.8,324.69,6.15,0.06
11979,Central,2022-10-17,14.0,251.03,5.63,0.21
11980,Central,2022-10-18,13.3,5.42,8.46,2.14
11981,Central,2022-10-19,14.78,130.67,4.61,1.07
11982,Central,2022-10-20,15.19,297.71,6.56,0.3
11983,Central,2022-10-21,15.56,175.28,5.45,0.36
11984,Central,2022-10-22,13.25,311.44,7.6,0.05
11985,Central,2022-10-23,13.93,387.4,6.98,0.1
11986,Central,2022-10-24,14.99,206.73,8.58,0.11
11987,Central,2022-10-25,12.31,178.47,7.94,0.16
11988,Central,2022-10-26,12.1,149.62,7.0,0.01
11989,Central,2022-10-27,17.13,293.07,8.02,0.18
11990,Central,2022-10-28,10.52,186.57,8.19,0.02
11991,Central,2022-10-29,15.21,205.05,5.6,0.33
11992,Central,2022-10-30,14.98,151.08,8.15,0.66
11993,Central,2022-10-31,12.14,207.77,7.47,0.07
11994,Central,2022-11-01,13.14,188.52,7.79,0.14
11995,Central,2022-11-02,13.85,89.26,6.47,0.35
11996,Central,2022-11-03,15.09,183.55,5.83,0.08
11997,Central,2022-11-04,15.46,313.25,5.59,0.03
11998,Central,2022-11-05,14.8,364.46,2.06,0.27
11999,Central,2022-11-06,15.34,251.06,6.13,0.24
12000,Central,2022-11-07,16.38,265.41,10.88,0.17
12001,Central,2022-11-08,16.4,288.79,8.48,0.58
12002,Central,2022-11-09,18.35,426.18,7.76,0.62
12003,Central,2022-11-10,17.48,191.72,8.75,0.4
12004,Central,2022-11-11,15.54,174.94,6.94,0.07
12005,Central,2022-11-12,16.9,275.25,6.77,0.05
12006,Central,2022-11-13,16.58,314.44,6.94,0.36
12007,Central,2022-11-14,16.19,283.83,6.3,1.05
12008,Central,2022-11-15,14.24,181.0,6.45,0.1
12009,Central,2022-11-16,16.43,364.67,7.43,0.11
12010,Central,2022-11-17,12.1,286.62,7.57,0.38
12011,Central,2022-11-18,18.5,345.86,9.49,0.04
12012,Central,2022-11-19,17.19,429.63,9.06,0.58
12013,Central,2022-11-20,16.3,192.31,5.32,0.2
12014,Central,2022-11-21,15.91,175.92,7.12,0.31
12015,Central,2022-11-22,18.2,362.7,5.93,0.09
12016,Central,2022-11-23,20.7,158.82,3.7,0.18
12017,Central,2022-11-24,17.92,293.77,7.76,0.28
12018,Central,2022-11-25,21.11,284.29,8.51,0.11
12019,Central,2022-11-26,19.02,363.06,7.77,0.13
12020,Central,2022-11-27,15.98,285.31,8.34,0.17
12021,Central,2022-11-28,18.71,382.33,7.2,0.01
12022,Central,2022-11-29,18.67,262.04,6.18,0.4
12023,Central,2022-11-30,16.42,252.5,7.19,0.4
12024,Central,2022-12-01,17.37,357.92,9.81,0.07
12025,Central,2022-12-02,17.48,369.36,8.33,0.42
12026,Central,2022-12-03,18.69,389.15,5.51,0.27
12027,Central,2022-12-04,18.09,488.53,8.0,0.13
12028,Central,2022-12-05,19.34,477.29,9.73,0.09
12029,Central,2022-12-06,19.82,415.68,8.97,0.1
12030,Central,2022-12-07,21.65,449.05,9.78,0.15
12031,Central,2022-12-08,20.37,410.05,5.63,0.11
12032,Central,2022-12-09,18.03,488.26,8.06,0.11
12033,Central,2022-12-10,23.82,427.85,7.36,0.05
12034,Central,2022-12-11,18.37,359.44,8.79,0.25
12035,Central,2022-12-12,19.15,348.33,6.63,0.19
12036,Central,2022-12-13,21.28,505.53,6.62,0.96
12037,Central,2022-12-14,26.04,403.77,7.92,0.03
12038,Central,2022-12-15,21.22,576.74,6.55,0.02
12039,Central,2022-12-16,19.3,340.04,8.33,0.15
12040,Central,2022-12-17,17.48,533.54,4.89,0.03
12041,Central,2022-12-18,17.51,404.35,9.72,0.94
12042,Central,2022-12-19,21.11,476.11,3.79,0.04
12043,Central,2022-12-20,22.35,344.47,9.33,0.13
12044,Central,2022-12-21,18.59,306.63,7.1,0.19
12045,Central,2022-12-22,22.04,577.22,5.81,0.12
12046,Central,2022-12-23,19.14,428.84,8.24,0.08
12047,Central,2022-12-24,20.09,547.9,9.32,0.3
12048,Central,2022-12-25,23.38,421.69,9.73,0.39
12049,Central,2022-12-26,20.79,558.3,9.68,0.07
12050,Central,2022-12-27,25.08,450.22,6.71,0.34
12051,Central,2022-12-28,21.46,392.84,8.31,0.1
12052,Central,2022-12-29,25.02,546.55,5.33,0.13
12053,Central,2022-12-30,27.5,575.57,8.12,0.05
12054,Central,2022-12-31,21.65,556.4,8.51,0.2
12055,Central,2023-01-01,28.25,498.75,7.44,0.02
12056,Central,2023-01-02,23.52,375.58,5.24,0.18
12057,Central,2023-01-03,22.4,435.12,7.1,0.92
12058,Central,2023-01-04,23.24,469.63,10.85,0.28
12059,Central,2023-01-05,23.2,510.27,8.58,2.25
12060,Central,2023-01-06,26.98,626.53,7.26,0.12
12061,Central,2023-01-07,26.98,531.79,7.74,0.03
12062,Central,2023-01-08,27.13,377.76,8.55,0.07
12063,Central,2023-01-09,22.09,344.11,5.65,0.05
12064,Central,2023-01-10,25.23,500.89,5.72,0.14
12065,Central,2023-01-11,21.92,520.47,6.85,0.21
12066,Central,2023-01-12,27.21,595.03,7.18,0.11
12067,Central,2023-01-13,24.39,455.4,10.63,0.17
12068,Central,2023-01-14,26.53,465.99,8.04,0.08
12069,Central,2023-01-15,24.69,617.87,7.15,0.09
12070,Central,2023-01-16,22.35,693.28,8.0,0.11
12071,Central,2023-01-17,27.79,434.39,4.87,0.16
12072,Central,2023-01-18,28.11,534.87,6.54,4.05
12073,Central,2023-01-19,26.63,690.16,6.76,0.09
12074,Central,2023-01-20,22.29,680.75,6.34,1.13
12075,Central,2023-01-21,28.17,536.86,9.71,0.35
12076,Central,2023-01-22,25.35,708.49,8.84,0.08
12077,Central,2023-01-23,28.02,624.04,6.02,0.53
12078,Central,2023-01-24,26.16,677.96,5.92,0.08
12079,Central,2023-01-25,26.52,573.51,5.91,3.5
12080,Central,2023-01-26,28.45,657.86,7.51,0.0
12081,Central,2023-01-27,25.97,545.8,8.07,0.2
12082,Central,2023-01-28,27.43,599.83,8.38,0.31
12083,Central,2023-01-29,28.93,624.38,6.22,0.33
12084,Central,2023-01-30,32.39,663.81,7.45,0.02
12085,Central,2023-01-31,28.06,849.55,7.62,0.0
12086,Central,2023-02-01,30.03,866.19,9.48,0.02
12087,Central,2023-02-02,26.15,634.7,8.83,0.16
12088,Central,2023-02-03,32.03,788.38,5.49,0.37
12089,Central,2023-02-04,27.16,585.51,4.8,0.01
12090,Central,2023-02-05,28.66,710.36,7.44,0.02
12091,Central,2023-02-06,30.08,627.69,6.63,0.0
12092,Central,2023-02-07,27.63,650.54,6.12,0.07
12093,Central,2023-02-08,31.49,903.49,6.41,2.54
12094,Central,2023-02-09,28.14,663.63,8.39,0.06
12095,Central,2023-02-10,31.25,646.5,5.24,0.12
12096,Central,2023-02-11,31.85,622.31,10.25,0.04
12097,Central,2023-02-12,31.0,644.57,6.38,0.02
12098,Central,2023-02-13,31.38,596.1,8.38,0.04
12099,Central,2023-02-14,35.15,731.33,6.4,0.05
12100,Central,2023-02-15,31.04,733.48,5.1,0.03
12101,Central,2023-02-16,30.55,747.64,7.14,0.31
12102,Central,2023-02-17,31.12,723.18,5.45,0.13
12103,Central,2023-02-18,33.1,682.1,7.52,0.16
12104,Central,2023-02-19,35.33,678.28,7.24,0.47
12105,Central,2023-02-20,30.44,746.81,6.21,0.05
12106,Central,2023-02-21,29.06,733.16,7.45,0.02
12107,Central,2023-02-22,33.31,689.55,8.75,0.02
12108,Central,2023-02-23,28.36,720.53,7.0,0.04
12109,Central,2023-02-24,31.7,869.6,6.05,0.38
12110,Central,2023-02-25,31.89,906.96,7.71,0.05
12111,Central,2023-02-26,31.16,734.57,7.75,0.09
12112,Central,2023-02-27,31.37,696.24,6.63,0.17
12113,Central,2023-02-28,28.26,754.18,9.08,0.14
12114,Central,2023-03-01,29.91,851.11,6.55,0.22
12115,Central,2023-03-02,33.61,759.27,9.2,0.04
12116,Central,2023-03-03,27.73,793.63,5.95,0.15
12117,Central,2023-03-04,31.72,714.99,8.18,0.29
12118,Central,2023-03-05,31.34,676.55,6.54,0.1
12119,Central,2023-03-06,28.06,833.03,7.25,3.57
12120,Central,2023-03-07,35.5,789.83,3.77,0.17
12121,Central,2023-03-08,30.12,828.76,10.03,0.22
12122,Central,2023-03-09,33.35,641.4,7.22,0.12
12123,Central,2023-03-10,31.37,926.76,8.24,0.39
12124,Central,2023-03-11,30.68,802.14,4.62,0.12
12125,Central,2023-03-12,31.96,639.1,6.91,0.57
12126,Central,2023-03-13,31.77,864.27,6.35,0.07
12127,Central,2023-03-14,32.16,757.0,5.0,0.4
12128,Central,2023-03-15,31.01,790.78,8.48,0.2
12129,Central,2023-03-16,30.6,751.5,6.74,0.32
12130,Central,2023-03-17,34.68,783.19,6.4,0.01
12131,Central,2023-03-18,32.73,788.43,7.39,0.06
12132,Central,2023-03-19,32.63,659.75,5.14,0.38
12133,Central,2023-03-20,31.0,863.65,6.63,0.08
12134,Central,2023-03-21,35.97,804.37,6.49,0.25
12135,Central,2023-03-22,32.67,831.9,6.52,0.97
12136,Central,2023-03-23,29.08,862.26,7.82,0.2
12137,Central,2023-03-24,33.45,807.34,5.61,0.54
12138,Central,2023-03-25,31.39,824.75,5.42,0.04
12139,Central,2023-03-26,34.75,681.14,5.26,0.03
12140,Central,2023-03-27,35.02,732.77,5.16,0.2
12141,Central,2023-03-28,34.8,806.33,7.77,0.04
12142,Central,2023-03-29,32.04,814.63,5.97,0.13
12143,Central,2023-03-30,32.74,831.99,7.58,0.76
12144,Central,2023-03-31,33.47,912.48,6.42,0.41
12145,Central,2023-04-01,34.76,792.44,4.66,0.41
12146,Central,2023-04-02,30.89,828.9,3.68,0.1
12147,Central,2023-04-03,33.15,804.38,3.73,0.06
12148,Central,2023-04-04,36.69,779.4,4.53,0.08
12149,Central,2023-04-05,31.87,782.13,7.37,0.14
12150,Central,2023-04-06,32.87,735.79,7.75,0.23
12151,Central,2023-04-07,38.13,788.62,5.91,0.14
12152,Central,2023-04-08,32.4,779.82,7.12,0.19
12153,Central,2023-04-09,29.78,784.47,4.87,0.07
12154,Central,2023-04-10,32.72,656.43,4.72,0.21
12155,Central,2023-04-11,36.15,786.96,6.79,0.04
12156,Central,2023-04-12,34.88,723.72,5.85,0.21
12157,Central,2023-04-13,30.77,787.85,6.66,0.02
12158,Central,2023-04-14,33.52,704.05,5.61,0.1
12159,Central,2023-04-15,32.3,794.38,4.93,0.19
12160,Central,2023-04-16,34.23,765.28,5.14,0.39
12161,Central,2023-04-17,31.33,737.51,5.89,0.33
12162,Central,2023-04-18,33.5,809.25,5.76,0.15
12163,Central,2023-04-19,36.28,814.55,3.97,0.43
12164,Central,2023-04-20,27.18,778.88,5.15,0.14
12165,Central,2023-04-21,33.53,826.57,3.02,0.73
12166,Central,2023-04-22,34.92,746.15,4.74,0.25
12167,Central,2023-04-23,29.1,809.28,3.86,0.42
12168,Central,2023-04-24,30.71,771.9,0.64,0.18
12169,Central,2023-04-25,31.29,693.23,8.49,0.58
12170,Central,2023-04-26,30.54,706.9,3.98,0.05
12171,Central,2023-04-27,30.32,861.98,3.7,0.52
12172,Central,2023-04-28,31.1,892.52,7.51,0.05
12173,Central,2023-04-29,33.48,821.06,3.29,0.15
12174,Central,2023-04-30,34.67,714.86,2.84,0.32
12175,Central,2023-05-01,34.21,873.16,4.68,0.32
12176,Central,2023-05-02,33.5,805.3,4.22,0.07
12177,Central,2023-05-03,35.09,780.43,3.97,0.85
12178,Central,2023-05-04,35.39,898.16,3.53,0.02
12179,Central,2023-05-05,31.57,679.11,4.59,0.04
12180,Central,2023-05-06,34.0,806.8,7.3,0.37
12181,Central,2023-05-07,31.89,676.78,2.4,0.34
12182,Central,2023-05-08,30.5,690.32,6.05,0.25
12183,Central,2023-05-09,30.73,943.86,7.06,1.9
12184,Central,2023-05-10,32.75,772.65,3.8,0.03
12185,Central,2023-05-11,33.54,877.1,5.27,0.02
12186,Central,2023-05-12,31.66,769.29,4.5,0.7
12187,Central,2023-05-13,29.59,754.56,2.08,0.2
12188,Central,2023-05-14,29.29,668.78,6.46,0.5
12189,Central,2023-05-15,26.44,793.52,4.66,0.47
12190,Central,2023-05-16,30.75,713.7,3.8,0.21
12191,Central,2023-05-17,30.49,714.42,2.28,0.2
12192,Central,2023-05-18,27.69,683.34,5.32,0.09
12193,Central,2023-05-19,30.6,692.36,4.74,0.03
12194,Central,2023-05-20,30.44,698.54,5.4,0.23
12195,Central,2023-05-21,26.43,702.45,5.3,0.34
12196,Central,2023-05-22,28.62,684.57,3.23,0.16
12197,Central,2023-05-23,31.94,560.04,0.0,0.01
12198,Central,2023-05-24,27.72,723.84,4.24,0.03
12199,Central,2023-05-25,28.89,666.49,4.12,0.02
12200,Central,2023-05-26,29.03,406.75,4.61,0.21
12201,Central,2023-05-27,28.52,540.85,6.62,0.17
12202,Central,2023-05-28,29.8,625.7,4.25,0.13
12203,Central,2023-05-29,30.15,761.51,5.34,0.16
12204,Central,2023-05-30,30.66,703.44,4.85,0.06
12205,Central,2023-05-31,27.36,595.4,2.19,0.33
12206,Central,2023-06-01,28.88,630.63,2.32,0.08
12207,Central,2023-06-02,29.36,729.71,5.97,0.21
12208,Central,2023-06-03,27.3,587.47,2.9,0.1
12209,Central,2023-06-04,25.94,545.28,4.76,0.01
12210,Central,2023-06-05,27.51,697.94,2.65,0.06
12211,Central,2023-06-06,25.86,712.09,5.29,0.67
12212,Central,2023-06-07,25.5,569.69,4.53,0.04
12213,Central,2023-06-08,27.19,652.32,3.7,0.11
12214,Central,2023-06-09,26.21,605.27,5.14,0.07
12215,Central,2023-06-10,26.78,556.43,4.51,0.42
12216,Central,2023-06-11,23.16,692.32,3.03,0.07
12217,Central,2023-06-12,25.75,540.81,4.12,0.11
12218,Central,2023-06-13,21.42,649.49,5.09,0.07
12219,Central,2023-06-14,23.68,589.52,5.74,0.9
12220,Central,2023-06-15,25.43,565.3,3.88,1.8
12221,Central,2023-06-16,27.87,529.69,6.74,0.66
12222,Central,2023-06-17,26.35,490.16,2.94,0.31
12223,Central,2023-06-18,25.29,544.06,1.71,0.25
12224,Central,2023-06-19,24.19,518.01,1.92,0.09
12225,Central,2023-06-20,24.27,561.33,4.02,1.14
12226,Central,2023-06-21,27.21,453.05,4.04,0.07
12227,Central,2023-06-22,22.22,531.61,4.21,0.05
12228,Central,2023-06-23,22.81,571.1,3.01,0.51
12229,Central,2023-06-24,26.22,479.64,7.35,0.28
12230,Central,2023-06-25,23.23,587.64,6.28,0.01
12231,Central,2023-06-26,27.63,591.18,2.29,0.28
12232,Central,2023-06-27,24.96,421.49,3.85,0.28
12233,Central,2023-06-28,25.71,452.23,4.08,0.12
12234,Central,2023-06-29,19.98,400.51,5.03,0.02
12235,Central,2023-06-30,25.18,536.43,1.71,0.01
12236,Central,2023-07-01,21.19,507.65,1.43,0.12
12237,Central,2023-07-02,24.15,364.16,2.17,0.08
12238,Central,2023-07-03,21.82,434.93,6.26,0.14
12239,Central,2023-07-04,22.82,506.6,3.02,0.68
12240,Central,2023-07-05,19.99,485.82,5.22,0.52
12241,Central,2023-07-06,18.59,568.45,4.89,0.18
12242,Central,2023-07-07,22.16,374.35,3.74,0.02
12243,Central,2023-07-08,21.1,460.66,5.26,0.43
12244,Central,2023-07-09,19.73,376.12,2.18,0.33
12245,Central,2023-07-10,17.98,459.97,3.32,0.15
12246,Central,2023-07-11,15.83,431.59,0.71,0.04
12247,Central,2023-07-12,22.05,462.74,4.19,0.11
12248,Central,2023-07-13,20.33,403.21,2.86,0.07
12249,Central,2023-07-14,19.46,491.89,7.34,1.04
12250,Central,2023-07-15,20.93,368.72,4.15,0.13
12251,Central,2023-07-16,22.37,339.68,5.3,0.11
12252,Central,2023-07-17,20.71,433.95,5.06,0.04
12253,Central,2023-07-18,19.12,559.3,3.97,0.05
12254,Central,2023-07-19,24.11,284.36,5.59,0.25
12255,Central,2023-07-20,18.41,309.61,4.16,0.15
12256,Central,2023-07-21,16.7,414.84,4.84,0.09
12257,Central,2023-07-22,19.56,481.66,7.67,0.07
12258,Central,2023-07-23,18.68,411.2,4.44,0.22
12259,Central,2023-07-24,20.93,333.28,3.37,0.01
12260,Central,2023-07-25,17.83,410.82,3.11,0.76
12261,Central,2023-07-26,18.39,413.81,4.07,0.28
12262,Central,2023-07-27,16.84,313.43,4.38,0.53
12263,Central,2023-07-28,20.03,429.22,4.31,0.53
12264,Central,2023-07-29,18.55,355.89,1.86,0.41
12265,Central,2023-07-30,17.56,214.14,0.86,0.06
12266,Central,2023-07-31,17.66,338.84,2.82,0.14
12267,Central,2023-08-01,17.77,299.66,4.37,0.05
12268,Central,2023-08-02,14.79,445.17,4.4,0.29
12269,Central,2023-08-03,19.85,230.11,5.01,0.14
12270,Central,2023-08-04,19.59,293.47,4.89,0.15
12271,Central,2023-08-05,17.32,348.44,3.61,0.39
12272,Central,2023-08-06,16.96,517.19,2.85,0.27
12273,Central,2023-08-07,14.96,475.91,5.18,3.39
12274,Central,2023-08-08,20.27,311.8,4.76,0.1
12275,Central,2023-08-09,19.66,339.31,2.8,0.12
12276,Central,2023-08-10,17.34,355.54,5.4,0.19
12277,Central,2023-08-11,18.06,222.46,5.92,0.12
12278,Central,2023-08-12,18.75,300.39,5.7,0.54
12279,Central,2023-08-13,18.22,404.27,5.98,0.08
12280,Central,2023-08-14,14.33,303.34,3.43,0.36
12281,Central,2023-08-15,15.29,444.31,5.86,0.15
12282,Central,2023-08-16,16.73,249.05,4.37,0.19
12283,Central,2023-08-17,16.08,274.04,7.7,0.05
12284,Central,2023-08-18,17.07,271.18,6.0,0.06
12285,Central,2023-08-19,16.73,170.09,5.33,0.08
12286,Central,2023-08-20,15.83,359.31,7.28,0.13
12287,Central,2023-08-21,10.02,240.84,3.98,0.01
12288,Central,2023-08-22,17.46,284.95,5.59,0.44
12289,Central,2023-08-23,16.69,213.28,8.14,2.34
12290,Central,2023-08-24,19.05,396.07,6.04,0.22
12291,Central,2023-08-25,13.85,353.65,5.07,0.08
12292,Central,2023-08-26,11.02,256.76,4.47,0.1
12293,Central,2023-08-27,14.25,151.29,3.45,0.26
12294,Central,2023-08-28,15.43,305.94,4.5,0.07
12295,Central,2023-08-29,13.55,330.34,3.73,0.94
12296,Central,2023-08-30,17.09,166.87,4.64,0.47
12297,Central,2023-08-31,12.94,227.02,4.85,0.11
12298,Central,2023-09-01,13.97,242.14,6.53,0.18
12299,Central,2023-09-02,13.6,320.54,4.47,0.53
12300,Central,2023-09-03,19.56,219.14,4.22,0.08
12301,Central,2023-09-04,12.13,305.96,6.47,0.29
12302,Central,2023-09-05,15.03,164.99,6.22,0.28
12303,Central,2023-09-06,11.39,140.29,4.84,0.53
12304,Central,2023-09-07,14.42,369.23,6.14,0.39
12305,Central,2023-09-08,11.76,115.79,4.88,0.28
12306,Central,2023-09-09,15.8,158.84,4.98,1.01
12307,Central,2023-09-10,15.36,279.97,7.66,0.06
12308,Central,2023-09-11,14.03,173.04,5.16,0.22
12309,Central,2023-09-12,10.65,169.31,4.79,0.06
12310,Central,2023-09-13,13.28,196.58,5.46,0.12
12311,Central,2023-09-14,12.73,38.48,2.52,0.25
12312,Central,2023-09-15,14.95,299.27,5.25,0.22
12313,Central,2023-09-16,11.45,222.44,5.91,0.51
12314,Central,2023-09-17,15.52,142.28,8.54,0.04
12315,Central,2023-09-18,15.11,68.81,5.74,0.13
12316,Central,2023-09-19,10.39,95.89,6.29,0.06
12317,Central,2023-09-20,12.67,76.67,6.19,0.06
12318,Central,2023-09-21,12.98,221.58,9.1,0.08
12319,Central,2023-09-22,15.07,221.65,7.24,0.24
12320,Central,2023-09-23,11.67,251.0,3.59,0.14
12321,Central,2023-09-24,13.44,260.08,7.65,0.09
12322,Central,2023-09-25,15.2,251.26,4.42,0.46
12323,Central,2023-09-26,13.5,323.65,4.89,0.25
12324,Central,2023-09-27,9.27,295.96,3.96,0.14
12325,Central,2023-09-28,11.99,276.81,8.67,0.11
12326,Central,2023-09-29,14.78,218.97,7.75,0.34
12327,Central,2023-09-30,14.53,257.66,7.85,0.04
12328,Central,2023-10-01,8.48,167.22,7.6,0.22
12329,Central,2023-10-02,13.38,182.55,7.11,0.0
12330,Central,2023-10-03,14.88,338.18,5.63,0.0
12331,Central,2023-10-04,14.08,156.23,6.46,0.54
12332,Central,2023-10-05,14.32,150.77,5.41,0.72
12333,Central,2023-10-06,17.16,172.77,4.94,0.08
12334,Central,2023-10-07,12.96,158.39,5.29,0.32
12335,Central,2023-10-08,13.68,165.86,9.81,0.84
12336,Central,2023-10-09,11.22,223.18,5.74,0.01
12337,Central,2023-10-10,11.86,226.66,7.85,0.01
12338,Central,2023-10-11,12.5,278.5,9.5,0.39
12339,Central,2023-10-12,14.89,381.69,7.59,0.16
12340,Central,2023-10-13,11.74,178.3,5.27,0.43
12341,Central,2023-10-14,15.74,203.74,5.38,0.24
12342,Central,2023-10-15,11.13,63.24,6.7,0.13
12343,Central,2023-10-16,14.64,108.28,9.94,0.04
12344,Central,2023-10-17,14.51,201.43,8.72,0.1
12345,Central,2023-10-18,13.98,251.77,7.42,0.31
12346,Central,2023-10-19,15.49,255.63,6.34,0.05
12347,Central,2023-10-20,12.09,267.41,7.25,0.25
12348,Central,2023-10-21,12.7,320.45,7.0,0.06
12349,Central,2023-10-22,11.77,358.19,7.02,0.12
12350,Central,2023-10-23,13.78,204.24,5.47,0.02
12351,Central,2023-10-24,13.59,161.59,5.47,0.12
12352,Central,2023-10-25,15.62,280.29,7.34,0.19
12353,Central,2023-10-26,14.75,304.82,5.13,0.17
12354,Central,2023-10-27,15.43,243.27,5.97,0.1
12355,Central,2023-10-28,13.74,220.46,6.98,0.09
12356,Central,2023-10-29,15.03,196.9,7.46,0.06
12357,Central,2023-10-30,17.92,236.38,8.67,0.29
12358,Central,2023-10-31,11.69,297.58,5.15,0.31
12359,Central,2023-11-01,10.8,191.59,5.18,0.13
12360,Central,2023-11-02,15.84,183.74,9.04,0.1
12361,Central,2023-11-03,12.96,298.62,9.63,1.01
12362,Central,2023-11-04,11.99,185.71,5.57,0.16
12363,Central,2023-11-05,15.93,268.63,5.9,0.22
12364,Central,2023-11-06,12.95,267.45,8.01,0.07
12365,Central,2023-11-07,18.14,262.75,7.3,0.31
12366,Central,2023-11-08,15.48,214.5,7.34,0.08
12367,Central,2023-11-09,14.87,407.89,6.11,0.11
12368,Central,2023-11-10,13.75,304.37,8.38,0.03
12369,Central,2023-11-11,15.93,234.76,6.97,0.39
12370,Central,2023-11-12,12.44,305.85,6.95,0.21
12371,Central,2023-11-13,10.8,429.48,5.68,0.05
12372,Central,2023-11-14,12.75,293.66,8.59,0.38
12373,Central,2023-11-15,18.25,412.83,6.89,1.22
12374,Central,2023-11-16,14.25,202.06,7.39,0.12
12375,Central,2023-11-17,13.36,229.57,9.26,0.92
12376,Central,2023-11-18,16.18,130.28,5.93,0.08
12377,Central,2023-11-19,20.94,463.47,7.39,0.02
12378,Central,2023-11-20,18.8,173.22,5.21,0.26
12379,Central,2023-11-21,15.15,327.32,6.78,1.41
12380,Central,2023-11-22,15.25,456.47,9.52,0.01
12381,Central,2023-11-23,15.43,399.28,5.3,0.34
12382,Central,2023-11-24,15.34,355.86,7.98,0.3
12383,Central,2023-11-25,18.39,432.64,10.05,0.53
12384,Central,2023-11-26,16.78,280.8,8.49,0.03
12385,Central,2023-11-27,15.37,380.01,6.81,0.18
12386,Central,2023-11-28,15.07,333.96,6.04,0.05
12387,Central,2023-11-29,22.49,336.74,4.83,0.1
12388,Central,2023-11-30,19.51,367.11,10.08,0.06
12389,Central,2023-12-01,16.47,450.41,7.12,0.12
12390,Central,2023-12-02,20.76,486.26,5.07,0.02
12391,Central,2023-12-03,16.19,344.17,6.26,0.07
12392,Central,2023-12-04,18.37,283.07,6.19,0.07
12393,Central,2023-12-05,18.31,309.28,7.07,0.14
12394,Central,2023-12-06,19.32,535.38,11.41,0.35
12395,Central,2023-12-07,17.23,502.76,9.23,0.18
12396,Central,2023-12-08,19.53,301.78,8.58,0.61
12397,Central,2023-12-09,15.94,526.78,9.67,0.06
12398,Central,2023-12-10,18.84,341.81,10.63,0.02
12399,Central,2023-12-11,22.43,456.79,8.69,0.28
12400,Central,2023-12-12,21.97,351.53,10.07,0.2
12401,Central,2023-12-13,18.7,586.48,6.95,0.01
12402,Central,2023-12-14,17.2,372.8,6.63,0.91
12403,Central,2023-12-15,16.05,339.41,6.39,0.21
12404,Central,2023-12-16,21.82,391.88,8.38,0.23
12405,Central,2023-12-17,21.31,643.57,4.01,0.37
12406,Central,2023-12-18,21.69,459.31,9.94,0.43
12407,Central,2023-12-19,24.47,361.27,7.22,0.17
12408,Central,2023-12-20,21.57,385.54,9.21,0.43
12409,Central,2023-12-21,21.89,313.89,5.89,0.01
12410,Central,2023-12-22,18.81,502.03,9.65,0.58
12411,Central,2023-12-23,25.02,363.89,10.06,0.01
12412,Central,2023-12-24,21.61,557.52,8.14,0.21
12413,Central,2023-12-25,20.48,537.42,8.78,0.08
12414,Central,2023-12-26,22.7,471.36,6.46,0.01
12415,Central,2023-12-27,26.46,583.4,8.07,0.53
12416,Central,2023-12-28,26.9,563.72,9.46,0.03
12417,Central,2023-12-29,20.86,507.39,7.55,0.38
12418,Central,2023-12-30,25.32,438.55,10.29,0.08
12419,Central,2023-12-31,23.82,538.25,5.32,1.35
12420,Central,2024-01-01,25.29,542.94,7.51,0.06
12421,Central,2024-01-02,24.04,554.8,5.12,0.18
12422,Central,2024-01-03,24.89,526.96,8.47,0.32
12423,Central,2024-01-04,26.48,551.96,7.67,0.17
12424,Central,2024-01-05,20.51,555.1,7.73,0.07
12425,Central,2024-01-06,24.9,645.03,9.1,0.05
12426,Central,2024-01-07,22.01,439.26,7.56,0.19
12427,Central,2024-01-08,23.59,466.17,12.19,0.37
12428,Central,2024-01-09,24.69,557.4,9.18,0.94
12429,Central,2024-01-10,22.84,495.67,8.01,0.14
12430,Central,2024-01-11,23.86,578.4,6.95,0.06
12431,Central,2024-01-12,22.39,477.52,6.58,0.11
12432,Central,2024-01-13,24.17,495.17,8.6,0.19
12433,Central,2024-01-14,26.55,741.45,7.14,0.01
12434,Central,2024-01-15,27.42,563.24,9.41,0.09
12435,Central,2024-01-16,24.32,492.85,7.79,0.05
12436,Central,2024-01-17,28.68,582.29,7.79,0.21
12437,Central,2024-01-18,27.34,679.29,8.07,0.19
12438,Central,2024-01-19,29.21,697.7,7.65,0.07
12439,Central,2024-01-20,22.97,489.22,8.29,0.01
12440,Central,2024-01-21,27.29,549.55,10.96,0.04
12441,Central,2024-01-22,28.05,633.52,8.66,0.03
12442,Central,2024-01-23,23.55,617.73,8.47,0.17
12443,Central,2024-01-24,31.97,497.16,9.0,0.04
12444,Central,2024-01-25,26.03,514.79,7.64,0.13
12445,Central,2024-01-26,28.54,549.06,6.34,0.19
12446,Central,2024-01-27,29.46,497.39,3.24,0.42
12447,Central,2024-01-28,27.96,606.94,4.68,0.06
12448,Central,2024-01-29,30.68,743.69,8.86,0.04
12449,Central,2024-01-30,32.05,599.33,8.28,0.04
12450,Central,2024-01-31,25.99,743.61,7.48,0.09
12451,Central,2024-02-01,28.59,663.78,11.23,0.21
12452,Central,2024-02-02,30.33,651.06,7.62,1.11
12453,Central,2024-02-03,25.37,536.75,4.11,0.05
12454,Central,2024-02-04,30.91,767.83,8.75,0.03
12455,Central,2024-02-05,32.33,687.73,9.35,0.12
12456,Central,2024-02-06,31.63,554.55,8.67,0.03
12457,Central,2024-02-07,30.07,717.16,9.33,1.68
12458,Central,2024-02-08,32.41,643.6,4.9,0.09
12459,Central,2024-02-09,30.17,699.49,7.66,0.28
12460,Central,2024-02-10,26.95,717.7,6.25,0.01
12461,Central,2024-02-11,28.67,799.59,8.26,0.33
12462,Central,2024-02-12,29.33,615.93,9.73,0.2
12463,Central,2024-02-13,29.84,755.59,6.88,0.08
12464,Central,2024-02-14,29.9,819.76,8.38,0.1
12465,Central,2024-02-15,29.53,918.73,6.07,0.22
12466,Central,2024-02-16,30.76,804.59,7.33,0.04
12467,Central,2024-02-17,33.45,753.0,6.56,0.44
12468,Central,2024-02-18,30.98,749.49,10.01,0.13
12469,Central,2024-02-19,31.92,854.99,5.66,0.29
12470,Central,2024-02-20,26.39,711.17,7.38,0.14
12471,Central,2024-02-21,31.13,800.96,9.28,0.12
12472,Central,2024-02-22,33.16,915.94,4.28,0.13
12473,Central,2024-02-23,33.58,734.71,7.82,0.09
12474,Central,2024-02-24,33.48,585.33,7.31,0.26
12475,Central,2024-02-25,31.89,680.49,6.09,1.87
12476,Central,2024-02-26,32.21,775.66,8.91,0.39
12477,Central,2024-02-27,30.13,687.99,9.63,0.03
12478,Central,2024-02-28,33.25,729.85,8.01,0.29
12479,Central,2024-02-29,30.31,736.63,6.55,0.04
12480,Central,2024-03-01,33.09,807.64,4.79,0.0
12481,Central,2024-03-02,31.9,689.54,7.2,0.06
12482,Central,2024-03-03,31.92,720.89,6.67,0.07
12483,Central,2024-03-04,33.97,882.45,6.73,0.33
12484,Central,2024-03-05,33.17,733.55,6.1,0.27
12485,Central,2024-03-06,32.68,832.3,5.93,0.02
12486,Central,2024-03-07,31.19,777.41,6.82,0.08
12487,Central,2024-03-08,35.45,776.41,4.9,0.06
12488,Central,2024-03-09,32.98,839.2,8.27,0.18
12489,Central,2024-03-10,33.87,632.96,5.54,0.78
12490,Central,2024-03-11,32.59,819.15,6.82,0.23
12491,Central,2024-03-12,31.1,829.54,6.13,0.48
12492,Central,2024-03-13,33.25,854.75,7.56,0.11
12493,Central,2024-03-14,31.39,758.3,7.45,1.07
12494,Central,2024-03-15,33.51,789.76,7.28,0.5
12495,Central,2024-03-16,26.14,594.82,4.73,0.78
12496,Central,2024-03-17,31.91,738.64,6.16,0.07
12497,Central,2024-03-18,32.72,807.4,8.82,0.1
12498,Central,2024-03-19,30.88,912.04,5.87,0.28
12499,Central,2024-03-20,33.55,943.0,7.92,0.25
12500,Central,2024-03-21,32.0,768.81,6.3,0.28
12501,Central,2024-03-22,32.86,866.9,5.82,0.27
12502,Central,2024-03-23,31.79,785.89,6.53,0.51
12503,Central,2024-03-24,34.86,668.99,4.97,0.29
12504,Central,2024-03-25,34.02,847.18,7.53,0.39
12505,Central,2024-03-26,33.54,945.7,4.87,0.17
12506,Central,2024-03-27,33.08,769.02,6.94,0.21
12507,Central,2024-03-28,38.03,727.19,7.7,0.69
12508,Central,2024-03-29,32.66,805.32,6.68,0.41
12509,Central,2024-03-30,31.58,790.17,5.16,0.3
12510,Central,2024-03-31,30.63,1008.78,6.25,0.23
12511,Central,2024-04-01,34.78,880.33,4.84,0.09
12512,Central,2024-04-02,36.22,810.02,5.59,0.16
12513,Central,2024-04-03,31.26,567.75,5.09,0.01
12514,Central,2024-04-04,32.37,787.53,4.69,0.11
12515,Central,2024-04-05,32.21,946.71,6.75,0.02
12516,Central,2024-04-06,32.66,804.38,7.24,1.3
12517,Central,2024-04-07,29.35,863.08,7.31,0.45
12518,Central,2024-04-08,34.47,827.96,6.06,0.04
12519,Central,2024-04-09,35.21,756.85,7.87,0.06
12520,Central,2024-04-10,28.99,930.18,4.62,0.39
12521,Central,2024-04-11,36.28,809.0,7.53,0.18
12522,Central,2024-04-12,35.97,736.25,6.93,0.89
12523,Central,2024-04-13,26.55,793.36,5.59,0.17
12524,Central,2024-04-14,28.31,904.59,5.83,0.05
12525,Central,2024-04-15,32.34,670.69,7.02,0.06
12526,Central,2024-04-16,35.19,809.24,6.42,0.6
12527,Central,2024-04-17,33.09,792.0,5.79,1.29
12528,Central,2024-04-18,32.5,661.3,4.69,0.02
12529,Central,2024-04-19,33.55,844.17,3.95,0.05
12530,Central,2024-04-20,30.73,801.58,5.46,0.99
12531,Central,2024-04-21,34.83,849.5,3.55,0.07
12532,Central,2024-04-22,32.01,868.33,6.33,0.06
12533,Central,2024-04-23,28.88,770.83,2.54,0.05
12534,Central,2024-04-24,30.49,728.73,5.63,0.04
12535,Central,2024-04-25,32.74,657.04,4.73,0.19
12536,Central,2024-04-26,31.35,717.2,4.45,2.36
12537,Central,2024-04-27,31.07,767.29,4.67,0.09
12538,Central,2024-04-28,32.18,686.92,0.73,0.03
12539,Central,2024-04-29,32.41,808.19,4.36,0.03
12540,Central,2024-04-30,29.14,686.67,3.69,0.54
12541,Central,2024-05-01,33.96,615.27,3.68,0.15
12542,Central,2024-05-02,31.16,707.34,9.61,0.13
12543,Central,2024-05-03,32.17,765.52,2.82,0.44
12544,Central,2024-05-04,31.43,647.15,5.47,0.14
12545,Central,2024-05-05,30.32,673.9,3.65,0.66
12546,Central,2024-05-06,32.86,691.53,3.45,2.61
12547,Central,2024-05-07,31.1,698.94,2.77,0.13
12548,Central,2024-05-08,30.98,759.53,6.46,0.1
12549,Central,2024-05-09,25.74,783.5,6.54,0.17
12550,Central,2024-05-10,32.25,691.21,3.78,0.76
12551,Central,2024-05-11,30.16,642.68,6.05,0.66
12552,Central,2024-05-12,31.9,733.31,3.1,0.3
12553,Central,2024-05-13,33.56,760.29,4.03,0.14
12554,Central,2024-05-14,31.8,844.4,5.63,0.43
12555,Central,2024-05-15,30.14,803.37,3.08,0.11
12556,Central,2024-05-16,29.33,607.28,3.45,0.2
12557,Central,2024-05-17,34.83,692.95,4.57,0.04
12558,Central,2024-05-18,30.62,736.91,4.57,0.22
12559,Central,2024-05-19,29.94,628.53,2.87,0.06
12560,Central,2024-05-20,29.03,664.56,7.82,0.3
12561,Central,2024-05-21,27.47,742.55,3.18,0.11
12562,Central,2024-05-22,25.22,704.58,5.85,0.1
12563,Central,2024-05-23,32.03,680.63,5.3,0.27
12564,Central,2024-05-24,27.29,624.05,3.17,0.11
12565,Central,2024-05-25,28.33,556.48,5.06,0.25
12566,Central,2024-05-26,28.36,642.88,3.08,0.39
12567,Central,2024-05-27,31.29,656.27,4.43,0.03
12568,Central,2024-05-28,26.75,541.74,5.54,0.13
12569,Central,2024-05-29,28.65,658.66,3.45,0.58
12570,Central,2024-05-30,29.01,681.74,4.89,1.67
12571,Central,2024-05-31,25.07,590.52,3.39,0.73
12572,Central,2024-06-01,24.73,673.62,4.5,0.39
12573,Central,2024-06-02,26.1,658.83,4.38,0.07
12574,Central,2024-06-03,27.87,607.79,3.65,0.04
12575,Central,2024-06-04,27.46,594.22,1.44,0.05
12576,Central,2024-06-05,26.83,596.23,5.35,0.24
12577,Central,2024-06-06,28.21,549.58,7.15,0.02
12578,Central,2024-06-07,25.04,640.88,4.36,0.47
12579,Central,2024-06-08,26.25,540.89,3.22,0.14
12580,Central,2024-06-09,26.2,541.2,4.44,0.02
12581,Central,2024-06-10,24.61,638.6,5.83,0.29
12582,Central,2024-06-11,30.71,574.57,6.02,0.08
12583,Central,2024-06-12,21.62,593.95,5.46,0.01
12584,Central,2024-06-13,28.26,447.14,4.75,0.04
12585,Central,2024-06-14,27.21,537.24,5.08,0.21
12586,Central,2024-06-15,27.06,708.57,4.24,1.58
12587,Central,2024-06-16,25.47,426.63,2.62,0.06
12588,Central,2024-06-17,27.78,704.03,3.48,0.17
12589,Central,2024-06-18,24.04,579.9,3.55,0.0
12590,Central,2024-06-19,25.56,511.29,4.47,0.07
12591,Central,2024-06-20,24.75,532.49,1.38,0.04
12592,Central,2024-06-21,23.97,642.18,4.79,0.02
12593,Central,2024-06-22,24.5,356.42,1.0,0.13
12594,Central,2024-06-23,22.19,646.73,4.63,0.2
12595,Central,2024-06-24,22.59,549.61,5.76,0.01
12596,Central,2024-06-25,26.91,604.2,5.35,0.03
12597,Central,2024-06-26,29.34,378.2,2.66,2.69
12598,Central,2024-06-27,24.44,494.71,4.94,0.05
12599,Central,2024-06-28,24.9,321.48,5.06,0.29
12600,Central,2024-06-29,23.56,598.39,6.56,0.28
12601,Central,2024-06-30,23.8,418.8,4.55,0.08
12602,Central,2024-07-01,23.8,412.46,5.54,0.05
12603,Central,2024-07-02,24.61,332.34,3.35,0.28
12604,Central,2024-07-03,25.44,517.49,2.73,0.17
12605,Central,2024-07-04,20.43,482.54,5.3,0.1
12606,Central,2024-07-05,27.68,411.81,5.33,0.68
12607,Central,2024-07-06,22.13,487.55,3.06,1.67
12608,Central,2024-07-07,21.96,398.98,2.2,0.14
12609,Central,2024-07-08,20.69,315.52,4.21,1.07
12610,Central,2024-07-09,20.53,422.05,4.09,0.22
12611,Central,2024-07-10,22.41,577.65,4.38,0.05
12612,Central,2024-07-11,22.28,518.73,5.37,0.14
12613,Central,2024-07-12,21.97,472.37,5.59,0.34
12614,Central,2024-07-13,19.76,450.43,4.07,0.05
12615,Central,2024-07-14,15.1,396.83,2.57,0.26
12616,Central,2024-07-15,16.75,479.78,2.98,0.01
12617,Central,2024-07-16,20.2,461.16,3.19,0.57
12618,Central,2024-07-17,20.68,404.34,3.91,0.22
12619,Central,2024-07-18,19.0,421.99,3.33,0.04
12620,Central,2024-07-19,18.29,272.71,3.74,0.41
12621,Central,2024-07-20,20.11,357.89,4.23,0.02
12622,Central,2024-07-21,19.14,296.04,3.17,0.1
12623,Central,2024-07-22,18.24,289.71,4.63,0.27
12624,Central,2024-07-23,15.81,419.54,6.9,0.55
12625,Central,2024-07-24,17.19,276.02,3.93,0.09
12626,Central,2024-07-25,20.59,433.95,3.17,0.35
12627,Central,2024-07-26,16.64,450.4,4.66,0.04
12628,Central,2024-07-27,19.74,358.29,3.03,0.01
12629,Central,2024-07-28,21.03,310.21,4.01,0.01
12630,Central,2024-07-29,16.53,436.6,3.23,1.07
12631,Central,2024-07-30,17.07,393.82,2.66,0.03
12632,Central,2024-07-31,19.79,440.8,2.97,0.01
12633,Central,2024-08-01,20.13,254.26,3.31,0.75
12634,Central,2024-08-02,16.23,315.6,2.76,0.06
12635,Central,2024-08-03,14.13,314.64,6.26,0.12
12636,Central,2024-08-04,19.75,344.62,5.01,0.19
12637,Central,2024-08-05,18.26,373.66,5.79,0.03
12638,Central,2024-08-06,17.76,330.54,2.36,0.09
12639,Central,2024-08-07,18.65,422.25,3.98,0.21
12640,Central,2024-08-08,14.32,281.39,5.07,0.2
12641,Central,2024-08-09,17.33,223.46,6.95,0.37
12642,Central,2024-08-10,15.85,250.2,3.36,0.12
12643,Central,2024-08-11,17.5,236.37,2.58,0.44
12644,Central,2024-08-12,17.76,259.29,4.82,0.23
12645,Central,2024-08-13,17.99,270.48,3.55,0.83
12646,Central,2024-08-14,17.11,270.18,7.14,0.02
12647,Central,2024-08-15,16.3,303.25,5.42,0.17
12648,Central,2024-08-16,16.25,244.25,4.2,0.18
12649,Central,2024-08-17,16.29,361.54,4.23,0.28
12650,Central,2024-08-18,14.2,119.14,4.49,0.25
12651,Central,2024-08-19,14.59,92.68,1.97,0.15
12652,Central,2024-08-20,16.03,347.64,4.8,0.18
12653,Central,2024-08-21,16.42,338.12,4.03,1.48
12654,Central,2024-08-22,13.71,360.27,5.74,0.09
12655,Central,2024-08-23,12.75,308.99,3.47,0.03
12656,Central,2024-08-24,11.46,255.24,5.87,0.41
12657,Central,2024-08-25,12.19,231.42,5.69,0.67
12658,Central,2024-08-26,13.53,121.05,5.14,0.11
12659,Central,2024-08-27,13.63,258.24,6.81,4.64
12660,Central,2024-08-28,13.86,128.76,2.13,0.08
12661,Central,2024-08-29,11.93,438.35,5.66,0.01
12662,Central,2024-08-30,10.63,155.92,4.95,0.17
12663,Central,2024-08-31,14.43,229.96,4.94,0.41
12664,Central,2024-09-01,14.35,354.1,3.61,0.19
12665,Central,2024-09-02,15.26,201.97,2.98,0.0
12666,Central,2024-09-03,15.57,200.25,6.48,0.0
12667,Central,2024-09-04,14.65,19.88,6.36,0.26
12668,Central,2024-09-05,14.03,119.94,7.9,0.37
12669,Central,2024-09-06,15.48,267.64,8.18,0.06
12670,Central,2024-09-07,16.51,354.61,2.95,0.13
12671,Central,2024-09-08,12.25,147.64,5.07,0.65
12672,Central,2024-09-09,15.09,232.91,5.71,0.12
12673,Central,2024-09-10,12.24,432.17,6.81,0.03
12674,Central,2024-09-11,13.87,259.24,7.54,2.43
12675,Central,2024-09-12,15.52,290.47,3.89,0.14
12676,Central,2024-09-13,12.79,149.67,4.65,0.08
12677,Central,2024-09-14,11.39,333.81,7.55,0.02
12678,Central,2024-09-15,12.33,152.98,3.02,0.12
12679,Central,2024-09-16,11.31,137.76,3.95,0.29
12680,Central,2024-09-17,11.03,324.47,6.25,0.25
12681,Central,2024-09-18,15.56,154.17,8.71,0.14
12682,Central,2024-09-19,14.18,203.92,3.15,0.25
12683,Central,2024-09-20,11.65,333.49,5.79,0.09
12684,Central,2024-09-21,11.09,129.54,6.57,0.27
12685,Central,2024-09-22,11.21,183.08,7.97,0.02
12686,Central,2024-09-23,11.58,152.65,6.47,0.04
12687,Central,2024-09-24,15.31,174.7,3.07,0.42
12688,Central,2024-09-25,12.77,203.76,3.94,0.07
12689,Central,2024-09-26,17.25,307.54,7.96,0.05
12690,Central,2024-09-27,12.9,331.52,6.6,0.02
12691,Central,2024-09-28,11.82,212.49,4.29,0.1
12692,Central,2024-09-29,14.83,141.88,6.75,0.01
12693,Central,2024-09-30,9.64,254.31,6.5,0.14
12694,Central,2024-10-01,13.36,200.65,2.34,0.5
12695,Central,2024-10-02,10.56,203.5,2.96,0.31
12696,Central,2024-10-03,8.64,118.26,6.61,0.01
12697,Central,2024-10-04,12.78,71.86,9.23,0.07
12698,Central,2024-10-05,14.7,200.22,6.61,0.04
12699,Central,2024-10-06,13.48,116.78,2.57,0.01
12700,Central,2024-10-07,13.26,160.6,3.86,0.02
12701,Central,2024-10-08,7.9,322.41,7.26,2.39
12702,Central,2024-10-09,12.82,199.05,7.45,0.07
12703,Central,2024-10-10,12.87,294.18,6.09,0.1
12704,Central,2024-10-11,14.44,230.34,5.69,0.13
12705,Central,2024-10-12,11.12,254.48,7.64,0.27
12706,Central,2024-10-13,14.93,164.98,8.14,0.32
12707,Central,2024-10-14,12.3,302.51,7.56,0.66
12708,Central,2024-10-15,12.76,236.53,5.12,0.05
12709,Central,2024-10-16,14.47,191.98,7.93,0.07
12710,Central,2024-10-17,11.08,239.51,6.09,0.08
12711,Central,2024-10-18,15.17,159.1,5.75,0.12
12712,Central,2024-10-19,10.87,194.55,5.72,0.33
12713,Central,2024-10-20,14.94,215.43,6.75,0.05
12714,Central,2024-10-21,13.23,179.68,7.6,0.31
12715,Central,2024-10-22,13.46,348.41,3.75,0.05
12716,Central,2024-10-23,7.7,192.55,5.71,0.25
12717,Central,2024-10-24,12.72,394.5,6.15,0.32
12718,Central,2024-10-25,13.56,235.49,8.43,1.92
12719,Central,2024-10-26,17.15,213.66,5.6,0.14
12720,Central,2024-10-27,14.06,194.43,6.44,0.08
12721,Central,2024-10-28,12.91,271.03,8.18,0.3
12722,Central,2024-10-29,15.97,311.3,7.05,0.08
12723,Central,2024-10-30,13.38,39.34,9.32,0.03
12724,Central,2024-10-31,16.54,245.45,6.83,1.8
12725,Central,2024-11-01,15.09,88.77,9.91,0.53
12726,Central,2024-11-02,12.86,329.19,10.21,0.17
12727,Central,2024-11-03,16.63,333.53,7.83,0.5
12728,Central,2024-11-04,16.06,259.82,7.8,0.03
12729,Central,2024-11-05,16.75,276.26,8.03,0.81
12730,Central,2024-11-06,14.7,148.34,8.45,0.82
12731,Central,2024-11-07,16.37,222.13,7.44,0.4
12732,Central,2024-11-08,19.12,220.2,9.03,0.08
12733,Central,2024-11-09,15.73,236.59,8.05,0.1
12734,Central,2024-11-10,14.71,345.68,9.41,0.15
12735,Central,2024-11-11,18.71,381.91,5.18,0.04
12736,Central,2024-11-12,17.07,331.75,7.7,0.13
12737,Central,2024-11-13,14.96,260.63,8.93,0.11
12738,Central,2024-11-14,19.45,230.47,5.72,0.04
12739,Central,2024-11-15,13.7,301.13,8.1,0.36
12740,Central,2024-11-16,17.29,321.39,8.39,0.11
12741,Central,2024-11-17,18.65,283.83,10.09,0.07
12742,Central,2024-11-18,18.63,252.69,7.01,0.03
12743,Central,2024-11-19,14.82,358.59,7.86,0.02
12744,Central,2024-11-20,14.27,370.47,6.73,0.64
12745,Central,2024-11-21,17.35,212.5,7.38,1.07
12746,Central,2024-11-22,18.44,290.88,10.04,0.46
12747,Central,2024-11-23,15.01,387.99,7.58,0.12
12748,Central,2024-11-24,17.91,409.08,6.58,0.33
12749,Central,2024-11-25,14.53,339.43,7.39,0.36
12750,Central,2024-11-26,19.71,367.83,6.91,0.07
12751,Central,2024-11-27,16.6,363.18,7.04,0.18
12752,Central,2024-11-28,17.56,423.74,6.91,0.63
12753,Central,2024-11-29,19.76,263.13,6.99,0.07
12754,Central,2024-11-30,19.73,377.79,5.98,1.09
12755,Central,2024-12-01,19.29,289.83,7.88,0.22
12756,Central,2024-12-02,20.55,452.58,6.32,0.12
12757,Central,2024-12-03,19.46,285.5,9.52,0.13
12758,Central,2024-12-04,21.7,407.52,7.35,0.12
12759,Central,2024-12-05,15.54,308.87,8.44,0.15
12760,Central,2024-12-06,19.0,444.49,8.46,0.03
12761,Central,2024-12-07,19.07,424.23,5.1,0.32
12762,Central,2024-12-08,19.0,413.07,7.47,0.22
12763,Central,2024-12-09,20.59,555.62,10.46,0.73
12764,Central,2024-12-10,20.19,347.42,6.73,0.06
12765,Central,2024-12-11,21.57,482.61,11.31,0.03
12766,Central,2024-12-12,17.72,507.22,8.73,0.08
12767,Central,2024-12-13,24.84,492.52,8.7,0.14
12768,Central,2024-12-14,19.64,369.21,8.29,0.23
12769,Central,2024-12-15,21.16,409.63,9.51,0.12
12770,Central,2024-12-16,20.34,384.95,9.6,0.21
12771,Central,2024-12-17,21.08,414.68,7.93,0.06
12772,Central,2024-12-18,20.02,376.24,7.32,0.28
12773,Central,2024-12-19,21.67,419.55,5.83,0.56
12774,Central,2024-12-20,22.59,571.12,9.2,0.06
12775,Central,2024-12-21,16.8,433.28,8.08,0.3
12776,Central,2024-12-22,21.11,472.4,6.72,0.11
12777,Central,2024-12-23,21.21,411.03,7.12,0.22
12778,Central,2024-12-24,26.76,473.01,7.89,0.27
12779,Central,2024-12-25,24.01,545.49,6.52,0.07
12780,Central,2024-12-26,25.46,523.67,8.07,0.31
12781,Central,2024-12-27,23.75,603.14,5.57,0.11
12782,Central,2024-12-28,22.97,398.05,7.2,0.86
12783,Central,2024-12-29,23.7,439.49,6.26,0.08
12784,Central,2024-12-30,25.39,472.13,8.3,0.05
12785,Central,2024-12-31,26.82,632.32,6.53,0.03
12786,Coastal,2018-01-01,21.32,461.41,10.62,0.13
12787,Coastal,2018-01-02,21.75,640.74,8.84,0.15
12788,Coastal,2018-01-03,20.27,518.16,7.47,0.24
12789,Coastal,2018-01-04,23.57,732.17,7.79,0.24
12790,Coastal,2018-01-05,22.77,602.18,9.94,0.08
12791,Coastal,2018-01-06,23.93,609.5,8.08,0.17
12792,Coastal,2018-01-07,20.07,448.55,5.3,0.11
12793,Coastal,2018-01-08,22.6,528.9,10.26,0.24
12794,Coastal,2018-01-09,21.85,454.85,9.2,0.33
12795,Coastal,2018-01-10,24.97,526.6,7.16,0.02
12796,Coastal,2018-01-11,22.95,519.91,8.87,0.89
12797,Coastal,2018-01-12,25.26,558.18,7.04,0.01
12798,Coastal,2018-01-13,23.42,632.62,6.99,0.35
12799,Coastal,2018-01-14,27.91,550.65,7.76,1.1
12800,Coastal,2018-01-15,24.93,644.09,8.83,0.24
12801,Coastal,2018-01-16,26.82,464.31,8.63,0.29
12802,Coastal,2018-01-17,24.93,622.41,9.32,0.14
12803,Coastal,2018-01-18,27.17,556.62,8.62,0.07
12804,Coastal,2018-01-19,23.94,616.66,10.07,0.31
12805,Coastal,2018-01-20,25.56,670.29,10.47,0.3
12806,Coastal,2018-01-21,24.88,490.78,8.32,0.03
12807,Coastal,2018-01-22,29.71,728.44,7.35,2.33
12808,Coastal,2018-01-23,23.75,600.21,7.58,0.05
12809,Coastal,2018-01-24,30.43,769.4,4.94,0.07
12810,Coastal,2018-01-25,23.69,630.84,7.85,0.05
12811,Coastal,2018-01-26,28.07,735.5,6.88,0.67
12812,Coastal,2018-01-27,25.51,639.25,6.73,0.07
12813,Coastal,2018-01-28,27.42,660.44,7.72,0.71
12814,Coastal,2018-01-29,26.72,652.92,4.61,0.2
12815,Coastal,2018-01-30,25.55,630.57,7.47,0.04
12816,Coastal,2018-01-31,27.52,632.01,8.03,0.16
12817,Coastal,2018-02-01,26.67,675.07,5.4,0.43
12818,Coastal,2018-02-02,28.79,705.27,9.72,0.16
12819,Coastal,2018-02-03,25.78,684.42,8.33,0.03
12820,Coastal,2018-02-04,28.88,711.54,9.58,0.07
12821,Coastal,2018-02-05,29.81,552.79,8.28,0.05
12822,Coastal,2018-02-06,28.0,750.74,8.15,0.03
12823,Coastal,2018-02-07,25.71,623.14,9.87,0.08
12824,Coastal,2018-02-08,31.96,554.82,9.54,0.22
12825,Coastal,2018-02-09,29.56,838.43,10.46,0.1
12826,Coastal,2018-02-10,27.31,807.4,7.34,0.12
12827,Coastal,2018-02-11,29.87,697.65,6.31,0.08
12828,Coastal,2018-02-12,25.66,787.9,5.74,1.04
12829,Coastal,2018-02-13,31.49,679.62,5.99,0.18
12830,Coastal,2018-02-14,33.51,672.29,8.45,0.36
12831,Coastal,2018-02-15,31.04,665.95,11.49,0.12
12832,Coastal,2018-02-16,27.5,665.91,9.64,0.04
12833,Coastal,2018-02-17,25.65,699.9,7.09,0.38
12834,Coastal,2018-02-18,32.47,666.98,8.48,0.29
12835,Coastal,2018-02-19,29.56,499.61,6.47,0.08
12836,Coastal,2018-02-20,29.18,716.15,6.54,0.19
12837,Coastal,2018-02-21,32.4,656.55,5.7,0.02
12838,Coastal,2018-02-22,29.0,761.07,5.77,0.01
12839,Coastal,2018-02-23,31.81,721.22,8.03,0.34
12840,Coastal,2018-02-24,30.43,794.25,9.39,0.57
12841,Coastal,2018-02-25,30.98,747.49,8.7,0.08
12842,Coastal,2018-02-26,33.84,648.04,9.3,0.18
12843,Coastal,2018-02-27,29.7,650.89,8.26,0.25
12844,Coastal,2018-02-28,29.61,655.67,7.0,0.27
12845,Coastal,2018-03-01,30.45,688.52,6.24,0.13
12846,Coastal,2018-03-02,28.54,704.02,7.86,0.19
12847,Coastal,2018-03-03,32.9,836.31,4.45,0.21
12848,Coastal,2018-03-04,32.72,780.12,6.03,0.02
12849,Coastal,2018-03-05,31.17,618.71,5.72,1.04
12850,Coastal,2018-03-06,29.42,699.84,8.74,0.14
12851,Coastal,2018-03-07,25.85,769.17,4.78,0.1
12852,Coastal,2018-03-08,29.74,693.9,8.21,0.06
12853,Coastal,2018-03-09,31.02,782.77,7.36,0.2
12854,Coastal,2018-03-10,27.75,711.14,7.35,0.04
12855,Coastal,2018-03-11,36.6,769.42,6.01,0.33
12856,Coastal,2018-03-12,32.5,736.44,4.49,0.04
12857,Coastal,2018-03-13,32.82,792.65,7.4,0.3
12858,Coastal,2018-03-14,31.48,900.58,7.95,0.34
12859,Coastal,2018-03-15,33.31,858.31,7.33,0.56
12860,Coastal,2018-03-16,31.28,701.84,6.34,0.62
12861,Coastal,2018-03-17,31.6,990.62,4.81,0.01
12862,Coastal,2018-03-18,34.78,885.48,5.55,0.23
12863,Coastal,2018-03-19,34.21,737.36,7.13,0.07
12864,Coastal,2018-03-20,32.03,724.05,5.23,0.1
12865,Coastal,2018-03-21,36.13,821.63,4.94,0.39
12866,Coastal,2018-03-22,31.95,851.7,4.18,0.03
12867,Coastal,2018-03-23,31.13,937.58,7.12,0.14
12868,Coastal,2018-03-24,32.42,837.66,7.05,0.31
12869,Coastal,2018-03-25,32.79,744.57,7.98,0.04
12870,Coastal,2018-03-26,29.83,757.68,3.0,0.45
12871,Coastal,2018-03-27,33.2,848.9,7.94,0.4
12872,Coastal,2018-03-28,36.47,691.96,7.82,0.1
12873,Coastal,2018-03-29,34.16,919.1,7.92,0.03
12874,Coastal,2018-03-30,33.59,756.2,6.26,0.21
12875,Coastal,2018-03-31,33.23,876.69,6.38,0.14
12876,Coastal,2018-04-01,30.27,895.95,6.33,0.73
12877,Coastal,2018-04-02,30.28,1044.37,4.6,0.24
12878,Coastal,2018-04-03,32.59,775.44,4.63,0.28
12879,Coastal,2018-04-04,31.4,777.43,6.24,0.22
12880,Coastal,2018-04-05,29.36,773.01,5.5,0.25
12881,Coastal,2018-04-06,31.54,812.9,6.91,0.16
12882,Coastal,2018-04-07,33.12,746.97,5.27,0.1
12883,Coastal,2018-04-08,33.36,894.93,3.57,0.31
12884,Coastal,2018-04-09,30.52,877.99,3.6,0.77
12885,Coastal,2018-04-10,32.07,776.04,4.56,0.02
12886,Coastal,2018-04-11,32.96,738.93,6.76,0.31
12887,Coastal,2018-04-12,29.56,759.98,4.85,0.5
12888,Coastal,2018-04-13,30.52,756.36,6.05,0.08
12889,Coastal,2018-04-14,32.0,832.31,3.06,0.09
12890,Coastal,2018-04-15,30.17,807.08,5.77,0.32
12891,Coastal,2018-04-16,31.29,856.13,5.55,3.07
12892,Coastal,2018-04-17,36.9,908.03,7.25,0.56
12893,Coastal,2018-04-18,28.84,811.51,5.66,0.01
12894,Coastal,2018-04-19,34.66,833.55,6.54,0.41
12895,Coastal,2018-04-20,32.44,981.01,8.28,0.18
12896,Coastal,2018-04-21,29.25,828.48,5.39,0.11
12897,Coastal,2018-04-22,33.0,741.89,7.6,0.37
12898,Coastal,2018-04-23,31.66,773.75,5.45,0.32
12899,Coastal,2018-04-24,33.92,644.02,4.44,0.71
12900,Coastal,2018-04-25,32.77,818.91,5.04,0.11
12901,Coastal,2018-04-26,31.77,729.22,4.41,0.13
12902,Coastal,2018-04-27,30.69,699.74,4.44,0.08
12903,Coastal,2018-04-28,33.57,699.55,4.25,0.23
12904,Coastal,2018-04-29,30.37,857.89,4.63,0.45
12905,Coastal,2018-04-30,28.27,743.3,6.12,0.06
12906,Coastal,2018-05-01,27.2,822.66,2.47,0.35
12907,Coastal,2018-05-02,28.43,789.8,5.42,0.09
12908,Coastal,2018-05-03,32.42,772.32,5.14,0.03
12909,Coastal,2018-05-04,30.0,722.92,7.01,0.04
12910,Coastal,2018-05-05,29.09,790.44,4.35,0.13
12911,Coastal,2018-05-06,29.67,713.83,6.57,0.17
12912,Coastal,2018-05-07,32.1,757.48,3.56,0.0
12913,Coastal,2018-05-08,31.6,830.44,4.13,0.21
12914,Coastal,2018-05-09,30.56,844.22,5.41,0.15
12915,Coastal,2018-05-10,28.93,700.81,5.67,1.19
12916,Coastal,2018-05-11,29.24,762.24,4.34,0.02
12917,Coastal,2018-05-12,29.65,775.91,5.04,0.24
12918,Coastal,2018-05-13,28.01,744.79,4.44,0.05
12919,Coastal,2018-05-14,29.46,783.45,5.84,0.05
12920,Coastal,2018-05-15,27.67,780.84,4.41,0.0
12921,Coastal,2018-05-16,30.18,862.31,4.27,0.0
12922,Coastal,2018-05-17,30.28,884.18,6.07,0.04
12923,Coastal,2018-05-18,31.44,694.8,4.87,0.04
12924,Coastal,2018-05-19,29.6,837.06,5.54,0.0
12925,Coastal,2018-05-20,29.41,735.55,8.26,1.26
12926,Coastal,2018-05-21,27.15,682.35,1.51,0.14
12927,Coastal,2018-05-22,28.6,741.18,2.93,0.1
12928,Coastal,2018-05-23,26.51,669.99,3.05,0.02
12929,Coastal,2018-05-24,25.02,681.17,3.14,0.08
12930,Coastal,2018-05-25,27.76,592.76,6.54,0.13
12931,Coastal,2018-05-26,27.14,682.77,0.38,6.24
12932,Coastal,2018-05-27,29.23,746.75,5.08,0.14
12933,Coastal,2018-05-28,25.94,725.52,2.04,0.0
12934,Coastal,2018-05-29,33.35,692.67,4.36,0.23
12935,Coastal,2018-05-30,26.62,798.16,4.69,0.09
12936,Coastal,2018-05-31,27.29,825.55,5.65,0.12
12937,Coastal,2018-06-01,26.15,690.23,3.87,0.22
12938,Coastal,2018-06-02,28.69,773.7,3.99,0.18
12939,Coastal,2018-06-03,26.55,669.28,1.16,0.14
12940,Coastal,2018-06-04,24.87,643.81,7.64,0.36
12941,Coastal,2018-06-05,23.01,709.02,4.66,0.04
12942,Coastal,2018-06-06,27.67,621.86,4.85,0.02
12943,Coastal,2018-06-07,27.66,434.04,5.78,1.82
12944,Coastal,2018-06-08,26.89,597.38,4.06,0.12
12945,Coastal,2018-06-09,25.62,492.86,4.78,0.16
12946,Coastal,2018-06-10,25.25,577.48,5.21,0.36
12947,Coastal,2018-06-11,27.28,560.07,1.91,0.58
12948,Coastal,2018-06-12,25.36,555.69,4.91,0.16
12949,Coastal,2018-06-13,27.65,509.81,7.21,0.33
12950,Coastal,2018-06-14,25.04,493.11,6.71,0.16
12951,Coastal,2018-06-15,24.8,532.31,6.38,0.01
12952,Coastal,2018-06-16,25.65,549.42,6.94,0.62
12953,Coastal,2018-06-17,27.52,550.26,2.17,0.34
12954,Coastal,2018-06-18,26.93,589.81,3.27,0.28
12955,Coastal,2018-06-19,24.31,620.57,2.68,0.12
12956,Coastal,2018-06-20,23.49,478.22,9.28,0.57
12957,Coastal,2018-06-21,21.65,483.96,4.4,0.13
12958,Coastal,2018-06-22,25.28,682.02,1.91,0.26
12959,Coastal,2018-06-23,20.16,604.33,2.37,0.02
12960,Coastal,2018-06-24,26.97,476.58,4.18,0.05
12961,Coastal,2018-06-25,25.07,433.22,1.97,0.11
12962,Coastal,2018-06-26,21.72,488.48,6.81,0.17
12963,Coastal,2018-06-27,25.51,502.96,5.19,0.33
12964,Coastal,2018-06-28,23.97,572.61,4.47,0.06
12965,Coastal,2018-06-29,23.64,328.75,2.42,0.3
12966,Coastal,2018-06-30,22.0,430.58,2.02,0.44
12967,Coastal,2018-07-01,23.46,646.58,4.52,0.34
12968,Coastal,2018-07-02,19.35,498.72,4.21,0.19
12969,Coastal,2018-07-03,22.14,497.24,2.08,0.33
12970,Coastal,2018-07-04,20.48,441.94,3.92,0.42
12971,Coastal,2018-07-05,21.09,545.03,3.93,0.16
12972,Coastal,2018-07-06,20.12,332.48,5.11,0.33
12973,Coastal,2018-07-07,20.05,437.64,7.17,0.11
12974,Coastal,2018-07-08,23.73,300.01,0.89,0.74
12975,Coastal,2018-07-09,18.12,459.79,5.22,0.01
12976,Coastal,2018-07-10,21.63,420.58,2.98,2.15
12977,Coastal,2018-07-11,18.38,320.77,4.66,0.03
12978,Coastal,2018-07-12,23.12,526.91,4.23,0.06
12979,Coastal,2018-07-13,21.16,496.2,4.79,0.38
12980,Coastal,2018-07-14,17.33,518.33,2.18,0.02
12981,Coastal,2018-07-15,20.64,310.38,5.51,0.51
12982,Coastal,2018-07-16,18.41,345.6,4.12,0.7
12983,Coastal,2018-07-17,20.09,517.07,6.16,0.4
12984,Coastal,2018-07-18,16.81,480.77,6.47,0.09
12985,Coastal,2018-07-19,21.77,523.27,4.45,0.01
12986,Coastal,2018-07-20,15.14,386.87,5.59,0.04
12987,Coastal,2018-07-21,17.36,392.43,5.47,0.3
12988,Coastal,2018-07-22,16.65,445.61,6.13,0.07
12989,Coastal,2018-07-23,19.41,283.4,6.03,0.45
12990,Coastal,2018-07-24,17.51,402.35,2.4,0.36
12991,Coastal,2018-07-25,17.97,584.73,4.58,0.27
12992,Coastal,2018-07-26,16.89,348.57,2.09,1.18
12993,Coastal,2018-07-27,15.28,244.23,3.41,0.12
12994,Coastal,2018-07-28,17.41,400.73,3.48,0.05
12995,Coastal,2018-07-29,15.11,291.14,5.1,0.18
12996,Coastal,2018-07-30,13.9,350.09,3.89,0.36
12997,Coastal,2018-07-31,18.66,441.12,4.01,0.52
12998,Coastal,2018-08-01,14.78,394.28,5.77,0.01
12999,Coastal,2018-08-02,20.02,306.1,5.61,0.11
13000,Coastal,2018-08-03,19.8,407.86,4.72,0.19
13001,Coastal,2018-08-04,18.59,202.99,5.45,0.08
13002,Coastal,2018-08-05,14.4,347.89,5.31,0.38
13003,Coastal,2018-08-06,20.78,297.15,7.31,0.3
13004,Coastal,2018-08-07,11.69,134.89,4.07,0.31
13005,Coastal,2018-08-08,14.49,222.66,3.27,0.26
13006,Coastal,2018-08-09,17.78,314.25,4.73,0.46
13007,Coastal,2018-08-10,17.49,371.11,3.02,0.68
13008,Coastal,2018-08-11,14.4,309.13,3.91,0.31
13009,Coastal,2018-08-12,14.15,279.77,5.16,0.0
13010,Coastal,2018-08-13,15.16,364.36,3.75,4.38
13011,Coastal,2018-08-14,15.29,317.71,4.19,0.5
13012,Coastal,2018-08-15,14.4,371.8,4.15,0.37
13013,Coastal,2018-08-16,18.53,334.28,3.93,0.18
13014,Coastal,2018-08-17,13.73,227.73,2.96,0.16
13015,Coastal,2018-08-18,17.91,334.81,6.15,0.03
13016,Coastal,2018-08-19,15.67,354.51,6.71,0.01
13017,Coastal,2018-08-20,16.78,386.21,6.11,0.06
13018,Coastal,2018-08-21,11.64,228.66,6.12,0.03
13019,Coastal,2018-08-22,16.58,238.48,4.11,0.16
13020,Coastal,2018-08-23,16.4,334.74,5.03,0.08
13021,Coastal,2018-08-24,12.98,328.47,3.62,0.49
13022,Coastal,2018-08-25,15.9,217.23,4.62,0.01
13023,Coastal,2018-08-26,11.15,201.24,4.78,0.16
13024,Coastal,2018-08-27,13.06,217.45,2.8,0.21
13025,Coastal,2018-08-28,16.25,255.56,5.1,0.08
13026,Coastal,2018-08-29,13.45,175.4,4.13,0.03
13027,Coastal,2018-08-30,13.2,277.28,5.36,0.24
13028,Coastal,2018-08-31,16.45,102.91,4.64,0.03
13029,Coastal,2018-09-01,9.65,171.95,5.54,0.34
13030,Coastal,2018-09-02,13.12,250.72,6.1,0.16
13031,Coastal,2018-09-03,13.26,160.03,3.2,0.05
13032,Coastal,2018-09-04,11.72,197.78,4.63,0.46
13033,Coastal,2018-09-05,15.99,218.81,4.17,0.03
13034,Coastal,2018-09-06,11.34,396.5,6.94,0.18
13035,Coastal,2018-09-07,11.3,120.24,7.75,0.19
13036,Coastal,2018-09-08,8.08,241.57,5.3,0.01
13037,Coastal,2018-09-09,15.19,138.8,5.88,0.19
13038,Coastal,2018-09-10,12.24,133.95,3.09,0.24
13039,Coastal,2018-09-11,12.19,147.17,5.79,0.48
13040,Coastal,2018-09-12,12.36,202.97,4.98,0.25
13041,Coastal,2018-09-13,15.12,328.6,7.44,0.13
13042,Coastal,2018-09-14,15.91,306.37,5.09,0.38
13043,Coastal,2018-09-15,9.17,174.3,4.23,0.09
13044,Coastal,2018-09-16,11.67,188.3,3.48,1.93
13045,Coastal,2018-09-17,10.28,255.67,5.8,0.37
13046,Coastal,2018-09-18,12.06,211.81,4.75,0.19
13047,Coastal,2018-09-19,12.29,155.18,7.42,0.42
13048,Coastal,2018-09-20,9.0,258.04,6.58,0.18
13049,Coastal,2018-09-21,13.15,333.89,5.51,0.47
13050,Coastal,2018-09-22,11.49,288.07,6.64,0.2
13051,Coastal,2018-09-23,13.92,311.19,8.35,1.83
13052,Coastal,2018-09-24,12.4,190.87,4.03,0.08
13053,Coastal,2018-09-25,8.89,114.86,4.85,0.07
13054,Coastal,2018-09-26,13.53,40.98,8.75,0.06
13055,Coastal,2018-09-27,9.61,34.87,4.74,0.14
13056,Coastal,2018-09-28,9.82,184.07,6.9,0.11
13057,Coastal,2018-09-29,11.64,240.68,7.72,0.39
13058,Coastal,2018-09-30,11.7,267.47,5.95,0.02
13059,Coastal,2018-10-01,8.76,219.45,7.04,0.16
13060,Coastal,2018-10-02,11.98,142.34,5.6,0.1
13061,Coastal,2018-10-03,12.1,252.58,8.8,0.55
13062,Coastal,2018-10-04,12.03,104.62,5.45,0.31
13063,Coastal,2018-10-05,8.92,112.5,4.71,0.11
13064,Coastal,2018-10-06,12.6,250.26,7.51,0.2
13065,Coastal,2018-10-07,13.57,103.08,7.28,0.27
13066,Coastal,2018-10-08,9.66,141.11,6.47,0.01
13067,Coastal,2018-10-09,10.22,124.81,6.33,0.22
13068,Coastal,2018-10-10,13.97,217.33,5.57,0.15
13069,Coastal,2018-10-11,15.59,251.71,5.25,0.21
13070,Coastal,2018-10-12,12.12,254.72,5.48,0.62
13071,Coastal,2018-10-13,11.59,160.22,6.89,0.78
13072,Coastal,2018-10-14,12.93,194.34,6.14,0.61
13073,Coastal,2018-10-15,15.28,267.79,4.25,0.47
13074,Coastal,2018-10-16,10.91,167.85,5.89,0.01
13075,Coastal,2018-10-17,11.69,138.63,6.23,0.38
13076,Coastal,2018-10-18,11.69,161.8,7.35,0.3
13077,Coastal,2018-10-19,9.93,166.05,7.06,0.14
13078,Coastal,2018-10-20,14.52,218.78,9.28,0.08
13079,Coastal,2018-10-21,13.39,215.89,5.21,0.28
13080,Coastal,2018-10-22,8.9,206.46,7.54,0.11
13081,Coastal,2018-10-23,12.97,157.73,7.7,0.21
13082,Coastal,2018-10-24,16.39,149.13,7.2,0.22
13083,Coastal,2018-10-25,13.68,277.7,6.37,0.16
13084,Coastal,2018-10-26,16.41,255.35,5.82,0.42
13085,Coastal,2018-10-27,12.15,195.33,6.81,0.08
13086,Coastal,2018-10-28,15.28,227.85,4.22,0.13
13087,Coastal,2018-10-29,16.06,331.75,5.55,0.28
13088,Coastal,2018-10-30,13.37,231.48,5.5,0.25
13089,Coastal,2018-10-31,12.77,239.26,7.75,0.17
13090,Coastal,2018-11-01,15.88,364.56,7.96,0.06
13091,Coastal,2018-11-02,14.85,330.68,5.45,0.07
13092,Coastal,2018-11-03,15.77,196.55,5.12,0.27
13093,Coastal,2018-11-04,14.79,336.28,4.92,0.0
13094,Coastal,2018-11-05,13.9,239.96,8.61,0.21
13095,Coastal,2018-11-06,13.98,172.49,8.54,0.06
13096,Coastal,2018-11-07,13.55,363.93,8.17,1.12
13097,Coastal,2018-11-08,15.16,205.96,9.48,0.04
13098,Coastal,2018-11-09,14.11,225.11,9.92,0.09
13099,Coastal,2018-11-10,15.08,238.67,5.79,1.4
13100,Coastal,2018-11-11,13.1,435.47,6.71,0.28
13101,Coastal,2018-11-12,13.1,199.75,8.5,0.05
13102,Coastal,2018-11-13,16.08,231.16,3.21,0.09
13103,Coastal,2018-11-14,15.81,255.52,7.0,0.14
13104,Coastal,2018-11-15,14.29,328.68,8.85,0.18
13105,Coastal,2018-11-16,18.03,284.6,6.91,1.36
13106,Coastal,2018-11-17,13.76,240.5,8.55,0.0
13107,Coastal,2018-11-18,16.4,347.57,4.48,0.02
13108,Coastal,2018-11-19,16.57,410.03,7.93,0.17
13109,Coastal,2018-11-20,15.89,175.56,6.83,0.04
13110,Coastal,2018-11-21,18.45,254.85,7.21,0.01
13111,Coastal,2018-11-22,19.3,354.34,6.14,0.51
13112,Coastal,2018-11-23,13.88,218.83,9.99,0.04
13113,Coastal,2018-11-24,11.77,309.19,7.71,0.02
13114,Coastal,2018-11-25,15.48,427.42,7.85,0.13
13115,Coastal,2018-11-26,14.64,379.8,10.74,0.57
13116,Coastal,2018-11-27,15.87,375.95,6.28,3.34
13117,Coastal,2018-11-28,20.53,398.39,7.9,1.13
13118,Coastal,2018-11-29,22.43,368.97,6.68,0.04
13119,Coastal,2018-11-30,15.29,320.42,6.63,0.0
13120,Coastal,2018-12-01,17.78,429.06,8.2,0.08
13121,Coastal,2018-12-02,17.89,318.31,7.33,0.03
13122,Coastal,2018-12-03,18.33,348.01,10.74,0.28
13123,Coastal,2018-12-04,15.05,233.06,10.46,3.48
13124,Coastal,2018-12-05,20.41,331.95,7.56,0.02
13125,Coastal,2018-12-06,19.9,381.13,5.51,0.1
13126,Coastal,2018-12-07,17.3,381.67,7.39,0.47
13127,Coastal,2018-12-08,20.88,458.21,9.42,1.3
13128,Coastal,2018-12-09,15.69,354.05,6.53,0.41
13129,Coastal,2018-12-10,15.35,362.09,10.28,0.51
13130,Coastal,2018-12-11,19.43,355.45,8.75,0.11
13131,Coastal,2018-12-12,19.92,422.93,6.14,0.24
13132,Coastal,2018-12-13,18.89,532.23,6.91,0.25
13133,Coastal,2018-12-14,21.6,228.63,7.14,0.2
13134,Coastal,2018-12-15,18.24,379.4,6.72,0.39
13135,Coastal,2018-12-16,22.13,395.32,6.22,0.36
13136,Coastal,2018-12-17,21.46,257.87,7.08,0.29
13137,Coastal,2018-12-18,23.78,423.5,7.38,0.12
13138,Coastal,2018-12-19,16.67,410.2,9.91,0.11
13139,Coastal,2018-12-20,19.42,408.42,8.62,0.0
13140,Coastal,2018-12-21,18.75,360.34,8.72,1.85
13141,Coastal,2018-12-22,22.28,446.72,8.5,0.07
13142,Coastal,2018-12-23,24.04,365.5,6.79,0.13
13143,Coastal,2018-12-24,20.32,396.57,9.71,0.11
13144,Coastal,2018-12-25,22.44,453.11,7.34,0.23
13145,Coastal,2018-12-26,24.3,555.94,7.49,0.49
13146,Coastal,2018-12-27,22.24,512.19,8.56,0.04
13147,Coastal,2018-12-28,23.16,533.62,11.75,2.03
13148,Coastal,2018-12-29,17.96,646.6,7.15,0.04
13149,Coastal,2018-12-30,25.23,530.07,5.56,0.01
13150,Coastal,2018-12-31,21.67,416.25,8.43,0.22
13151,Coastal,2019-01-01,27.78,460.14,9.03,0.12
13152,Coastal,2019-01-02,20.91,441.76,7.35,0.11
13153,Coastal,2019-01-03,23.74,504.63,7.11,1.59
13154,Coastal,2019-01-04,24.61,487.73,6.09,0.22
13155,Coastal,2019-01-05,18.13,450.38,8.5,0.3
13156,Coastal,2019-01-06,26.86,604.85,10.91,0.1
13157,Coastal,2019-01-07,24.96,615.71,10.55,0.13
13158,Coastal,2019-01-08,20.65,555.54,8.43,2.0
13159,Coastal,2019-01-09,24.55,466.14,7.35,0.11
13160,Coastal,2019-01-10,24.71,561.11,8.54,0.66
13161,Coastal,2019-01-11,23.88,507.52,7.48,0.2
13162,Coastal,2019-01-12,23.13,664.39,7.0,0.28
13163,Coastal,2019-01-13,24.35,470.92,8.19,0.14
13164,Coastal,2019-01-14,26.38,624.21,9.86,0.11
13165,Coastal,2019-01-15,26.47,627.53,7.65,0.02
13166,Coastal,2019-01-16,25.01,653.3,7.62,0.03
13167,Coastal,2019-01-17,25.61,602.25,7.52,0.85
13168,Coastal,2019-01-18,25.07,565.07,9.09,0.19
13169,Coastal,2019-01-19,23.54,787.83,9.17,0.84
13170,Coastal,2019-01-20,25.53,531.09,6.27,0.39
13171,Coastal,2019-01-21,24.34,663.55,7.61,0.37
13172,Coastal,2019-01-22,23.98,612.39,9.52,0.07
13173,Coastal,2019-01-23,21.29,643.13,7.34,0.11
13174,Coastal,2019-01-24,25.47,647.45,9.92,0.02
13175,Coastal,2019-01-25,28.01,538.56,8.85,0.17
13176,Coastal,2019-01-26,29.04,522.45,10.44,0.01
13177,Coastal,2019-01-27,27.65,532.29,7.32,0.12
13178,Coastal,2019-01-28,24.32,603.38,8.82,0.17
13179,Coastal,2019-01-29,26.75,663.48,8.86,0.05
13180,Coastal,2019-01-30,24.9,593.14,9.36,0.3
13181,Coastal,2019-01-31,31.18,537.69,8.25,0.22
13182,Coastal,2019-02-01,26.73,730.51,9.37,0.03
13183,Coastal,2019-02-02,26.66,538.31,6.74,0.82
13184,Coastal,2019-02-03,29.64,704.11,7.58,0.16
13185,Coastal,2019-02-04,27.86,609.9,5.42,0.01
13186,Coastal,2019-02-05,30.22,771.65,7.22,0.09
13187,Coastal,2019-02-06,25.97,636.37,6.33,0.78
13188,Coastal,2019-02-07,28.53,541.7,8.08,0.47
13189,Coastal,2019-02-08,29.51,683.45,9.05,0.16
13190,Coastal,2019-02-09,23.39,623.4,8.39,0.39
13191,Coastal,2019-02-10,27.39,759.46,8.69,0.19
13192,Coastal,2019-02-11,27.66,724.87,7.64,0.0
13193,Coastal,2019-02-12,29.13,652.01,7.27,0.28
13194,Coastal,2019-02-13,28.52,625.9,5.69,0.11
13195,Coastal,2019-02-14,29.86,622.03,4.54,0.1
13196,Coastal,2019-02-15,28.92,666.62,5.14,0.1
13197,Coastal,2019-02-16,31.8,826.19,6.39,0.18
13198,Coastal,2019-02-17,33.85,709.12,8.72,0.25
13199,Coastal,2019-02-18,26.74,799.85,5.49,0.21
13200,Coastal,2019-02-19,29.9,609.02,6.07,0.28
13201,Coastal,2019-02-20,32.14,577.15,6.57,0.25
13202,Coastal,2019-02-21,28.67,658.45,9.18,0.03
13203,Coastal,2019-02-22,30.74,789.85,7.17,0.71
13204,Coastal,2019-02-23,29.52,717.3,7.4,0.13
13205,Coastal,2019-02-24,28.38,814.64,7.78,0.02
13206,Coastal,2019-02-25,28.45,847.55,9.23,0.17
13207,Coastal,2019-02-26,25.64,672.77,7.24,0.17
13208,Coastal,2019-02-27,31.01,818.93,4.44,0.01
13209,Coastal,2019-02-28,31.23,865.99,7.24,0.01
13210,Coastal,2019-03-01,28.95,840.31,9.19,1.11
13211,Coastal,2019-03-02,30.39,632.72,7.96,0.1
13212,Coastal,2019-03-03,28.15,614.37,7.29,0.06
13213,Coastal,2019-03-04,32.18,729.33,7.47,0.79
13214,Coastal,2019-03-05,30.39,734.73,4.15,0.0
13215,Coastal,2019-03-06,32.81,837.32,3.91,0.0
13216,Coastal,2019-03-07,30.7,694.69,8.18,0.02
13217,Coastal,2019-03-08,29.44,807.5,8.74,1.62
13218,Coastal,2019-03-09,30.41,689.64,5.84,0.06
13219,Coastal,2019-03-10,34.56,805.87,7.04,0.14
13220,Coastal,2019-03-11,35.8,743.58,7.65,0.25
13221,Coastal,2019-03-12,28.66,810.64,9.17,0.16
13222,Coastal,2019-03-13,33.54,754.57,6.53,0.14
13223,Coastal,2019-03-14,29.56,608.72,7.72,0.1
13224,Coastal,2019-03-15,30.31,827.59,9.57,0.11
13225,Coastal,2019-03-16,32.3,881.94,6.13,0.21
13226,Coastal,2019-03-17,32.91,722.85,6.62,0.37
13227,Coastal,2019-03-18,30.52,855.78,4.83,0.08
13228,Coastal,2019-03-19,33.23,743.16,4.87,0.15
13229,Coastal,2019-03-20,34.42,685.36,7.73,0.39
13230,Coastal,2019-03-21,33.54,745.49,8.18,0.04
13231,Coastal,2019-03-22,30.18,780.64,8.1,0.78
13232,Coastal,2019-03-23,31.25,690.57,4.77,0.28
13233,Coastal,2019-03-24,33.92,904.95,5.97,0.09
13234,Coastal,2019-03-25,35.3,675.2,6.97,0.09
13235,Coastal,2019-03-26,29.67,754.95,2.8,0.05
13236,Coastal,2019-03-27,32.84,725.0,6.87,0.06
13237,Coastal,2019-03-28,33.71,907.5,8.97,0.18
13238,Coastal,2019-03-29,29.46,678.94,7.82,0.0
13239,Coastal,2019-03-30,34.3,865.79,2.46,0.02
13240,Coastal,2019-03-31,36.5,815.7,6.64,4.3
13241,Coastal,2019-04-01,33.6,700.18,6.33,0.05
13242,Coastal,2019-04-02,33.4,771.85,6.38,0.35
13243,Coastal,2019-04-03,30.76,785.26,6.1,0.19
13244,Coastal,2019-04-04,31.28,846.46,5.42,0.12
13245,Coastal,2019-04-05,30.96,747.78,2.38,0.26
13246,Coastal,2019-04-06,30.47,849.51,6.3,0.01
13247,Coastal,2019-04-07,31.74,802.43,6.74,0.28
13248,Coastal,2019-04-08,32.82,834.07,4.94,0.39
13249,Coastal,2019-04-09,30.47,726.84,7.62,0.07
13250,Coastal,2019-04-10,31.46,777.31,3.24,0.07
13251,Coastal,2019-04-11,32.77,804.6,3.08,0.02
13252,Coastal,2019-04-12,27.87,801.41,5.76,0.39
13253,Coastal,2019-04-13,33.97,790.72,4.58,0.33
13254,Coastal,2019-04-14,32.46,960.19,7.02,0.11
13255,Coastal,2019-04-15,32.45,837.58,4.89,0.09
13256,Coastal,2019-04-16,34.26,848.58,7.53,0.11
13257,Coastal,2019-04-17,33.78,808.79,4.38,0.11
13258,Coastal,2019-04-18,33.07,830.28,5.65,0.11
13259,Coastal,2019-04-19,32.37,801.99,2.42,0.03
13260,Coastal,2019-04-20,31.73,929.93,5.29,0.0
13261,Coastal,2019-04-21,30.54,778.02,5.44,0.29
13262,Coastal,2019-04-22,29.72,847.57,7.12,0.08
13263,Coastal,2019-04-23,32.35,946.04,3.0,0.14
13264,Coastal,2019-04-24,32.3,829.53,4.81,0.07
13265,Coastal,2019-04-25,31.73,752.52,7.38,0.1
13266,Coastal,2019-04-26,28.69,714.46,7.55,0.08
13267,Coastal,2019-04-27,25.99,731.36,3.89,0.09
13268,Coastal,2019-04-28,31.34,800.09,4.08,0.12
13269,Coastal,2019-04-29,27.48,909.16,2.53,0.36
13270,Coastal,2019-04-30,31.71,812.29,1.87,0.08
13271,Coastal,2019-05-01,34.89,730.59,4.44,0.02
13272,Coastal,2019-05-02,31.56,734.55,4.02,0.28
13273,Coastal,2019-05-03,29.94,744.34,8.05,0.09
13274,Coastal,2019-05-04,28.63,646.32,5.45,0.49
13275,Coastal,2019-05-05,29.48,714.16,4.59,0.64
13276,Coastal,2019-05-06,30.46,707.78,5.86,0.41
13277,Coastal,2019-05-07,32.58,967.21,6.39,0.05
13278,Coastal,2019-05-08,30.62,816.09,6.64,0.06
13279,Coastal,2019-05-09,29.65,653.01,5.18,0.32
13280,Coastal,2019-05-10,31.47,610.16,4.73,0.12
13281,Coastal,2019-05-11,32.97,627.98,4.97,0.07
13282,Coastal,2019-05-12,30.54,842.26,4.62,0.07
13283,Coastal,2019-05-13,30.18,617.88,3.89,0.17
13284,Coastal,2019-05-14,26.36,851.15,6.22,0.45
13285,Coastal,2019-05-15,26.84,738.05,4.34,0.19
13286,Coastal,2019-05-16,26.47,695.62,3.09,0.97
13287,Coastal,2019-05-17,28.94,620.1,4.61,0.27
13288,Coastal,2019-05-18,27.54,809.09,5.63,0.29
13289,Coastal,2019-05-19,28.09,747.93,2.35,0.48
13290,Coastal,2019-05-20,27.26,772.43,4.11,0.04
13291,Coastal,2019-05-21,27.31,674.75,3.29,0.84
13292,Coastal,2019-05-22,24.98,745.95,7.74,0.08
13293,Coastal,2019-05-23,29.0,807.16,4.58,0.07
13294,Coastal,2019-05-24,29.82,732.21,6.75,0.14
13295,Coastal,2019-05-25,28.43,596.03,4.77,0.06
13296,Coastal,2019-05-26,28.88,717.93,4.88,0.05
13297,Coastal,2019-05-27,28.94,732.52,4.27,0.68
13298,Coastal,2019-05-28,28.72,802.03,4.01,0.02
13299,Coastal,2019-05-29,29.42,710.37,4.21,0.92
13300,Coastal,2019-05-30,29.96,747.34,3.32,0.19
13301,Coastal,2019-05-31,30.59,704.12,4.27,0.64
13302,Coastal,2019-06-01,23.43,541.97,1.83,0.46
13303,Coastal,2019-06-02,28.07,712.23,4.51,0.21
13304,Coastal,2019-06-03,24.56,650.95,2.43,0.18
13305,Coastal,2019-06-04,29.64,796.53,4.36,0.98
13306,Coastal,2019-06-05,26.81,517.01,4.69,0.14
13307,Coastal,2019-06-06,27.07,536.93,6.32,0.04
13308,Coastal,2019-06-07,26.6,680.84,4.65,0.99
13309,Coastal,2019-06-08,26.63,739.01,3.76,0.08
13310,Coastal,2019-06-09,29.34,603.69,3.2,0.02
13311,Coastal,2019-06-10,28.37,599.32,5.21,0.25
13312,Coastal,2019-06-11,28.94,620.26,3.97,0.12
13313,Coastal,2019-06-12,25.18,560.09,2.98,0.1
13314,Coastal,2019-06-13,21.15,672.94,4.33,0.2
13315,Coastal,2019-06-14,26.73,550.4,1.3,0.01
13316,Coastal,2019-06-15,22.84,640.1,4.2,1.2
13317,Coastal,2019-06-16,24.18,473.24,2.9,0.14
13318,Coastal,2019-06-17,24.62,711.59,3.57,0.13
13319,Coastal,2019-06-18,24.58,399.46,7.05,0.46
13320,Coastal,2019-06-19,25.69,479.0,3.32,0.36
13321,Coastal,2019-06-20,22.39,739.28,5.22,0.15
13322,Coastal,2019-06-21,25.32,562.01,5.61,0.17
13323,Coastal,2019-06-22,23.52,496.06,5.31,0.33
13324,Coastal,2019-06-23,28.93,441.57,4.58,0.11
13325,Coastal,2019-06-24,20.38,503.74,2.36,1.11
13326,Coastal,2019-06-25,23.64,556.68,3.04,0.78
13327,Coastal,2019-06-26,24.45,567.3,2.26,0.14
13328,Coastal,2019-06-27,22.22,549.0,3.48,0.84
13329,Coastal,2019-06-28,21.73,375.16,3.49,0.0
13330,Coastal,2019-06-29,25.35,524.02,2.63,0.11
13331,Coastal,2019-06-30,24.21,534.86,4.82,0.53
13332,Coastal,2019-07-01,20.76,530.47,3.26,0.53
13333,Coastal,2019-07-02,19.22,499.77,3.46,0.28
13334,Coastal,2019-07-03,23.19,393.94,1.65,0.18
13335,Coastal,2019-07-04,22.49,413.37,4.11,0.23
13336,Coastal,2019-07-05,22.81,578.98,3.86,0.06
13337,Coastal,2019-07-06,21.23,414.73,3.11,0.13
13338,Coastal,2019-07-07,23.04,413.88,4.58,0.15
13339,Coastal,2019-07-08,24.35,442.8,4.19,0.01
13340,Coastal,2019-07-09,24.04,364.04,4.9,0.4
13341,Coastal,2019-07-10,19.17,506.96,4.97,0.12
13342,Coastal,2019-07-11,25.64,349.68,5.1,2.29
13343,Coastal,2019-07-12,21.79,532.79,6.54,0.1
13344,Coastal,2019-07-13,17.45,333.41,4.23,0.11
13345,Coastal,2019-07-14,21.01,413.58,2.63,0.06
13346,Coastal,2019-07-15,20.43,458.41,3.41,0.21
13347,Coastal,2019-07-16,19.57,489.14,3.46,0.8
13348,Coastal,2019-07-17,19.23,402.9,2.69,0.49
13349,Coastal,2019-07-18,20.87,359.71,0.31,0.11
13350,Coastal,2019-07-19,20.72,524.51,4.44,0.21
13351,Coastal,2019-07-20,17.97,420.59,4.15,0.25
13352,Coastal,2019-07-21,17.91,387.53,6.98,0.08
13353,Coastal,2019-07-22,17.66,250.83,6.9,0.43
13354,Coastal,2019-07-23,18.3,406.81,5.16,0.1
13355,Coastal,2019-07-24,20.27,386.29,4.99,0.2
13356,Coastal,2019-07-25,20.74,273.45,2.92,0.19
13357,Coastal,2019-07-26,17.75,314.7,4.46,0.11
13358,Coastal,2019-07-27,20.22,379.97,4.01,0.04
13359,Coastal,2019-07-28,18.75,405.24,4.42,0.18
13360,Coastal,2019-07-29,17.98,281.76,3.07,0.09
13361,Coastal,2019-07-30,21.29,277.95,4.86,0.1
13362,Coastal,2019-07-31,18.07,363.37,2.2,0.14
13363,Coastal,2019-08-01,16.99,282.33,8.82,0.23
13364,Coastal,2019-08-02,18.78,329.13,6.46,0.26
13365,Coastal,2019-08-03,14.5,482.81,6.3,0.56
13366,Coastal,2019-08-04,16.38,333.02,2.41,0.03
13367,Coastal,2019-08-05,17.2,413.94,1.91,1.57
13368,Coastal,2019-08-06,17.97,228.23,4.77,0.22
13369,Coastal,2019-08-07,16.88,262.24,3.93,0.32
13370,Coastal,2019-08-08,13.68,256.39,7.17,0.38
13371,Coastal,2019-08-09,14.35,227.1,5.37,2.4
13372,Coastal,2019-08-10,15.12,169.9,4.38,0.06
13373,Coastal,2019-08-11,16.33,322.83,6.69,0.07
13374,Coastal,2019-08-12,13.13,334.4,4.76,0.15
13375,Coastal,2019-08-13,18.41,223.93,4.86,5.93
13376,Coastal,2019-08-14,16.09,236.16,6.1,0.05
13377,Coastal,2019-08-15,15.91,298.25,3.54,0.36
13378,Coastal,2019-08-16,14.87,289.99,6.11,0.0
13379,Coastal,2019-08-17,12.21,367.34,5.46,0.27
13380,Coastal,2019-08-18,15.16,371.83,3.25,0.08
13381,Coastal,2019-08-19,16.36,224.17,7.59,0.21
13382,Coastal,2019-08-20,14.44,268.79,4.0,0.02
13383,Coastal,2019-08-21,16.77,190.77,2.26,0.03
13384,Coastal,2019-08-22,14.4,387.71,3.57,0.16
13385,Coastal,2019-08-23,15.81,285.61,3.21,0.22
13386,Coastal,2019-08-24,14.09,340.65,5.08,0.02
13387,Coastal,2019-08-25,14.96,228.99,7.25,0.51
13388,Coastal,2019-08-26,15.84,336.7,5.22,0.03
13389,Coastal,2019-08-27,11.85,311.64,7.25,0.1
13390,Coastal,2019-08-28,15.21,351.53,6.5,1.25
13391,Coastal,2019-08-29,15.93,138.92,0.93,0.07
13392,Coastal,2019-08-30,18.11,249.69,6.31,0.19
13393,Coastal,2019-08-31,13.78,328.86,4.12,0.06
13394,Coastal,2019-09-01,9.36,163.63,5.79,0.27
13395,Coastal,2019-09-02,9.91,277.75,4.96,1.5
13396,Coastal,2019-09-03,11.62,279.29,9.26,0.07
13397,Coastal,2019-09-04,15.88,287.33,5.77,0.02
13398,Coastal,2019-09-05,17.63,255.69,6.02,0.03
13399,Coastal,2019-09-06,12.35,276.23,6.79,0.14
13400,Coastal,2019-09-07,13.2,259.34,2.97,0.1
13401,Coastal,2019-09-08,7.87,317.51,6.86,0.08
13402,Coastal,2019-09-09,14.27,163.37,4.95,0.17
13403,Coastal,2019-09-10,13.17,246.17,4.26,0.04
13404,Coastal,2019-09-11,12.34,314.68,6.56,0.12
13405,Coastal,2019-09-12,10.86,152.79,3.13,0.23
13406,Coastal,2019-09-13,12.03,158.61,6.81,0.79
13407,Coastal,2019-09-14,9.99,254.33,5.2,0.01
13408,Coastal,2019-09-15,10.91,321.53,5.31,0.02
13409,Coastal,2019-09-16,10.05,198.88,2.13,0.83
13410,Coastal,2019-09-17,10.52,216.01,6.88,0.01
13411,Coastal,2019-09-18,10.2,236.3,5.94,0.33
13412,Coastal,2019-09-19,13.63,167.17,4.9,0.34
13413,Coastal,2019-09-20,10.14,380.62,4.24,0.11
13414,Coastal,2019-09-21,12.31,130.25,6.84,0.36
13415,Coastal,2019-09-22,10.2,210.6,6.22,0.27
13416,Coastal,2019-09-23,10.25,211.16,5.74,0.03
13417,Coastal,2019-09-24,10.15,26.95,4.29,0.39
13418,Coastal,2019-09-25,14.27,134.08,6.26,0.41
13419,Coastal,2019-09-26,11.94,92.83,6.2,0.08
13420,Coastal,2019-09-27,10.8,258.25,7.84,0.3
13421,Coastal,2019-09-28,10.27,64.88,4.11,0.46
13422,Coastal,2019-09-29,9.59,275.49,4.87,0.27
13423,Coastal,2019-09-30,10.83,105.64,8.89,0.02
13424,Coastal,2019-10-01,9.4,276.92,6.3,0.02
13425,Coastal,2019-10-02,11.4,88.35,6.42,0.81
13426,Coastal,2019-10-03,10.86,234.15,7.53,0.16
13427,Coastal,2019-10-04,10.73,275.28,8.83,0.21
13428,Coastal,2019-10-05,14.77,246.65,4.4,0.49
13429,Coastal,2019-10-06,11.82,103.53,9.45,0.0
13430,Coastal,2019-10-07,11.96,292.12,6.15,0.11
13431,Coastal,2019-10-08,14.91,246.0,6.64,0.17
13432,Coastal,2019-10-09,9.65,14.39,6.37,0.0
13433,Coastal,2019-10-10,11.42,212.65,8.56,0.2
13434,Coastal,2019-10-11,9.33,431.35,7.79,0.38
13435,Coastal,2019-10-12,12.6,294.93,6.17,0.01
13436,Coastal,2019-10-13,13.71,166.72,4.73,0.33
13437,Coastal,2019-10-14,7.68,251.29,6.09,0.76
13438,Coastal,2019-10-15,14.29,177.55,4.48,0.51
13439,Coastal,2019-10-16,13.24,291.44,7.86,0.77
13440,Coastal,2019-10-17,12.73,146.52,5.53,0.39
13441,Coastal,2019-10-18,10.22,309.82,6.43,0.29
13442,Coastal,2019-10-19,14.3,288.32,8.38,0.34
13443,Coastal,2019-10-20,16.18,267.73,7.86,0.1
13444,Coastal,2019-10-21,12.06,383.71,7.26,0.13
13445,Coastal,2019-10-22,12.3,300.32,5.52,0.27
13446,Coastal,2019-10-23,13.04,303.46,7.48,0.01
13447,Coastal,2019-10-24,12.26,313.82,5.59,0.18
13448,Coastal,2019-10-25,12.77,282.86,7.55,0.07
13449,Coastal,2019-10-26,15.26,265.03,4.88,0.7
13450,Coastal,2019-10-27,13.14,175.93,8.68,0.66
13451,Coastal,2019-10-28,13.93,179.32,7.2,0.01
13452,Coastal,2019-10-29,17.5,269.34,6.92,0.41
13453,Coastal,2019-10-30,16.44,285.97,7.55,0.02
13454,Coastal,2019-10-31,11.5,241.19,6.82,0.21
13455,Coastal,2019-11-01,17.17,203.84,7.13,0.08
13456,Coastal,2019-11-02,16.53,234.17,8.99,0.02
13457,Coastal,2019-11-03,16.85,243.59,8.67,0.28
13458,Coastal,2019-11-04,12.71,272.65,8.18,0.24
13459,Coastal,2019-11-05,14.48,235.78,7.52,0.2
13460,Coastal,2019-11-06,13.37,349.79,6.69,0.67
13461,Coastal,2019-11-07,14.5,250.74,8.81,0.0
13462,Coastal,2019-11-08,17.86,211.25,5.86,0.57
13463,Coastal,2019-11-09,14.75,259.45,9.93,0.17
13464,Coastal,2019-11-10,11.14,181.06,8.34,0.09
13465,Coastal,2019-11-11,13.94,433.57,9.08,0.22
13466,Coastal,2019-11-12,13.49,328.35,8.03,0.46
13467,Coastal,2019-11-13,18.5,278.36,7.17,0.24
13468,Coastal,2019-11-14,13.41,396.22,8.8,0.17
13469,Coastal,2019-11-15,14.34,270.1,5.29,0.27
13470,Coastal,2019-11-16,14.53,287.49,6.55,0.02
13471,Coastal,2019-11-17,18.6,237.55,7.17,0.2
13472,Coastal,2019-11-18,17.45,222.42,5.41,0.1
13473,Coastal,2019-11-19,16.79,318.38,8.46,0.08
13474,Coastal,2019-11-20,16.25,390.53,9.42,0.14
13475,Coastal,2019-11-21,16.35,239.11,4.98,1.63
13476,Coastal,2019-11-22,16.2,294.24,6.94,0.11
13477,Coastal,2019-11-23,20.3,301.17,7.33,0.24
13478,Coastal,2019-11-24,13.79,383.31,8.09,0.18
13479,Coastal,2019-11-25,10.93,291.25,8.91,0.5
13480,Coastal,2019-11-26,17.49,390.24,7.23,0.12
13481,Coastal,2019-11-27,19.55,391.5,9.08,0.34
13482,Coastal,2019-11-28,17.26,285.64,7.82,0.37
13483,Coastal,2019-11-29,13.08,319.53,6.8,0.62
13484,Coastal,2019-11-30,18.68,353.84,8.07,0.67
13485,Coastal,2019-12-01,15.2,316.91,5.84,0.08
13486,Coastal,2019-12-02,14.92,284.79,7.37,0.68
13487,Coastal,2019-12-03,15.68,479.53,7.51,0.06
13488,Coastal,2019-12-04,14.57,222.92,6.88,0.39
13489,Coastal,2019-12-05,18.35,388.79,11.6,0.29
13490,Coastal,2019-12-06,16.8,484.0,9.77,0.06
13491,Coastal,2019-12-07,15.59,315.1,8.13,2.26
13492,Coastal,2019-12-08,23.17,386.41,8.49,0.76
13493,Coastal,2019-12-09,17.51,461.31,8.63,0.02
13494,Coastal,2019-12-10,18.84,150.5,8.81,0.08
13495,Coastal,2019-12-11,22.0,394.71,10.23,0.24
13496,Coastal,2019-12-12,20.41,277.84,9.29,0.1
13497,Coastal,2019-12-13,23.04,485.59,4.93,0.11
13498,Coastal,2019-12-14,17.99,350.06,9.17,0.14
13499,Coastal,2019-12-15,21.65,561.17,6.67,0.05
13500,Coastal,2019-12-16,20.7,347.0,7.1,0.11
13501,Coastal,2019-12-17,21.87,464.37,9.41,0.05
13502,Coastal,2019-12-18,21.74,363.31,5.16,0.09
13503,Coastal,2019-12-19,18.68,419.48,10.53,0.76
13504,Coastal,2019-12-20,26.04,443.19,9.19,0.24
13505,Coastal,2019-12-21,16.04,450.68,8.47,0.2
13506,Coastal,2019-12-22,19.0,586.1,9.23,0.17
13507,Coastal,2019-12-23,22.26,573.0,9.7,0.18
13508,Coastal,2019-12-24,21.65,403.99,8.32,0.14
13509,Coastal,2019-12-25,21.51,472.5,9.15,0.19
13510,Coastal,2019-12-26,22.84,381.11,6.52,0.09
13511,Coastal,2019-12-27,19.9,368.05,9.21,0.46
13512,Coastal,2019-12-28,23.43,431.16,8.91,0.18
13513,Coastal,2019-12-29,21.67,624.34,10.16,0.55
13514,Coastal,2019-12-30,24.9,359.83,8.26,0.1
13515,Coastal,2019-12-31,21.66,546.1,8.46,0.5
13516,Coastal,2020-01-01,23.38,541.99,6.61,0.67
13517,Coastal,2020-01-02,23.89,450.87,8.0,0.26
13518,Coastal,2020-01-03,24.6,567.08,8.91,0.15
13519,Coastal,2020-01-04,23.03,571.88,9.05,0.25
13520,Coastal,2020-01-05,22.56,522.79,10.56,0.1
13521,Coastal,2020-01-06,21.75,518.9,8.68,0.28
13522,Coastal,2020-01-07,24.45,516.42,7.85,0.05
13523,Coastal,2020-01-08,19.85,473.67,8.82,0.6
13524,Coastal,2020-01-09,24.43,559.52,7.14,0.12
13525,Coastal,2020-01-10,24.75,510.98,9.96,0.02
13526,Coastal,2020-01-11,27.9,569.39,6.92,0.37
13527,Coastal,2020-01-12,23.0,512.73,7.35,0.45
13528,Coastal,2020-01-13,24.87,513.99,6.34,0.26
13529,Coastal,2020-01-14,24.98,528.02,8.07,0.2
13530,Coastal,2020-01-15,22.61,678.13,8.9,0.53
13531,Coastal,2020-01-16,24.98,471.4,10.4,0.19
13532,Coastal,2020-01-17,22.47,728.35,7.83,0.31
13533,Coastal,2020-01-18,27.25,652.92,7.57,0.13
13534,Coastal,2020-01-19,26.66,471.34,3.89,1.3
13535,Coastal,2020-01-20,26.51,554.99,8.22,6.89
13536,Coastal,2020-01-21,24.53,476.29,7.91,0.1
13537,Coastal,2020-01-22,28.81,662.67,7.88,0.25
13538,Coastal,2020-01-23,23.96,717.83,10.1,0.03
13539,Coastal,2020-01-24,26.39,638.78,8.65,0.2
13540,Coastal,2020-01-25,24.1,722.68,7.19,0.08
13541,Coastal,2020-01-26,26.23,644.53,6.44,0.4
13542,Coastal,2020-01-27,29.3,712.15,6.05,0.09
13543,Coastal,2020-01-28,27.85,662.42,7.1,0.12
13544,Coastal,2020-01-29,25.22,644.74,8.32,0.79
13545,Coastal,2020-01-30,26.16,710.03,4.57,0.05
13546,Coastal,2020-01-31,26.6,640.1,7.52,0.17
13547,Coastal,2020-02-01,25.84,773.58,8.91,0.4
13548,Coastal,2020-02-02,28.2,636.16,6.13,0.08
13549,Coastal,2020-02-03,32.16,711.1,7.4,0.0
13550,Coastal,2020-02-04,26.82,613.48,6.16,0.45
13551,Coastal,2020-02-05,31.94,548.38,3.57,0.19
13552,Coastal,2020-02-06,28.21,707.05,6.41,0.05
13553,Coastal,2020-02-07,29.0,538.22,5.99,0.06
13554,Coastal,2020-02-08,29.01,858.55,8.73,0.32
13555,Coastal,2020-02-09,25.23,662.3,8.27,1.03
13556,Coastal,2020-02-10,29.67,688.37,5.96,0.26
13557,Coastal,2020-02-11,24.02,673.69,9.44,0.17
13558,Coastal,2020-02-12,29.43,713.59,8.56,0.31
13559,Coastal,2020-02-13,29.47,733.33,7.07,0.34
13560,Coastal,2020-02-14,26.2,642.65,7.92,0.1
13561,Coastal,2020-02-15,29.52,509.17,5.99,0.46
13562,Coastal,2020-02-16,28.92,629.03,3.69,0.14
13563,Coastal,2020-02-17,29.32,681.81,7.49,0.03
13564,Coastal,2020-02-18,29.45,746.51,5.28,0.05
13565,Coastal,2020-02-19,28.68,742.18,6.96,0.26
13566,Coastal,2020-02-20,30.12,791.08,7.89,0.09
13567,Coastal,2020-02-21,31.81,602.66,4.34,0.3
13568,Coastal,2020-02-22,29.7,665.86,7.53,0.19
13569,Coastal,2020-02-23,30.18,705.13,8.44,0.3
13570,Coastal,2020-02-24,31.68,865.39,4.05,0.02
13571,Coastal,2020-02-25,35.02,964.08,8.2,0.12
13572,Coastal,2020-02-26,30.2,641.48,9.96,1.48
13573,Coastal,2020-02-27,27.27,839.52,6.7,0.47
13574,Coastal,2020-02-28,28.98,761.9,8.16,0.01
13575,Coastal,2020-02-29,32.06,802.12,5.52,0.21
13576,Coastal,2020-03-01,33.97,654.29,8.38,0.18
13577,Coastal,2020-03-02,29.14,871.17,7.73,0.15
13578,Coastal,2020-03-03,31.02,587.53,7.26,0.03
13579,Coastal,2020-03-04,31.23,662.42,7.15,0.27
13580,Coastal,2020-03-05,29.73,748.31,7.46,0.1
13581,Coastal,2020-03-06,34.41,724.65,6.75,0.05
13582,Coastal,2020-03-07,33.74,776.3,5.35,0.38
13583,Coastal,2020-03-08,32.17,721.52,6.56,0.07
13584,Coastal,2020-03-09,30.71,749.73,6.68,0.04
13585,Coastal,2020-03-10,33.52,765.4,4.95,0.07
13586,Coastal,2020-03-11,32.7,764.09,6.52,0.04
13587,Coastal,2020-03-12,30.85,795.57,6.56,0.3
13588,Coastal,2020-03-13,33.72,857.0,5.84,0.04
13589,Coastal,2020-03-14,32.57,726.58,7.11,0.25
13590,Coastal,2020-03-15,28.56,896.15,7.44,0.04
13591,Coastal,2020-03-16,29.94,793.66,5.52,0.05
13592,Coastal,2020-03-17,29.31,891.9,6.71,0.08
13593,Coastal,2020-03-18,34.07,764.83,7.82,0.6
13594,Coastal,2020-03-19,30.64,724.06,4.9,0.49
13595,Coastal,2020-03-20,33.34,800.81,3.89,0.09
13596,Coastal,2020-03-21,36.46,1000.45,4.94,0.08
13597,Coastal,2020-03-22,33.73,686.99,7.11,0.43
13598,Coastal,2020-03-23,31.33,851.17,5.6,0.05
13599,Coastal,2020-03-24,30.71,811.86,4.39,0.11
13600,Coastal,2020-03-25,31.6,830.59,8.12,0.28
13601,Coastal,2020-03-26,30.17,702.32,4.41,0.02
13602,Coastal,2020-03-27,29.96,835.77,5.89,0.22
13603,Coastal,2020-03-28,30.65,823.17,7.22,0.06
13604,Coastal,2020-03-29,33.33,681.09,7.08,1.03
13605,Coastal,2020-03-30,31.23,810.43,6.67,0.23
13606,Coastal,2020-03-31,31.82,780.56,5.01,1.3
13607,Coastal,2020-04-01,33.21,771.67,6.81,1.98
13608,Coastal,2020-04-02,33.72,796.21,5.96,0.46
13609,Coastal,2020-04-03,28.4,886.68,6.52,0.28
13610,Coastal,2020-04-04,28.8,836.03,7.93,0.13
13611,Coastal,2020-04-05,31.47,715.53,4.05,0.01
13612,Coastal,2020-04-06,29.99,838.3,6.38,0.55
13613,Coastal,2020-04-07,33.91,794.43,5.98,0.18
13614,Coastal,2020-04-08,31.25,748.03,7.15,0.15
13615,Coastal,2020-04-09,35.75,697.43,8.37,0.05
13616,Coastal,2020-04-10,31.15,860.34,8.29,0.23
13617,Coastal,2020-04-11,32.72,749.24,6.88,1.05
13618,Coastal,2020-04-12,30.73,866.53,4.7,0.08
13619,Coastal,2020-04-13,33.01,706.68,4.93,0.32
13620,Coastal,2020-04-14,33.01,951.22,6.61,0.07
13621,Coastal,2020-04-15,33.73,1001.08,3.57,0.13
13622,Coastal,2020-04-16,31.64,832.42,5.11,0.05
13623,Coastal,2020-04-17,34.4,891.33,4.32,0.14
13624,Coastal,2020-04-18,32.41,749.83,3.63,0.12
13625,Coastal,2020-04-19,30.47,740.32,5.74,0.01
13626,Coastal,2020-04-20,30.43,878.35,6.52,0.1
13627,Coastal,2020-04-21,33.1,793.18,6.2,0.01
13628,Coastal,2020-04-22,34.11,669.45,5.45,0.12
13629,Coastal,2020-04-23,29.27,783.47,4.71,0.78
13630,Coastal,2020-04-24,32.95,677.53,4.42,0.07
13631,Coastal,2020-04-25,28.4,758.37,6.48,0.14
13632,Coastal,2020-04-26,30.07,854.91,4.37,0.03
13633,Coastal,2020-04-27,32.21,885.5,4.3,0.03
13634,Coastal,2020-04-28,29.46,788.52,5.7,0.09
13635,Coastal,2020-04-29,34.0,871.05,3.58,0.13
13636,Coastal,2020-04-30,32.21,724.72,5.15,0.24
13637,Coastal,2020-05-01,28.54,895.0,4.2,0.12
13638,Coastal,2020-05-02,32.12,698.46,3.95,0.0
13639,Coastal,2020-05-03,28.08,688.84,4.56,0.06
13640,Coastal,2020-05-04,30.64,713.91,6.03,0.03
13641,Coastal,2020-05-05,32.29,688.11,5.14,0.5
13642,Coastal,2020-05-06,31.85,786.36,5.29,0.01
13643,Coastal,2020-05-07,30.16,842.12,5.96,0.01
13644,Coastal,2020-05-08,29.54,740.1,5.73,0.07
13645,Coastal,2020-05-09,27.81,760.6,4.49,0.2
13646,Coastal,2020-05-10,30.38,621.87,5.57,0.09
13647,Coastal,2020-05-11,31.52,736.87,4.46,0.01
13648,Coastal,2020-05-12,33.93,867.46,5.34,0.36
13649,Coastal,2020-05-13,28.77,835.38,6.22,0.24
13650,Coastal,2020-05-14,31.26,631.29,5.41,0.1
13651,Coastal,2020-05-15,30.98,680.25,2.74,0.23
13652,Coastal,2020-05-16,28.37,984.2,3.84,0.06
13653,Coastal,2020-05-17,30.65,741.43,5.53,0.15
13654,Coastal,2020-05-18,27.45,825.46,1.3,0.42
13655,Coastal,2020-05-19,29.47,827.92,5.0,0.02
13656,Coastal,2020-05-20,28.4,607.29,4.89,0.38
13657,Coastal,2020-05-21,29.58,750.53,8.56,1.55
13658,Coastal,2020-05-22,29.6,703.61,5.09,2.98
13659,Coastal,2020-05-23,27.37,823.92,4.26,0.14
13660,Coastal,2020-05-24,28.27,837.46,6.15,0.06
13661,Coastal,2020-05-25,27.89,609.79,3.87,0.09
13662,Coastal,2020-05-26,25.83,947.45,4.43,0.2
13663,Coastal,2020-05-27,27.13,681.4,4.48,0.03
13664,Coastal,2020-05-28,26.57,714.16,5.22,0.43
13665,Coastal,2020-05-29,25.32,447.04,2.92,0.26
13666,Coastal,2020-05-30,25.82,735.48,5.54,0.17
13667,Coastal,2020-05-31,26.77,478.04,3.48,0.01
13668,Coastal,2020-06-01,27.24,634.37,7.34,0.69
13669,Coastal,2020-06-02,24.5,597.12,1.97,0.74
13670,Coastal,2020-06-03,29.23,674.06,3.08,1.21
13671,Coastal,2020-06-04,27.9,646.5,1.16,0.0
13672,Coastal,2020-06-05,26.35,674.46,8.64,0.11
13673,Coastal,2020-06-06,23.93,722.48,2.33,0.44
13674,Coastal,2020-06-07,25.78,537.76,5.3,0.01
13675,Coastal,2020-06-08,25.5,596.96,5.24,0.22
13676,Coastal,2020-06-09,23.73,540.88,2.78,0.05
13677,Coastal,2020-06-10,23.4,530.03,5.28,0.1
13678,Coastal,2020-06-11,27.1,753.44,2.51,0.43
13679,Coastal,2020-06-12,24.75,492.42,2.88,0.09
13680,Coastal,2020-06-13,27.01,523.25,1.75,0.16
13681,Coastal,2020-06-14,25.05,759.61,5.08,0.02
13682,Coastal,2020-06-15,26.41,568.95,1.13,0.08
13683,Coastal,2020-06-16,26.18,568.95,4.65,0.03
13684,Coastal,2020-06-17,25.51,601.13,3.87,0.16
13685,Coastal,2020-06-18,26.77,467.66,6.66,0.12
13686,Coastal,2020-06-19,24.44,485.24,4.09,0.06
13687,Coastal,2020-06-20,21.08,504.6,5.3,1.58
13688,Coastal,2020-06-21,21.23,632.22,4.79,0.03
13689,Coastal,2020-06-22,22.42,597.47,3.87,0.35
13690,Coastal,2020-06-23,25.04,488.2,5.69,0.01
13691,Coastal,2020-06-24,22.59,522.82,4.58,0.38
13692,Coastal,2020-06-25,23.63,590.72,5.36,0.13
13693,Coastal,2020-06-26,24.12,332.43,2.61,0.35
13694,Coastal,2020-06-27,23.2,542.24,4.8,0.28
13695,Coastal,2020-06-28,18.12,573.54,5.2,0.17
13696,Coastal,2020-06-29,20.16,434.27,2.37,0.46
13697,Coastal,2020-06-30,25.89,554.59,3.89,0.22
13698,Coastal,2020-07-01,22.84,498.62,1.39,0.36
13699,Coastal,2020-07-02,16.61,637.11,1.62,0.14
13700,Coastal,2020-07-03,21.98,445.25,3.91,0.11
13701,Coastal,2020-07-04,25.27,529.21,6.7,0.03
13702,Coastal,2020-07-05,22.04,359.19,6.82,0.45
13703,Coastal,2020-07-06,21.41,477.65,3.55,0.31
13704,Coastal,2020-07-07,17.5,531.73,2.59,0.13
13705,Coastal,2020-07-08,20.44,419.34,5.41,0.01
13706,Coastal,2020-07-09,17.53,545.83,1.02,0.28
13707,Coastal,2020-07-10,18.2,524.77,3.42,0.22
13708,Coastal,2020-07-11,17.57,457.58,2.91,0.03
13709,Coastal,2020-07-12,23.78,419.3,3.91,0.15
13710,Coastal,2020-07-13,21.59,189.23,6.11,0.03
13711,Coastal,2020-07-14,22.77,379.02,0.17,0.1
13712,Coastal,2020-07-15,17.15,513.96,4.53,0.31
13713,Coastal,2020-07-16,20.02,399.03,4.59,0.26
13714,Coastal,2020-07-17,17.45,452.08,3.99,0.01
13715,Coastal,2020-07-18,17.5,373.87,4.53,0.04
13716,Coastal,2020-07-19,20.08,291.92,4.87,0.1
13717,Coastal,2020-07-20,19.33,461.01,4.35,0.06
13718,Coastal,2020-07-21,19.39,298.05,1.07,0.26
13719,Coastal,2020-07-22,16.14,370.51,2.8,0.31
13720,Coastal,2020-07-23,18.75,415.84,6.54,0.06
13721,Coastal,2020-07-24,19.03,327.66,2.41,0.06
13722,Coastal,2020-07-25,16.83,502.82,4.3,0.16
13723,Coastal,2020-07-26,17.48,530.28,3.11,0.28
13724,Coastal,2020-07-27,14.58,303.08,5.1,3.2
13725,Coastal,2020-07-28,13.4,301.6,3.92,0.07
13726,Coastal,2020-07-29,21.58,323.57,5.22,0.48
13727,Coastal,2020-07-30,17.82,446.36,4.83,0.04
13728,Coastal,2020-07-31,16.54,388.5,3.68,0.04
13729,Coastal,2020-08-01,18.71,405.26,0.94,0.31
13730,Coastal,2020-08-02,15.22,446.01,3.01,0.13
13731,Coastal,2020-08-03,17.04,263.98,2.51,0.08
13732,Coastal,2020-08-04,18.89,372.34,2.52,0.07
13733,Coastal,2020-08-05,14.33,331.97,5.12,0.0
13734,Coastal,2020-08-06,15.41,358.07,7.42,0.07
13735,Coastal,2020-08-07,13.49,411.44,0.7,0.27
13736,Coastal,2020-08-08,17.79,303.28,2.16,1.09
13737,Coastal,2020-08-09,16.39,255.63,4.79,1.6
13738,Coastal,2020-08-10,18.19,223.3,4.09,0.18
13739,Coastal,2020-08-11,17.4,443.79,5.17,0.12
13740,Coastal,2020-08-12,15.07,296.22,4.44,0.77
13741,Coastal,2020-08-13,16.28,186.34,6.51,0.24
13742,Coastal,2020-08-14,16.18,402.65,5.41,0.09
13743,Coastal,2020-08-15,16.68,151.53,5.9,0.28
13744,Coastal,2020-08-16,18.03,160.7,6.13,0.05
13745,Coastal,2020-08-17,12.79,255.85,2.84,3.13
13746,Coastal,2020-08-18,11.11,233.89,5.54,0.11
13747,Coastal,2020-08-19,12.64,299.15,5.65,0.13
13748,Coastal,2020-08-20,15.58,116.72,4.2,0.36
13749,Coastal,2020-08-21,15.35,293.62,4.21,0.66
13750,Coastal,2020-08-22,13.28,366.58,4.28,0.0
13751,Coastal,2020-08-23,13.77,182.59,3.47,0.93
13752,Coastal,2020-08-24,12.54,227.79,2.75,0.02
13753,Coastal,2020-08-25,13.89,190.91,8.06,0.36
13754,Coastal,2020-08-26,12.62,277.72,6.49,0.6
13755,Coastal,2020-08-27,17.19,163.19,4.94,0.16
13756,Coastal,2020-08-28,16.46,150.36,2.73,0.16
13757,Coastal,2020-08-29,15.18,231.61,5.78,1.11
13758,Coastal,2020-08-30,13.7,268.02,4.44,0.09
13759,Coastal,2020-08-31,15.83,250.53,4.79,0.04
13760,Coastal,2020-09-01,13.67,200.83,8.42,0.01
13761,Coastal,2020-09-02,13.71,287.05,7.93,0.43
13762,Coastal,2020-09-03,9.86,249.68,1.56,0.16
13763,Coastal,2020-09-04,13.76,135.46,5.69,1.18
13764,Coastal,2020-09-05,10.58,12.75,5.42,0.08
13765,Coastal,2020-09-06,12.29,266.45,5.74,0.33
13766,Coastal,2020-09-07,13.37,202.19,4.4,0.09
13767,Coastal,2020-09-08,11.17,131.99,5.27,0.01
13768,Coastal,2020-09-09,13.86,348.96,3.66,0.08
13769,Coastal,2020-09-10,14.95,346.36,6.89,0.38
13770,Coastal,2020-09-11,11.02,317.38,6.88,0.42
13771,Coastal,2020-09-12,12.97,231.99,7.86,0.55
13772,Coastal,2020-09-13,10.19,0.0,4.27,0.14
13773,Coastal,2020-09-14,10.3,304.98,5.87,0.63
13774,Coastal,2020-09-15,13.21,135.97,8.56,0.14
13775,Coastal,2020-09-16,13.98,163.63,4.52,0.03
13776,Coastal,2020-09-17,9.49,279.13,4.05,0.14
13777,Coastal,2020-09-18,16.57,368.66,6.05,0.41
13778,Coastal,2020-09-19,11.45,328.41,7.38,0.31
13779,Coastal,2020-09-20,12.83,218.03,4.67,0.11
13780,Coastal,2020-09-21,11.32,262.51,8.6,0.05
13781,Coastal,2020-09-22,11.79,114.21,4.36,0.17
13782,Coastal,2020-09-23,15.37,72.22,6.76,0.54
13783,Coastal,2020-09-24,15.33,287.87,4.79,0.04
13784,Coastal,2020-09-25,9.0,226.81,5.14,0.35
13785,Coastal,2020-09-26,11.16,84.76,7.1,0.03
13786,Coastal,2020-09-27,18.18,196.5,5.59,2.52
13787,Coastal,2020-09-28,11.41,249.49,3.66,0.24
13788,Coastal,2020-09-29,13.12,272.57,4.78,0.02
13789,Coastal,2020-09-30,14.54,250.26,7.09,0.05
13790,Coastal,2020-10-01,13.98,171.01,6.64,0.52
13791,Coastal,2020-10-02,6.64,132.36,7.17,0.14
13792,Coastal,2020-10-03,12.95,209.84,5.21,0.12
13793,Coastal,2020-10-04,15.8,264.97,4.56,0.01
13794,Coastal,2020-10-05,12.37,273.64,4.95,0.09
13795,Coastal,2020-10-06,10.25,328.16,5.09,0.24
13796,Coastal,2020-10-07,10.3,205.13,6.18,0.3
13797,Coastal,2020-10-08,11.97,114.2,4.51,0.4
13798,Coastal,2020-10-09,13.75,290.72,7.92,0.14
13799,Coastal,2020-10-10,18.21,211.3,7.12,0.08
13800,Coastal,2020-10-11,11.88,102.99,5.09,0.2
13801,Coastal,2020-10-12,13.62,256.54,6.12,0.19
13802,Coastal,2020-10-13,9.44,320.72,5.12,0.01
13803,Coastal,2020-10-14,9.2,239.62,6.26,0.56
13804,Coastal,2020-10-15,11.62,324.2,5.27,0.21
13805,Coastal,2020-10-16,13.55,172.9,9.77,0.0
13806,Coastal,2020-10-17,12.54,154.93,4.2,0.64
13807,Coastal,2020-10-18,12.87,283.04,4.71,0.61
13808,Coastal,2020-10-19,12.27,188.1,6.29,0.58
13809,Coastal,2020-10-20,12.82,314.46,6.82,0.44
13810,Coastal,2020-10-21,12.34,233.51,6.87,0.04
13811,Coastal,2020-10-22,10.3,319.23,8.12,0.76
13812,Coastal,2020-10-23,10.08,274.21,7.44,0.29
13813,Coastal,2020-10-24,15.85,153.76,5.43,0.2
13814,Coastal,2020-10-25,11.55,68.57,8.44,2.86
13815,Coastal,2020-10-26,12.79,292.67,7.82,0.1
13816,Coastal,2020-10-27,15.73,277.62,8.98,0.54
13817,Coastal,2020-10-28,12.89,153.34,7.01,0.19
13818,Coastal,2020-10-29,15.27,301.12,8.6,0.17
13819,Coastal,2020-10-30,11.82,351.01,2.91,0.21
13820,Coastal,2020-10-31,16.79,185.79,6.3,0.28
13821,Coastal,2020-11-01,14.23,90.37,5.69,0.12
13822,Coastal,2020-11-02,13.81,325.46,8.14,0.79
13823,Coastal,2020-11-03,13.63,352.44,6.0,0.02
13824,Coastal,2020-11-04,15.59,194.85,8.6,2.45
13825,Coastal,2020-11-05,14.63,318.46,8.35,0.21
13826,Coastal,2020-11-06,7.86,286.12,6.29,2.41
13827,Coastal,2020-11-07,13.47,253.95,7.58,0.09
13828,Coastal,2020-11-08,15.11,312.36,6.93,0.35
13829,Coastal,2020-11-09,12.64,229.01,7.45,0.19
13830,Coastal,2020-11-10,13.68,184.4,8.43,0.36
13831,Coastal,2020-11-11,14.03,308.38,6.84,0.08
13832,Coastal,2020-11-12,18.11,300.82,4.87,0.5
13833,Coastal,2020-11-13,16.23,79.16,8.27,0.52
13834,Coastal,2020-11-14,15.81,192.01,9.01,0.64
13835,Coastal,2020-11-15,12.94,236.39,4.88,0.1
13836,Coastal,2020-11-16,14.03,335.88,7.4,0.17
13837,Coastal,2020-11-17,17.23,175.86,6.08,0.22
13838,Coastal,2020-11-18,16.97,275.94,9.19,0.14
13839,Coastal,2020-11-19,12.94,460.42,9.3,0.45
13840,Coastal,2020-11-20,18.72,314.71,6.33,0.09
13841,Coastal,2020-11-21,14.33,323.71,5.59,0.27
13842,Coastal,2020-11-22,16.9,312.58,7.95,0.2
13843,Coastal,2020-11-23,21.79,400.15,5.94,0.06
13844,Coastal,2020-11-24,15.63,329.1,8.91,0.15
13845,Coastal,2020-11-25,16.94,312.4,7.45,0.38
13846,Coastal,2020-11-26,15.63,346.44,10.08,0.16
13847,Coastal,2020-11-27,17.24,444.66,10.16,0.24
13848,Coastal,2020-11-28,19.89,375.14,10.03,0.3
13849,Coastal,2020-11-29,16.79,352.0,8.33,0.01
13850,Coastal,2020-11-30,16.74,446.07,6.32,0.05
13851,Coastal,2020-12-01,19.69,314.61,5.53,0.02
13852,Coastal,2020-12-02,15.11,104.77,8.66,0.04
13853,Coastal,2020-12-03,17.95,401.35,8.79,0.33
13854,Coastal,2020-12-04,16.49,405.05,8.2,0.11
13855,Coastal,2020-12-05,17.62,325.06,5.82,0.04
13856,Coastal,2020-12-06,16.48,358.04,6.64,0.15
13857,Coastal,2020-12-07,15.56,484.94,7.97,0.29
13858,Coastal,2020-12-08,14.16,425.4,6.94,0.03
13859,Coastal,2020-12-09,17.83,511.87,6.71,0.08
13860,Coastal,2020-12-10,19.35,420.23,6.43,0.04
13861,Coastal,2020-12-11,20.68,391.33,7.69,1.04
13862,Coastal,2020-12-12,16.55,465.15,7.59,0.03
13863,Coastal,2020-12-13,19.69,442.91,6.68,0.3
13864,Coastal,2020-12-14,20.67,453.51,7.94,0.05
13865,Coastal,2020-12-15,20.44,404.97,8.31,0.01
13866,Coastal,2020-12-16,20.4,382.64,8.47,0.48
13867,Coastal,2020-12-17,15.73,390.68,6.51,0.08
13868,Coastal,2020-12-18,19.98,480.06,7.5,0.14
13869,Coastal,2020-12-19,20.22,495.49,7.99,0.02
13870,Coastal,2020-12-20,21.65,238.32,8.16,0.13
13871,Coastal,2020-12-21,23.5,395.08,5.97,0.05
13872,Coastal,2020-12-22,20.38,331.57,7.47,0.37
13873,Coastal,2020-12-23,20.38,424.07,8.87,1.25
13874,Coastal,2020-12-24,21.5,420.81,7.1,0.22
13875,Coastal,2020-12-25,21.45,486.06,8.53,0.3
13876,Coastal,2020-12-26,22.45,494.23,8.02,0.07
13877,Coastal,2020-12-27,22.81,654.94,7.31,0.12
13878,Coastal,2020-12-28,21.57,519.5,9.89,0.02
13879,Coastal,2020-12-29,23.1,545.92,7.55,0.01
13880,Coastal,2020-12-30,21.83,386.25,7.68,0.08
13881,Coastal,2020-12-31,19.54,478.38,7.27,0.35
13882,Coastal,2021-01-01,20.3,423.66,10.22,0.18
13883,Coastal,2021-01-02,18.12,563.37,10.08,0.11
13884,Coastal,2021-01-03,26.28,524.81,9.72,0.68
13885,Coastal,2021-01-04,25.7,498.47,9.3,0.12
13886,Coastal,2021-01-05,25.37,607.45,6.66,0.13
13887,Coastal,2021-01-06,23.04,514.52,7.31,0.98
13888,Coastal,2021-01-07,25.6,647.9,6.83,0.03
13889,Coastal,2021-01-08,25.61,651.94,9.52,0.06
13890,Coastal,2021-01-09,21.08,500.54,11.47,0.12
13891,Coastal,2021-01-10,22.58,645.55,8.98,0.17
13892,Coastal,2021-01-11,25.4,570.55,10.47,0.03
13893,Coastal,2021-01-12,23.51,535.05,8.64,0.08
13894,Coastal,2021-01-13,23.24,603.19,8.42,0.05
13895,Coastal,2021-01-14,26.47,449.64,7.06,1.9
13896,Coastal,2021-01-15,23.33,538.55,8.84,0.36
13897,Coastal,2021-01-16,30.12,619.97,9.28,0.05
13898,Coastal,2021-01-17,28.51,567.93,9.49,0.11
13899,Coastal,2021-01-18,25.06,682.63,8.05,0.21
13900,Coastal,2021-01-19,28.15,569.41,8.18,0.01
13901,Coastal,2021-01-20,26.18,615.82,7.78,0.43
13902,Coastal,2021-01-21,25.14,601.29,7.01,0.14
13903,Coastal,2021-01-22,30.08,493.46,9.17,0.05
13904,Coastal,2021-01-23,27.07,651.84,4.99,0.1
13905,Coastal,2021-01-24,24.65,650.53,5.31,0.46
13906,Coastal,2021-01-25,27.52,475.22,6.98,0.01
13907,Coastal,2021-01-26,30.11,436.89,5.88,0.03
13908,Coastal,2021-01-27,26.91,602.79,9.4,0.04
13909,Coastal,2021-01-28,27.48,742.07,7.09,0.01
13910,Coastal,2021-01-29,26.61,865.6,9.05,0.26
13911,Coastal,2021-01-30,28.06,506.93,9.68,0.34
13912,Coastal,2021-01-31,25.55,787.07,7.8,0.15
13913,Coastal,2021-02-01,26.06,754.32,8.18,0.19
13914,Coastal,2021-02-02,27.11,619.06,9.51,0.03
13915,Coastal,2021-02-03,28.27,820.67,9.15,0.07
13916,Coastal,2021-02-04,30.3,711.56,4.52,0.5
13917,Coastal,2021-02-05,27.92,660.22,6.99,0.05
13918,Coastal,2021-02-06,30.01,540.11,8.36,0.47
13919,Coastal,2021-02-07,27.61,694.78,7.89,1.09
13920,Coastal,2021-02-08,29.8,693.94,6.06,0.14
13921,Coastal,2021-02-09,31.16,873.69,4.96,0.04
13922,Coastal,2021-02-10,28.66,622.82,8.42,0.22
13923,Coastal,2021-02-11,29.72,631.45,6.21,2.18
13924,Coastal,2021-02-12,27.97,665.26,7.25,0.03
13925,Coastal,2021-02-13,30.44,922.33,7.65,0.0
13926,Coastal,2021-02-14,23.78,621.46,7.16,0.27
13927,Coastal,2021-02-15,26.26,821.74,5.98,0.18
13928,Coastal,2021-02-16,30.77,596.0,7.23,0.14
13929,Coastal,2021-02-17,26.47,758.62,6.51,0.12
13930,Coastal,2021-02-18,28.88,735.35,9.79,0.14
13931,Coastal,2021-02-19,32.77,674.85,7.6,0.47
13932,Coastal,2021-02-20,31.8,791.52,11.1,0.02
13933,Coastal,2021-02-21,34.97,673.25,5.25,0.3
13934,Coastal,2021-02-22,30.44,611.19,6.75,0.13
13935,Coastal,2021-02-23,30.22,718.53,6.71,0.35
13936,Coastal,2021-02-24,30.51,673.06,5.98,0.81
13937,Coastal,2021-02-25,28.73,770.09,6.59,0.04
13938,Coastal,2021-02-26,30.25,729.3,6.36,0.32
13939,Coastal,2021-02-27,28.25,880.07,5.59,0.76
13940,Coastal,2021-02-28,33.2,732.09,9.72,0.26
13941,Coastal,2021-03-01,32.42,782.3,6.87,0.28
13942,Coastal,2021-03-02,28.71,669.79,8.36,0.45
13943,Coastal,2021-03-03,29.78,731.09,8.42,0.32
13944,Coastal,2021-03-04,31.97,694.66,9.05,0.12
13945,Coastal,2021-03-05,31.81,864.67,5.4,0.17
13946,Coastal,2021-03-06,29.24,711.5,8.74,1.28
13947,Coastal,2021-03-07,31.54,722.21,6.7,0.03
13948,Coastal,2021-03-08,32.62,800.2,9.83,2.62
13949,Coastal,2021-03-09,32.75,721.17,7.53,0.88
13950,Coastal,2021-03-10,34.98,892.92,4.99,0.08
13951,Coastal,2021-03-11,32.17,938.58,8.57,0.25
13952,Coastal,2021-03-12,29.25,711.88,8.39,0.11
13953,Coastal,2021-03-13,29.65,852.97,4.68,0.01
13954,Coastal,2021-03-14,34.35,719.27,7.7,3.19
13955,Coastal,2021-03-15,35.1,759.81,8.96,0.03
13956,Coastal,2021-03-16,31.86,844.94,7.24,0.02
13957,Coastal,2021-03-17,32.74,802.21,5.02,1.82
13958,Coastal,2021-03-18,32.2,805.54,7.97,0.01
13959,Coastal,2021-03-19,31.45,881.22,7.42,0.23
13960,Coastal,2021-03-20,29.1,881.7,6.04,0.53
13961,Coastal,2021-03-21,33.07,799.43,5.66,0.1
13962,Coastal,2021-03-22,35.71,745.45,7.31,0.07
13963,Coastal,2021-03-23,32.51,797.05,4.92,0.05
13964,Coastal,2021-03-24,31.59,716.97,6.55,0.59
13965,Coastal,2021-03-25,31.35,861.15,8.01,0.13
13966,Coastal,2021-03-26,33.22,783.72,8.46,0.16
13967,Coastal,2021-03-27,34.55,710.75,5.36,0.03
13968,Coastal,2021-03-28,33.32,906.81,3.73,0.5
13969,Coastal,2021-03-29,28.52,798.66,5.02,0.15
13970,Coastal,2021-03-30,35.75,740.09,7.27,0.75
13971,Coastal,2021-03-31,33.94,891.43,4.9,0.86
13972,Coastal,2021-04-01,31.91,900.57,7.6,0.29
13973,Coastal,2021-04-02,31.21,648.91,4.83,0.05
13974,Coastal,2021-04-03,31.37,888.25,5.07,0.57
13975,Coastal,2021-04-04,33.98,812.0,5.61,0.04
13976,Coastal,2021-04-05,28.29,876.71,7.25,0.04
13977,Coastal,2021-04-06,33.25,793.1,3.43,0.0
13978,Coastal,2021-04-07,32.76,828.32,6.19,0.02
13979,Coastal,2021-04-08,32.72,772.99,6.13,0.11
13980,Coastal,2021-04-09,29.83,875.99,4.21,0.04
13981,Coastal,2021-04-10,28.72,742.08,6.2,0.05
13982,Coastal,2021-04-11,36.59,876.97,5.36,0.88
13983,Coastal,2021-04-12,32.33,808.18,3.9,0.53
13984,Coastal,2021-04-13,35.9,853.34,5.45,0.08
13985,Coastal,2021-04-14,33.8,710.89,3.97,0.08
13986,Coastal,2021-04-15,32.17,824.2,4.54,0.07
13987,Coastal,2021-04-16,32.37,831.7,6.78,0.43
13988,Coastal,2021-04-17,34.02,935.96,4.96,0.02
13989,Coastal,2021-04-18,34.19,841.92,6.69,0.18
13990,Coastal,2021-04-19,32.71,737.46,5.13,0.04
13991,Coastal,2021-04-20,33.88,732.47,3.89,0.28
13992,Coastal,2021-04-21,33.92,841.95,6.02,0.2
13993,Coastal,2021-04-22,32.24,736.02,6.11,0.1
13994,Coastal,2021-04-23,30.31,735.73,3.39,0.02
13995,Coastal,2021-04-24,32.44,706.54,6.91,0.29
13996,Coastal,2021-04-25,29.88,783.83,7.45,0.02
13997,Coastal,2021-04-26,30.54,788.55,6.08,0.06
13998,Coastal,2021-04-27,32.02,742.66,5.23,0.06
13999,Coastal,2021-04-28,30.99,902.02,8.1,0.17
14000,Coastal,2021-04-29,33.7,809.69,5.86,0.14
14001,Coastal,2021-04-30,29.67,902.17,5.32,0.07
14002,Coastal,2021-05-01,26.65,769.41,7.54,0.11
14003,Coastal,2021-05-02,33.43,697.67,7.36,0.11
14004,Coastal,2021-05-03,30.82,674.01,2.77,0.17
14005,Coastal,2021-05-04,30.82,740.94,4.15,0.46
14006,Coastal,2021-05-05,28.96,808.17,5.75,0.03
14007,Coastal,2021-05-06,26.67,721.19,6.69,0.16
14008,Coastal,2021-05-07,28.7,810.5,3.07,0.0
14009,Coastal,2021-05-08,31.37,851.12,6.15,1.2
14010,Coastal,2021-05-09,29.72,671.16,4.16,0.2
14011,Coastal,2021-05-10,29.35,644.51,5.81,0.24
14012,Coastal,2021-05-11,26.51,805.02,3.86,0.13
14013,Coastal,2021-05-12,33.42,747.32,1.18,0.04
14014,Coastal,2021-05-13,29.56,748.4,2.0,0.12
14015,Coastal,2021-05-14,34.25,774.66,2.94,0.0
14016,Coastal,2021-05-15,30.18,593.23,3.72,0.48
14017,Coastal,2021-05-16,32.43,746.97,4.57,0.36
14018,Coastal,2021-05-17,27.77,722.42,3.78,0.08
14019,Coastal,2021-05-18,26.05,741.18,4.46,0.18
14020,Coastal,2021-05-19,28.58,624.04,3.77,0.3
14021,Coastal,2021-05-20,29.94,703.0,4.48,0.03
14022,Coastal,2021-05-21,30.03,653.93,5.86,0.15
14023,Coastal,2021-05-22,29.35,772.13,4.42,0.01
14024,Coastal,2021-05-23,33.01,677.64,5.23,0.47
14025,Coastal,2021-05-24,29.07,632.48,5.47,0.3
14026,Coastal,2021-05-25,27.53,597.07,4.15,1.23
14027,Coastal,2021-05-26,27.54,741.96,1.68,4.99
14028,Coastal,2021-05-27,26.26,746.37,4.72,0.26
14029,Coastal,2021-05-28,28.31,817.44,3.31,0.3
14030,Coastal,2021-05-29,29.74,633.45,5.6,0.15
14031,Coastal,2021-05-30,30.25,573.78,6.34,0.05
14032,Coastal,2021-05-31,26.69,640.3,3.88,0.33
14033,Coastal,2021-06-01,27.03,590.06,4.5,0.06
14034,Coastal,2021-06-02,25.7,591.02,5.24,0.21
14035,Coastal,2021-06-03,28.77,674.73,3.0,0.26
14036,Coastal,2021-06-04,24.21,719.52,4.22,0.17
14037,Coastal,2021-06-05,25.08,660.56,1.87,0.22
14038,Coastal,2021-06-06,18.05,631.86,5.74,0.07
14039,Coastal,2021-06-07,23.85,683.72,6.69,0.29
14040,Coastal,2021-06-08,24.87,595.11,4.3,0.57
14041,Coastal,2021-06-09,24.87,724.51,3.01,0.13
14042,Coastal,2021-06-10,23.14,843.61,4.52,0.03
14043,Coastal,2021-06-11,23.31,548.45,2.2,0.19
14044,Coastal,2021-06-12,27.92,690.67,3.45,0.42
14045,Coastal,2021-06-13,23.68,685.88,3.46,0.11
14046,Coastal,2021-06-14,21.45,626.24,3.3,0.03
14047,Coastal,2021-06-15,22.82,682.01,4.4,0.2
14048,Coastal,2021-06-16,22.68,602.49,4.71,0.31
14049,Coastal,2021-06-17,24.43,621.0,4.08,0.29
14050,Coastal,2021-06-18,25.13,570.61,5.4,1.02
14051,Coastal,2021-06-19,21.53,570.23,4.62,0.05
14052,Coastal,2021-06-20,24.67,604.82,3.29,0.49
14053,Coastal,2021-06-21,26.7,582.55,3.86,1.32
14054,Coastal,2021-06-22,25.76,459.98,3.9,0.25
14055,Coastal,2021-06-23,24.72,579.35,3.44,0.23
14056,Coastal,2021-06-24,24.2,513.85,4.78,0.77
14057,Coastal,2021-06-25,22.58,483.88,0.81,0.1
14058,Coastal,2021-06-26,25.88,600.81,4.05,0.57
14059,Coastal,2021-06-27,23.73,443.35,4.47,0.03
14060,Coastal,2021-06-28,21.09,491.22,4.9,0.04
14061,Coastal,2021-06-29,22.23,422.46,5.66,0.0
14062,Coastal,2021-06-30,21.01,470.41,3.79,0.27
14063,Coastal,2021-07-01,21.91,688.85,5.25,0.45
14064,Coastal,2021-07-02,24.44,431.07,4.92,0.04
14065,Coastal,2021-07-03,21.49,474.99,4.4,0.01
14066,Coastal,2021-07-04,20.08,593.3,1.92,0.06
14067,Coastal,2021-07-05,23.58,511.86,5.64,0.43
14068,Coastal,2021-07-06,23.88,460.55,4.15,0.0
14069,Coastal,2021-07-07,19.58,411.07,3.63,0.02
14070,Coastal,2021-07-08,23.94,515.26,2.28,0.01
14071,Coastal,2021-07-09,22.74,430.35,0.36,0.57
14072,Coastal,2021-07-10,19.54,625.13,6.88,0.15
14073,Coastal,2021-07-11,22.91,423.46,4.49,0.46
14074,Coastal,2021-07-12,17.84,576.2,2.38,0.13
14075,Coastal,2021-07-13,19.17,506.15,2.16,0.1
14076,Coastal,2021-07-14,17.78,500.43,3.64,0.11
14077,Coastal,2021-07-15,17.85,413.24,5.27,0.11
14078,Coastal,2021-07-16,21.34,384.15,5.02,0.08
14079,Coastal,2021-07-17,19.44,395.14,5.1,0.33
14080,Coastal,2021-07-18,17.08,494.62,2.76,0.14
14081,Coastal,2021-07-19,17.96,448.0,3.83,0.94
14082,Coastal,2021-07-20,17.65,251.9,4.3,0.15
14083,Coastal,2021-07-21,19.32,293.23,4.04,0.34
14084,Coastal,2021-07-22,23.2,380.67,4.95,0.27
14085,Coastal,2021-07-23,18.91,429.59,6.51,0.1
14086,Coastal,2021-07-24,18.88,363.59,4.48,0.31
14087,Coastal,2021-07-25,21.26,336.97,3.3,0.03
14088,Coastal,2021-07-26,16.94,293.76,2.01,0.05
14089,Coastal,2021-07-27,20.53,440.89,4.47,0.19
14090,Coastal,2021-07-28,16.86,371.19,3.23,0.25
14091,Coastal,2021-07-29,16.84,493.09,4.88,1.03
14092,Coastal,2021-07-30,16.75,250.14,4.8,0.14
14093,Coastal,2021-07-31,17.04,404.93,6.61,0.03
14094,Coastal,2021-08-01,16.76,389.0,4.61,0.09
14095,Coastal,2021-08-02,17.68,408.55,4.99,0.19
14096,Coastal,2021-08-03,15.97,402.56,3.34,0.05
14097,Coastal,2021-08-04,16.88,291.56,2.19,0.2
14098,Coastal,2021-08-05,13.31,313.42,5.97,0.05
14099,Coastal,2021-08-06,17.96,336.98,6.19,0.02
14100,Coastal,2021-08-07,18.52,239.29,3.91,0.08
14101,Coastal,2021-08-08,16.56,397.95,1.52,0.06
14102,Coastal,2021-08-09,17.48,113.41,6.49,0.33
14103,Coastal,2021-08-10,14.18,214.4,6.25,0.13
14104,Coastal,2021-08-11,18.75,169.21,4.31,0.07
14105,Coastal,2021-08-12,15.97,387.56,6.12,0.34
14106,Coastal,2021-08-13,12.25,313.02,4.47,0.06
14107,Coastal,2021-08-14,17.77,249.38,4.88,0.17
14108,Coastal,2021-08-15,16.65,296.03,2.14,0.16
14109,Coastal,2021-08-16,18.84,305.84,6.44,0.71
14110,Coastal,2021-08-17,18.3,181.96,2.0,0.06
14111,Coastal,2021-08-18,17.54,289.31,7.24,0.03
14112,Coastal,2021-08-19,15.69,385.3,7.42,0.06
14113,Coastal,2021-08-20,16.06,396.03,0.88,0.17
14114,Coastal,2021-08-21,12.36,335.8,7.07,0.05
14115,Coastal,2021-08-22,13.86,284.97,4.4,0.42
14116,Coastal,2021-08-23,20.28,335.11,5.42,0.21
14117,Coastal,2021-08-24,10.75,314.51,2.7,0.02
14118,Coastal,2021-08-25,14.73,165.12,4.36,0.58
14119,Coastal,2021-08-26,13.93,179.0,3.1,0.15
14120,Coastal,2021-08-27,15.62,299.99,3.72,0.13
14121,Coastal,2021-08-28,14.22,192.94,6.76,0.09
14122,Coastal,2021-08-29,16.16,161.68,6.46,0.06
14123,Coastal,2021-08-30,13.67,344.21,6.22,0.66
14124,Coastal,2021-08-31,15.1,243.51,4.21,0.13
14125,Coastal,2021-09-01,14.2,230.8,4.01,0.01
14126,Coastal,2021-09-02,12.81,137.35,2.61,0.38
14127,Coastal,2021-09-03,12.44,195.35,6.13,0.34
14128,Coastal,2021-09-04,15.79,201.52,8.05,0.12
14129,Coastal,2021-09-05,14.41,154.41,7.36,0.41
14130,Coastal,2021-09-06,15.09,127.49,5.25,0.14
14131,Coastal,2021-09-07,15.54,362.55,5.98,0.05
14132,Coastal,2021-09-08,11.93,333.53,5.64,0.0
14133,Coastal,2021-09-09,12.36,210.54,6.66,0.09
14134,Coastal,2021-09-10,12.16,110.96,7.95,0.0
14135,Coastal,2021-09-11,14.85,77.46,4.51,0.01
14136,Coastal,2021-09-12,12.92,177.77,4.6,0.01
14137,Coastal,2021-09-13,13.05,32.1,5.0,0.42
14138,Coastal,2021-09-14,10.53,174.74,5.42,0.16
14139,Coastal,2021-09-15,14.24,47.91,6.59,0.06
14140,Coastal,2021-09-16,14.26,200.82,5.43,0.67
14141,Coastal,2021-09-17,13.63,222.91,4.28,0.15
14142,Coastal,2021-09-18,12.8,191.17,4.34,0.03
14143,Coastal,2021-09-19,14.53,378.86,3.87,0.48
14144,Coastal,2021-09-20,12.31,187.71,5.51,0.05
14145,Coastal,2021-09-21,15.22,341.82,7.25,2.86
14146,Coastal,2021-09-22,13.79,226.37,6.36,0.06
14147,Coastal,2021-09-23,9.81,363.04,6.61,0.0
14148,Coastal,2021-09-24,12.05,61.02,4.18,0.71
14149,Coastal,2021-09-25,12.95,114.4,4.08,0.13
14150,Coastal,2021-09-26,10.9,177.67,6.14,0.42
14151,Coastal,2021-09-27,14.44,328.59,7.77,0.27
14152,Coastal,2021-09-28,8.32,181.01,7.21,0.04
14153,Coastal,2021-09-29,13.88,145.61,4.96,0.37
14154,Coastal,2021-09-30,13.65,248.54,9.45,0.01
14155,Coastal,2021-10-01,8.3,272.54,3.0,0.14
14156,Coastal,2021-10-02,12.49,138.85,6.12,0.06
14157,Coastal,2021-10-03,11.42,145.38,6.27,0.09
14158,Coastal,2021-10-04,15.13,336.4,5.83,0.28
14159,Coastal,2021-10-05,10.64,301.13,6.97,0.23
14160,Coastal,2021-10-06,13.93,323.05,5.91,0.12
14161,Coastal,2021-10-07,14.35,277.59,4.01,0.01
14162,Coastal,2021-10-08,11.59,134.73,6.15,0.01
14163,Coastal,2021-10-09,14.99,201.16,6.56,0.24
14164,Coastal,2021-10-10,11.6,119.74,7.72,0.59
14165,Coastal,2021-10-11,15.12,283.67,8.51,0.38
14166,Coastal,2021-10-12,17.7,163.17,5.14,0.03
14167,Coastal,2021-10-13,14.39,70.83,8.96,0.03
14168,Coastal,2021-10-14,13.79,218.07,5.84,0.19
14169,Coastal,2021-10-15,11.67,300.3,5.75,1.07
14170,Coastal,2021-10-16,16.37,101.49,5.94,0.19
14171,Coastal,2021-10-17,14.48,203.13,3.66,0.43
14172,Coastal,2021-10-18,11.84,170.32,5.98,0.26
14173,Coastal,2021-10-19,15.81,295.61,8.62,0.04
14174,Coastal,2021-10-20,13.09,54.28,7.4,0.49
14175,Coastal,2021-10-21,14.29,310.65,7.06,0.26
14176,Coastal,2021-10-22,12.17,165.33,7.27,0.25
14177,Coastal,2021-10-23,11.18,210.91,8.67,0.08
14178,Coastal,2021-10-24,11.36,294.45,5.49,0.2
14179,Coastal,2021-10-25,12.44,346.21,8.2,0.26
14180,Coastal,2021-10-26,14.3,234.22,6.97,0.18
14181,Coastal,2021-10-27,12.75,174.41,5.73,0.27
14182,Coastal,2021-10-28,11.85,192.26,7.63,0.18
14183,Coastal,2021-10-29,11.61,330.52,7.09,0.8
14184,Coastal,2021-10-30,16.13,169.03,5.78,0.14
14185,Coastal,2021-10-31,13.44,268.68,5.42,0.0
14186,Coastal,2021-11-01,9.86,245.65,6.4,0.04
14187,Coastal,2021-11-02,13.85,308.56,6.32,0.67
14188,Coastal,2021-11-03,13.13,253.38,8.94,0.13
14189,Coastal,2021-11-04,14.46,218.85,6.82,0.03
14190,Coastal,2021-11-05,13.02,216.21,6.61,0.03
14191,Coastal,2021-11-06,16.83,217.77,8.89,0.01
14192,Coastal,2021-11-07,14.05,152.36,9.25,0.05
14193,Coastal,2021-11-08,14.05,306.4,6.0,0.86
14194,Coastal,2021-11-09,13.94,285.97,5.41,0.08
14195,Coastal,2021-11-10,15.64,155.22,8.08,0.06
14196,Coastal,2021-11-11,15.59,243.46,7.02,0.22
14197,Coastal,2021-11-12,14.13,257.33,6.54,0.22
14198,Coastal,2021-11-13,15.08,236.07,8.94,3.44
14199,Coastal,2021-11-14,14.65,276.91,7.01,0.26
14200,Coastal,2021-11-15,16.98,281.61,10.31,0.02
14201,Coastal,2021-11-16,12.82,365.43,7.52,0.85
14202,Coastal,2021-11-17,14.85,297.29,7.72,0.28
14203,Coastal,2021-11-18,15.26,349.0,10.86,0.06
14204,Coastal,2021-11-19,18.57,194.14,7.99,0.06
14205,Coastal,2021-11-20,18.27,224.45,6.48,0.64
14206,Coastal,2021-11-21,16.83,203.48,6.04,0.04
14207,Coastal,2021-11-22,14.2,285.8,6.89,0.05
14208,Coastal,2021-11-23,16.44,326.03,7.96,0.44
14209,Coastal,2021-11-24,20.22,459.18,8.99,0.23
14210,Coastal,2021-11-25,16.31,263.62,5.39,0.11
14211,Coastal,2021-11-26,17.0,402.21,7.67,0.07
14212,Coastal,2021-11-27,17.26,272.01,9.6,0.06
14213,Coastal,2021-11-28,15.34,344.89,8.1,0.03
14214,Coastal,2021-11-29,15.57,335.22,9.76,0.16
14215,Coastal,2021-11-30,15.71,277.96,5.48,0.06
14216,Coastal,2021-12-01,16.89,288.73,7.42,0.08
14217,Coastal,2021-12-02,18.52,488.73,7.95,0.0
14218,Coastal,2021-12-03,18.13,322.87,8.62,0.15
14219,Coastal,2021-12-04,18.96,450.06,6.53,0.24
14220,Coastal,2021-12-05,22.42,429.14,8.44,0.52
14221,Coastal,2021-12-06,23.45,330.67,8.57,0.22
14222,Coastal,2021-12-07,18.6,384.03,7.74,0.5
14223,Coastal,2021-12-08,20.42,398.74,8.56,0.09
14224,Coastal,2021-12-09,20.05,432.85,8.35,0.32
14225,Coastal,2021-12-10,21.05,366.34,6.9,0.45
14226,Coastal,2021-12-11,21.14,283.08,7.66,0.65
14227,Coastal,2021-12-12,18.17,352.49,6.03,0.08
14228,Coastal,2021-12-13,23.35,506.7,5.67,0.06
14229,Coastal,2021-12-14,22.61,415.9,8.31,0.12
14230,Coastal,2021-12-15,21.65,389.73,5.09,0.16
14231,Coastal,2021-12-16,21.26,310.39,7.58,0.23
14232,Coastal,2021-12-17,20.85,532.39,8.57,0.24
14233,Coastal,2021-12-18,20.63,421.89,7.98,0.02
14234,Coastal,2021-12-19,21.96,530.53,11.24,0.19
14235,Coastal,2021-12-20,21.07,503.2,8.61,0.04
14236,Coastal,2021-12-21,21.48,517.33,7.57,0.25
14237,Coastal,2021-12-22,20.95,591.57,8.89,3.75
14238,Coastal,2021-12-23,20.8,473.61,6.02,0.29
14239,Coastal,2021-12-24,25.07,458.39,9.49,0.24
14240,Coastal,2021-12-25,21.83,599.32,7.24,0.08
14241,Coastal,2021-12-26,21.01,546.08,9.66,0.04
14242,Coastal,2021-12-27,22.34,428.13,8.6,0.09
14243,Coastal,2021-12-28,19.76,573.14,8.94,0.54
14244,Coastal,2021-12-29,24.23,616.04,7.17,0.08
14245,Coastal,2021-12-30,22.55,316.0,6.28,0.34
14246,Coastal,2021-12-31,22.04,405.6,6.26,0.02
14247,Coastal,2022-01-01,22.01,445.52,5.43,0.22
14248,Coastal,2022-01-02,19.88,573.33,7.42,1.51
14249,Coastal,2022-01-03,26.86,583.75,7.11,0.16
14250,Coastal,2022-01-04,23.78,567.35,9.51,0.29
14251,Coastal,2022-01-05,27.18,601.04,6.44,0.26
14252,Coastal,2022-01-06,23.22,447.41,11.28,0.13
14253,Coastal,2022-01-07,24.82,444.7,6.48,0.4
14254,Coastal,2022-01-08,25.55,646.54,6.61,0.08
14255,Coastal,2022-01-09,25.23,559.69,5.75,0.55
14256,Coastal,2022-01-10,23.52,653.16,7.98,0.16
14257,Coastal,2022-01-11,21.05,505.64,7.47,0.03
14258,Coastal,2022-01-12,29.27,482.09,7.79,0.14
14259,Coastal,2022-01-13,23.46,469.93,8.55,0.08
14260,Coastal,2022-01-14,30.17,640.69,9.41,0.3
14261,Coastal,2022-01-15,24.05,672.15,6.17,0.17
14262,Coastal,2022-01-16,28.18,629.89,7.94,0.4
14263,Coastal,2022-01-17,26.76,552.81,9.19,0.39
14264,Coastal,2022-01-18,27.01,647.35,6.25,0.11
14265,Coastal,2022-01-19,24.66,650.03,12.03,0.11
14266,Coastal,2022-01-20,25.26,444.08,11.38,0.8
14267,Coastal,2022-01-21,25.45,582.88,7.75,0.08
14268,Coastal,2022-01-22,26.68,638.05,6.19,0.14
14269,Coastal,2022-01-23,26.12,709.09,6.36,0.42
14270,Coastal,2022-01-24,25.63,618.35,8.17,0.5
14271,Coastal,2022-01-25,24.97,641.76,8.76,0.05
14272,Coastal,2022-01-26,25.32,629.08,5.02,0.43
14273,Coastal,2022-01-27,27.97,660.29,6.35,0.14
14274,Coastal,2022-01-28,25.65,534.12,7.97,0.01
14275,Coastal,2022-01-29,25.01,599.7,5.63,0.16
14276,Coastal,2022-01-30,27.64,474.09,7.28,0.38
14277,Coastal,2022-01-31,23.14,621.67,8.35,0.1
14278,Coastal,2022-02-01,27.64,701.06,7.44,0.16
14279,Coastal,2022-02-02,27.95,602.37,6.57,0.03
14280,Coastal,2022-02-03,29.06,649.89,7.78,0.37
14281,Coastal,2022-02-04,28.76,705.5,8.39,0.11
14282,Coastal,2022-02-05,25.66,896.22,6.23,0.02
14283,Coastal,2022-02-06,27.98,676.01,8.1,0.54
14284,Coastal,2022-02-07,29.8,744.15,8.05,0.41
14285,Coastal,2022-02-08,29.46,675.68,8.32,0.17
14286,Coastal,2022-02-09,27.19,723.07,7.92,0.02
14287,Coastal,2022-02-10,29.72,696.22,7.69,0.16
14288,Coastal,2022-02-11,30.85,668.57,7.24,0.51
14289,Coastal,2022-02-12,27.19,689.91,7.0,0.19
14290,Coastal,2022-02-13,25.34,809.61,8.51,0.04
14291,Coastal,2022-02-14,32.94,736.63,7.26,0.47
14292,Coastal,2022-02-15,30.14,621.33,8.18,0.4
14293,Coastal,2022-02-16,28.71,686.69,8.13,0.16
14294,Coastal,2022-02-17,28.76,652.74,5.92,0.38
14295,Coastal,2022-02-18,30.15,801.69,6.83,0.01
14296,Coastal,2022-02-19,32.05,670.07,7.2,0.12
14297,Coastal,2022-02-20,27.05,803.04,7.39,0.2
14298,Coastal,2022-02-21,29.38,815.41,7.87,0.36
14299,Coastal,2022-02-22,33.59,751.95,7.46,0.71
14300,Coastal,2022-02-23,32.04,787.02,7.23,0.53
14301,Coastal,2022-02-24,31.96,706.33,6.49,0.14
14302,Coastal,2022-02-25,31.4,817.28,8.7,0.14
14303,Coastal,2022-02-26,31.3,653.0,7.6,0.48
14304,Coastal,2022-02-27,29.83,717.93,6.89,0.26
14305,Coastal,2022-02-28,29.74,733.02,6.44,0.02
14306,Coastal,2022-03-01,32.56,839.16,7.41,0.14
14307,Coastal,2022-03-02,29.95,899.19,7.01,0.61
14308,Coastal,2022-03-03,31.68,728.82,4.65,0.09
14309,Coastal,2022-03-04,31.49,759.86,5.42,0.04
14310,Coastal,2022-03-05,35.65,675.4,8.83,0.27
14311,Coastal,2022-03-06,31.02,765.45,7.4,0.42
14312,Coastal,2022-03-07,33.75,862.36,5.85,0.05
14313,Coastal,2022-03-08,32.9,632.63,6.22,0.06
14314,Coastal,2022-03-09,31.31,779.74,5.45,0.46
14315,Coastal,2022-03-10,29.12,837.59,5.93,0.0
14316,Coastal,2022-03-11,31.56,786.52,8.22,2.39
14317,Coastal,2022-03-12,33.53,768.53,6.38,0.01
14318,Coastal,2022-03-13,29.33,855.44,7.87,0.02
14319,Coastal,2022-03-14,33.5,722.17,9.03,0.4
14320,Coastal,2022-03-15,34.57,725.98,5.96,0.06
14321,Coastal,2022-03-16,32.12,642.02,4.58,0.05
14322,Coastal,2022-03-17,33.8,817.05,7.14,0.37
14323,Coastal,2022-03-18,32.29,809.92,5.22,0.16
14324,Coastal,2022-03-19,33.19,747.48,6.42,0.09
14325,Coastal,2022-03-20,35.07,722.9,6.64,0.25
14326,Coastal,2022-03-21,29.01,791.55,9.14,0.33
14327,Coastal,2022-03-22,30.61,803.9,6.8,0.4
14328,Coastal,2022-03-23,34.67,701.18,5.6,0.03
14329,Coastal,2022-03-24,35.06,641.99,7.19,0.17
14330,Coastal,2022-03-25,29.4,660.23,7.44,0.23
14331,Coastal,2022-03-26,35.35,682.49,7.99,0.02
14332,Coastal,2022-03-27,27.1,702.75,4.76,0.94
14333,Coastal,2022-03-28,33.51,792.81,8.05,0.01
14334,Coastal,2022-03-29,32.7,806.57,9.51,0.08
14335,Coastal,2022-03-30,30.8,786.49,7.95,0.04
14336,Coastal,2022-03-31,30.93,828.7,8.18,0.16
14337,Coastal,2022-04-01,31.0,832.04,5.32,0.04
14338,Coastal,2022-04-02,31.86,826.26,8.47,0.31
14339,Coastal,2022-04-03,36.23,806.79,5.19,0.03
14340,Coastal,2022-04-04,33.9,714.86,5.81,0.28
14341,Coastal,2022-04-05,35.11,692.19,5.14,0.1
14342,Coastal,2022-04-06,31.58,753.57,4.93,0.12
14343,Coastal,2022-04-07,32.66,888.81,5.76,0.24
14344,Coastal,2022-04-08,30.04,984.87,4.0,0.04
14345,Coastal,2022-04-09,31.6,841.18,4.67,0.28
14346,Coastal,2022-04-10,31.03,824.42,4.21,0.61
14347,Coastal,2022-04-11,33.08,880.24,7.93,0.09
14348,Coastal,2022-04-12,30.65,914.93,8.03,0.0
14349,Coastal,2022-04-13,30.36,719.03,9.38,0.13
14350,Coastal,2022-04-14,32.78,1023.88,5.43,0.47
14351,Coastal,2022-04-15,31.84,917.41,5.54,0.22
14352,Coastal,2022-04-16,30.5,679.72,6.62,0.24
14353,Coastal,2022-04-17,30.16,707.74,3.52,0.31
14354,Coastal,2022-04-18,30.41,1011.46,3.93,0.48
14355,Coastal,2022-04-19,33.38,867.45,2.97,0.03
14356,Coastal,2022-04-20,32.53,735.05,6.59,0.18
14357,Coastal,2022-04-21,30.13,787.4,4.01,0.44
14358,Coastal,2022-04-22,30.15,839.55,6.77,0.3
14359,Coastal,2022-04-23,29.22,848.38,4.54,0.06
14360,Coastal,2022-04-24,30.66,884.74,5.21,0.42
14361,Coastal,2022-04-25,31.62,792.56,4.92,0.07
14362,Coastal,2022-04-26,29.55,793.44,5.43,0.11
14363,Coastal,2022-04-27,35.6,739.65,4.38,0.04
14364,Coastal,2022-04-28,32.4,692.1,6.64,0.43
14365,Coastal,2022-04-29,31.01,686.0,4.8,0.02
14366,Coastal,2022-04-30,31.16,750.01,5.57,1.03
14367,Coastal,2022-05-01,28.12,786.48,5.15,0.08
14368,Coastal,2022-05-02,28.42,639.87,3.44,0.25
14369,Coastal,2022-05-03,33.37,917.28,6.96,0.03
14370,Coastal,2022-05-04,33.9,695.13,3.92,0.13
14371,Coastal,2022-05-05,26.1,679.33,6.09,0.04
14372,Coastal,2022-05-06,31.38,742.7,5.94,0.42
14373,Coastal,2022-05-07,33.1,552.35,2.57,0.12
14374,Coastal,2022-05-08,29.55,767.79,4.52,0.27
14375,Coastal,2022-05-09,33.17,656.48,5.63,2.25
14376,Coastal,2022-05-10,31.55,578.7,4.3,0.01
14377,Coastal,2022-05-11,30.81,740.64,4.52,0.14
14378,Coastal,2022-05-12,29.31,737.17,5.01,0.21
14379,Coastal,2022-05-13,29.87,877.99,4.09,0.01
14380,Coastal,2022-05-14,28.67,733.24,5.17,0.19
14381,Coastal,2022-05-15,30.04,729.08,4.67,0.02
14382,Coastal,2022-05-16,29.83,714.98,4.29,0.14
14383,Coastal,2022-05-17,28.34,501.71,3.1,0.04
14384,Coastal,2022-05-18,25.18,710.38,5.14,0.04
14385,Coastal,2022-05-19,28.56,696.54,0.9,0.15
14386,Coastal,2022-05-20,26.79,684.97,4.88,0.16
14387,Coastal,2022-05-21,26.45,625.91,4.49,0.0
14388,Coastal,2022-05-22,27.18,733.83,3.23,0.14
14389,Coastal,2022-05-23,30.08,606.45,2.34,0.22
14390,Coastal,2022-05-24,26.06,736.92,5.03,0.23
14391,Coastal,2022-05-25,26.37,707.39,4.01,0.38
14392,Coastal,2022-05-26,29.42,784.32,4.57,0.45
14393,Coastal,2022-05-27,26.34,630.76,1.59,0.2
14394,Coastal,2022-05-28,25.47,770.55,5.04,0.13
14395,Coastal,2022-05-29,29.2,676.2,5.71,0.05
14396,Coastal,2022-05-30,27.17,648.8,4.06,0.03
14397,Coastal,2022-05-31,27.41,582.12,2.92,0.94
14398,Coastal,2022-06-01,26.69,677.53,4.9,0.59
14399,Coastal,2022-06-02,27.83,603.26,3.81,0.07
14400,Coastal,2022-06-03,28.2,634.54,5.51,0.02
14401,Coastal,2022-06-04,26.43,694.35,4.24,0.11
14402,Coastal,2022-06-05,23.52,625.04,0.98,0.0
14403,Coastal,2022-06-06,26.96,648.19,0.65,0.16
14404,Coastal,2022-06-07,25.53,739.17,3.1,0.01
14405,Coastal,2022-06-08,27.76,658.34,4.83,0.53
14406,Coastal,2022-06-09,24.1,554.18,3.4,0.41
14407,Coastal,2022-06-10,25.1,571.25,4.86,0.12
14408,Coastal,2022-06-11,22.6,610.08,3.12,0.03
14409,Coastal,2022-06-12,26.97,763.66,7.19,0.61
14410,Coastal,2022-06-13,27.69,482.24,3.81,0.34
14411,Coastal,2022-06-14,24.1,599.28,4.48,0.57
14412,Coastal,2022-06-15,24.52,688.25,2.63,0.41
14413,Coastal,2022-06-16,23.12,623.28,3.43,0.02
14414,Coastal,2022-06-17,23.15,558.52,4.79,0.19
14415,Coastal,2022-06-18,25.79,426.49,3.98,0.68
14416,Coastal,2022-06-19,23.23,679.92,0.0,0.03
14417,Coastal,2022-06-20,25.02,516.07,4.78,0.34
14418,Coastal,2022-06-21,23.87,472.6,4.94,0.09
14419,Coastal,2022-06-22,25.23,563.81,5.12,0.02
14420,Coastal,2022-06-23,22.77,652.8,5.67,0.61
14421,Coastal,2022-06-24,25.56,565.89,4.28,0.13
14422,Coastal,2022-06-25,26.97,499.19,7.6,0.0
14423,Coastal,2022-06-26,19.64,543.06,4.36,0.13
14424,Coastal,2022-06-27,22.69,527.54,0.55,0.21
14425,Coastal,2022-06-28,22.52,475.46,4.34,0.29
14426,Coastal,2022-06-29,21.1,513.13,5.68,0.02
14427,Coastal,2022-06-30,23.17,436.64,1.93,0.42
14428,Coastal,2022-07-01,24.43,418.3,3.59,0.04
14429,Coastal,2022-07-02,18.06,536.46,5.82,0.21
14430,Coastal,2022-07-03,17.74,455.54,3.15,0.16
14431,Coastal,2022-07-04,24.98,479.88,3.65,0.42
14432,Coastal,2022-07-05,21.02,415.03,5.18,0.01
14433,Coastal,2022-07-06,21.5,426.28,2.09,0.04
14434,Coastal,2022-07-07,19.02,427.83,3.99,0.03
14435,Coastal,2022-07-08,21.07,414.39,2.56,0.08
14436,Coastal,2022-07-09,23.55,423.47,3.62,0.08
14437,Coastal,2022-07-10,21.64,466.95,4.38,0.02
14438,Coastal,2022-07-11,20.86,557.27,5.62,0.14
14439,Coastal,2022-07-12,16.76,501.87,4.51,0.02
14440,Coastal,2022-07-13,21.62,409.18,3.2,0.02
14441,Coastal,2022-07-14,19.99,380.3,5.85,0.01
14442,Coastal,2022-07-15,18.58,283.57,4.99,2.65
14443,Coastal,2022-07-16,20.92,367.05,1.16,0.1
14444,Coastal,2022-07-17,17.77,328.06,5.34,0.07
14445,Coastal,2022-07-18,20.43,415.35,4.19,0.66
14446,Coastal,2022-07-19,21.57,539.55,4.05,0.03
14447,Coastal,2022-07-20,19.29,369.56,5.9,0.1
14448,Coastal,2022-07-21,17.97,280.1,3.82,0.21
14449,Coastal,2022-07-22,17.51,375.81,5.48,0.07
14450,Coastal,2022-07-23,19.26,351.42,6.06,2.58
14451,Coastal,2022-07-24,17.47,482.81,4.25,0.03
14452,Coastal,2022-07-25,22.91,226.41,4.85,0.13
14453,Coastal,2022-07-26,15.19,293.17,5.23,1.08
14454,Coastal,2022-07-27,17.61,428.72,4.9,0.5
14455,Coastal,2022-07-28,18.26,237.66,5.55,0.51
14456,Coastal,2022-07-29,17.87,404.56,2.67,0.28
14457,Coastal,2022-07-30,16.29,300.89,3.29,0.57
14458,Coastal,2022-07-31,19.72,431.73,2.38,0.08
14459,Coastal,2022-08-01,18.44,341.26,6.82,0.45
14460,Coastal,2022-08-02,18.44,328.01,1.79,0.02
14461,Coastal,2022-08-03,15.48,384.33,6.3,0.04
14462,Coastal,2022-08-04,15.87,333.65,5.05,0.02
14463,Coastal,2022-08-05,17.51,228.98,3.05,0.07
14464,Coastal,2022-08-06,14.19,282.0,2.47,0.41
14465,Coastal,2022-08-07,17.59,189.34,4.35,0.03
14466,Coastal,2022-08-08,15.92,246.27,4.09,0.25
14467,Coastal,2022-08-09,18.11,140.27,5.04,0.05
14468,Coastal,2022-08-10,15.0,494.44,1.17,0.06
14469,Coastal,2022-08-11,19.35,301.35,4.21,0.0
14470,Coastal,2022-08-12,16.41,342.23,3.2,0.11
14471,Coastal,2022-08-13,16.5,228.95,6.45,0.75
14472,Coastal,2022-08-14,13.95,334.07,5.17,0.12
14473,Coastal,2022-08-15,15.72,350.23,3.82,0.34
14474,Coastal,2022-08-16,14.0,359.6,6.74,0.17
14475,Coastal,2022-08-17,11.89,274.52,3.98,0.0
14476,Coastal,2022-08-18,14.47,358.87,4.5,0.88
14477,Coastal,2022-08-19,17.07,225.59,5.09,0.59
14478,Coastal,2022-08-20,14.5,300.77,6.07,0.16
14479,Coastal,2022-08-21,13.93,271.4,4.75,0.15
14480,Coastal,2022-08-22,13.8,170.29,6.89,1.11
14481,Coastal,2022-08-23,18.79,114.76,4.19,0.41
14482,Coastal,2022-08-24,15.42,234.14,3.35,0.83
14483,Coastal,2022-08-25,10.93,231.41,7.23,0.1
14484,Coastal,2022-08-26,12.92,230.52,4.4,0.01
14485,Coastal,2022-08-27,13.11,333.22,5.79,0.02
14486,Coastal,2022-08-28,12.38,356.52,6.08,0.21
14487,Coastal,2022-08-29,13.86,296.28,8.08,0.19
14488,Coastal,2022-08-30,12.49,288.04,4.54,0.05
14489,Coastal,2022-08-31,12.53,232.09,5.81,0.25
14490,Coastal,2022-09-01,13.78,250.12,3.88,0.07
14491,Coastal,2022-09-02,10.31,267.95,4.36,0.07
14492,Coastal,2022-09-03,9.01,242.45,3.97,0.01
14493,Coastal,2022-09-04,15.72,276.4,6.41,0.16
14494,Coastal,2022-09-05,14.84,230.48,6.55,0.07
14495,Coastal,2022-09-06,13.83,185.11,5.76,0.34
14496,Coastal,2022-09-07,13.64,243.63,4.07,0.32
14497,Coastal,2022-09-08,12.59,201.9,4.29,0.03
14498,Coastal,2022-09-09,18.93,335.12,4.25,0.03
14499,Coastal,2022-09-10,13.23,182.98,5.87,0.08
14500,Coastal,2022-09-11,18.0,444.27,2.99,0.17
14501,Coastal,2022-09-12,16.86,345.07,4.8,0.08
14502,Coastal,2022-09-13,13.61,121.78,3.42,0.43
14503,Coastal,2022-09-14,12.22,311.09,6.22,0.03
14504,Coastal,2022-09-15,12.62,199.58,4.01,0.08
14505,Coastal,2022-09-16,11.75,253.61,8.47,0.64
14506,Coastal,2022-09-17,13.43,333.33,7.13,0.84
14507,Coastal,2022-09-18,13.82,144.11,5.46,0.36
14508,Coastal,2022-09-19,9.99,168.05,6.25,0.31
14509,Coastal,2022-09-20,17.64,264.49,6.37,0.16
14510,Coastal,2022-09-21,10.82,174.06,4.26,0.09
14511,Coastal,2022-09-22,6.99,24.68,7.59,0.39
14512,Coastal,2022-09-23,12.17,279.12,5.62,0.09
14513,Coastal,2022-09-24,10.02,231.02,4.65,0.18
14514,Coastal,2022-09-25,12.2,199.14,6.65,0.3
14515,Coastal,2022-09-26,12.43,210.64,4.19,0.3
14516,Coastal,2022-09-27,13.17,379.4,6.89,0.14
14517,Coastal,2022-09-28,14.29,281.15,6.45,0.45
14518,Coastal,2022-09-29,10.26,131.15,5.0,0.17
14519,Coastal,2022-09-30,11.54,209.85,7.44,0.04
14520,Coastal,2022-10-01,13.63,294.95,7.1,0.99
14521,Coastal,2022-10-02,10.96,293.42,5.59,0.14
14522,Coastal,2022-10-03,8.53,80.27,6.92,0.06
14523,Coastal,2022-10-04,13.54,160.7,4.15,0.4
14524,Coastal,2022-10-05,11.18,110.51,6.92,0.03
14525,Coastal,2022-10-06,11.06,252.91,4.03,0.08
14526,Coastal,2022-10-07,12.59,129.76,6.44,0.12
14527,Coastal,2022-10-08,12.38,327.39,7.32,3.03
14528,Coastal,2022-10-09,14.39,307.42,6.82,0.03
14529,Coastal,2022-10-10,9.93,184.91,8.68,0.47
14530,Coastal,2022-10-11,16.98,104.42,5.19,0.32
14531,Coastal,2022-10-12,9.66,143.53,7.03,0.33
14532,Coastal,2022-10-13,11.75,243.86,3.25,0.25
14533,Coastal,2022-10-14,10.83,277.16,5.72,0.18
14534,Coastal,2022-10-15,12.72,207.2,6.07,0.03
14535,Coastal,2022-10-16,12.7,6.22,8.9,0.17
14536,Coastal,2022-10-17,13.04,267.53,6.55,0.09
14537,Coastal,2022-10-18,13.28,53.05,7.99,0.11
14538,Coastal,2022-10-19,15.43,46.79,5.29,0.33
14539,Coastal,2022-10-20,13.19,297.91,6.18,0.16
14540,Coastal,2022-10-21,15.71,124.97,5.46,0.27
14541,Coastal,2022-10-22,9.49,241.79,5.26,0.13
14542,Coastal,2022-10-23,8.69,231.06,5.39,0.16
14543,Coastal,2022-10-24,13.38,161.34,5.89,0.25
14544,Coastal,2022-10-25,13.85,244.39,9.91,0.06
14545,Coastal,2022-10-26,12.21,186.08,6.79,0.38
14546,Coastal,2022-10-27,13.33,236.21,4.87,0.55
14547,Coastal,2022-10-28,15.58,203.88,6.15,0.25
14548,Coastal,2022-10-29,14.85,197.12,8.49,0.08
14549,Coastal,2022-10-30,12.94,186.99,5.94,0.24
14550,Coastal,2022-10-31,14.08,170.49,9.26,0.01
14551,Coastal,2022-11-01,15.29,313.26,8.6,0.53
14552,Coastal,2022-11-02,11.41,211.58,6.79,0.31
14553,Coastal,2022-11-03,12.35,160.12,6.13,0.22
14554,Coastal,2022-11-04,15.9,220.84,5.71,0.08
14555,Coastal,2022-11-05,10.7,214.31,7.46,0.37
14556,Coastal,2022-11-06,12.08,228.07,7.82,0.29
14557,Coastal,2022-11-07,11.93,319.79,9.23,0.12
14558,Coastal,2022-11-08,16.3,215.69,7.79,0.04
14559,Coastal,2022-11-09,12.41,238.81,6.75,0.04
14560,Coastal,2022-11-10,16.27,323.96,9.37,0.13
14561,Coastal,2022-11-11,14.09,311.42,8.56,1.53
14562,Coastal,2022-11-12,18.47,224.41,6.32,0.25
14563,Coastal,2022-11-13,15.29,360.19,7.26,0.14
14564,Coastal,2022-11-14,17.29,359.26,8.4,0.05
14565,Coastal,2022-11-15,16.2,357.3,7.89,0.05
14566,Coastal,2022-11-16,14.5,318.09,5.94,0.01
14567,Coastal,2022-11-17,15.5,283.77,7.74,0.04
14568,Coastal,2022-11-18,15.67,215.58,6.49,0.0
14569,Coastal,2022-11-19,14.86,194.72,7.62,0.22
14570,Coastal,2022-11-20,17.69,302.59,5.59,0.18
14571,Coastal,2022-11-21,21.07,314.52,6.23,0.88
14572,Coastal,2022-11-22,16.42,296.56,10.74,1.44
14573,Coastal,2022-11-23,17.76,312.7,6.97,0.06
14574,Coastal,2022-11-24,17.52,434.85,9.3,1.23
14575,Coastal,2022-11-25,11.38,460.18,7.46,0.0
14576,Coastal,2022-11-26,17.73,245.79,5.86,0.86
14577,Coastal,2022-11-27,17.77,361.68,6.07,0.95
14578,Coastal,2022-11-28,14.54,347.13,6.51,0.13
14579,Coastal,2022-11-29,13.61,401.4,10.94,0.14
14580,Coastal,2022-11-30,18.19,490.55,7.39,0.56
14581,Coastal,2022-12-01,20.77,531.42,8.03,0.38
14582,Coastal,2022-12-02,16.9,418.5,8.79,0.36
14583,Coastal,2022-12-03,17.13,368.74,8.54,0.1
14584,Coastal,2022-12-04,22.56,341.16,9.1,0.38
14585,Coastal,2022-12-05,19.89,573.78,7.03,0.46
14586,Coastal,2022-12-06,15.83,318.16,6.06,0.49
14587,Coastal,2022-12-07,16.99,450.12,6.43,0.59
14588,Coastal,2022-12-08,22.93,367.95,5.56,0.14
14589,Coastal,2022-12-09,17.41,286.81,7.09,0.4
14590,Coastal,2022-12-10,17.83,535.98,2.29,0.09
14591,Coastal,2022-12-11,20.4,264.24,8.98,0.36
14592,Coastal,2022-12-12,18.69,236.62,8.76,0.09
14593,Coastal,2022-12-13,20.27,469.46,6.45,0.19
14594,Coastal,2022-12-14,20.13,394.07,5.86,0.13
14595,Coastal,2022-12-15,19.43,457.92,10.23,0.45
14596,Coastal,2022-12-16,22.3,427.83,9.39,0.01
14597,Coastal,2022-12-17,17.5,481.47,7.56,0.59
14598,Coastal,2022-12-18,20.45,414.81,6.94,0.12
14599,Coastal,2022-12-19,19.23,515.71,8.02,0.66
14600,Coastal,2022-12-20,23.84,523.1,5.81,0.35
14601,Coastal,2022-12-21,20.38,577.62,8.42,0.22
14602,Coastal,2022-12-22,24.74,559.94,6.18,0.61
14603,Coastal,2022-12-23,20.23,455.42,4.4,0.16
14604,Coastal,2022-12-24,21.46,524.76,6.77,0.16
14605,Coastal,2022-12-25,23.59,507.6,6.47,0.71
14606,Coastal,2022-12-26,19.67,513.05,10.71,0.52
14607,Coastal,2022-12-27,24.77,378.61,10.51,0.05
14608,Coastal,2022-12-28,21.98,549.93,6.32,0.07
14609,Coastal,2022-12-29,22.92,543.54,7.85,0.2
14610,Coastal,2022-12-30,23.36,645.62,7.02,0.56
14611,Coastal,2022-12-31,22.29,598.41,10.76,0.17
14612,Coastal,2023-01-01,21.0,522.29,5.27,0.26
14613,Coastal,2023-01-02,22.98,507.35,8.7,0.02
14614,Coastal,2023-01-03,18.94,440.31,9.91,0.15
14615,Coastal,2023-01-04,20.51,671.21,7.17,0.03
14616,Coastal,2023-01-05,23.02,445.7,8.02,0.06
14617,Coastal,2023-01-06,26.57,386.54,9.57,0.04
14618,Coastal,2023-01-07,26.68,613.17,6.32,0.04
14619,Coastal,2023-01-08,25.77,553.25,8.93,0.96
14620,Coastal,2023-01-09,20.91,572.54,5.65,0.07
14621,Coastal,2023-01-10,24.75,571.39,5.57,0.17
14622,Coastal,2023-01-11,22.6,476.89,9.23,0.0
14623,Coastal,2023-01-12,24.36,596.08,6.5,1.64
14624,Coastal,2023-01-13,26.57,545.78,8.21,0.23
14625,Coastal,2023-01-14,26.14,539.58,6.17,0.05
14626,Coastal,2023-01-15,27.56,695.43,8.35,0.01
14627,Coastal,2023-01-16,22.34,649.83,5.43,0.06
14628,Coastal,2023-01-17,23.27,407.4,9.85,0.2
14629,Coastal,2023-01-18,28.5,613.69,9.11,0.0
14630,Coastal,2023-01-19,28.69,686.54,6.98,0.02
14631,Coastal,2023-01-20,25.78,506.43,5.08,0.11
14632,Coastal,2023-01-21,25.92,541.82,7.55,0.04
14633,Coastal,2023-01-22,28.47,695.72,7.31,0.2
14634,Coastal,2023-01-23,27.35,584.13,7.02,0.04
14635,Coastal,2023-01-24,27.66,466.9,9.39,1.01
14636,Coastal,2023-01-25,24.75,725.81,9.62,0.57
14637,Coastal,2023-01-26,29.05,620.52,8.43,0.03
14638,Coastal,2023-01-27,26.51,668.96,10.01,0.02
14639,Coastal,2023-01-28,24.27,639.68,3.55,0.11
14640,Coastal,2023-01-29,25.65,737.81,7.28,0.33
14641,Coastal,2023-01-30,26.16,564.68,7.19,0.12
14642,Coastal,2023-01-31,30.46,710.15,8.97,0.03
14643,Coastal,2023-02-01,26.26,766.9,7.21,0.13
14644,Coastal,2023-02-02,28.56,557.78,8.5,0.08
14645,Coastal,2023-02-03,23.72,610.85,6.93,0.14
14646,Coastal,2023-02-04,29.95,805.81,6.62,0.1
14647,Coastal,2023-02-05,26.63,764.91,8.81,0.21
14648,Coastal,2023-02-06,29.14,617.0,7.58,0.33
14649,Coastal,2023-02-07,29.27,589.45,8.03,0.44
14650,Coastal,2023-02-08,29.89,713.24,5.68,0.27
14651,Coastal,2023-02-09,29.42,720.96,8.54,0.09
14652,Coastal,2023-02-10,32.72,693.76,5.88,0.6
14653,Coastal,2023-02-11,29.43,889.0,10.05,0.21
14654,Coastal,2023-02-12,33.64,757.86,7.07,0.05
14655,Coastal,2023-02-13,30.54,642.6,6.81,0.24
14656,Coastal,2023-02-14,29.94,798.11,8.74,0.21
14657,Coastal,2023-02-15,31.29,721.75,7.3,0.21
14658,Coastal,2023-02-16,30.02,666.49,8.43,0.08
14659,Coastal,2023-02-17,30.64,796.17,6.88,0.18
14660,Coastal,2023-02-18,30.55,845.54,8.37,0.04
14661,Coastal,2023-02-19,30.46,748.09,7.16,0.04
14662,Coastal,2023-02-20,34.31,655.91,8.55,1.46
14663,Coastal,2023-02-21,34.72,746.33,8.95,0.1
14664,Coastal,2023-02-22,30.94,663.91,4.82,0.16
14665,Coastal,2023-02-23,32.91,761.58,7.71,0.07
14666,Coastal,2023-02-24,32.89,806.8,9.88,0.05
14667,Coastal,2023-02-25,32.77,591.22,8.04,0.3
14668,Coastal,2023-02-26,31.77,809.43,10.74,0.32
14669,Coastal,2023-02-27,32.1,725.04,5.66,0.36
14670,Coastal,2023-02-28,32.0,712.65,7.41,0.39
14671,Coastal,2023-03-01,29.51,654.05,7.73,0.11
14672,Coastal,2023-03-02,30.9,676.89,6.17,1.66
14673,Coastal,2023-03-03,28.72,906.39,5.08,0.08
14674,Coastal,2023-03-04,32.34,835.54,10.16,0.05
14675,Coastal,2023-03-05,32.13,873.46,8.56,0.23
14676,Coastal,2023-03-06,32.74,703.52,7.68,0.04
14677,Coastal,2023-03-07,29.86,918.13,6.88,0.12
14678,Coastal,2023-03-08,33.41,770.96,6.99,0.18
14679,Coastal,2023-03-09,32.49,715.16,7.69,0.1
14680,Coastal,2023-03-10,36.08,693.91,8.88,0.43
14681,Coastal,2023-03-11,33.28,698.09,5.62,0.19
14682,Coastal,2023-03-12,30.53,723.95,6.81,0.03
14683,Coastal,2023-03-13,29.08,713.81,6.06,0.26
14684,Coastal,2023-03-14,32.27,859.21,5.0,0.38
14685,Coastal,2023-03-15,29.82,996.43,5.63,0.18
14686,Coastal,2023-03-16,30.46,769.96,6.84,0.27
14687,Coastal,2023-03-17,30.04,772.8,6.04,0.16
14688,Coastal,2023-03-18,30.85,643.6,6.49,0.19
14689,Coastal,2023-03-19,34.96,719.33,7.51,0.56
14690,Coastal,2023-03-20,30.15,664.72,8.12,0.01
14691,Coastal,2023-03-21,31.27,860.42,10.33,1.02
14692,Coastal,2023-03-22,29.28,950.88,7.47,0.09
14693,Coastal,2023-03-23,28.76,710.5,5.36,0.31
14694,Coastal,2023-03-24,31.63,781.42,7.9,0.45
14695,Coastal,2023-03-25,32.63,778.39,5.74,0.02
14696,Coastal,2023-03-26,29.93,853.45,5.13,0.01
14697,Coastal,2023-03-27,29.21,807.62,7.08,0.62
14698,Coastal,2023-03-28,28.51,968.69,8.23,0.52
14699,Coastal,2023-03-29,32.55,739.84,5.17,0.51
14700,Coastal,2023-03-30,34.14,871.89,6.52,0.56
14701,Coastal,2023-03-31,29.41,752.38,6.69,0.69
14702,Coastal,2023-04-01,30.97,671.83,4.55,0.75
14703,Coastal,2023-04-02,34.43,913.99,3.79,2.23
14704,Coastal,2023-04-03,31.83,949.54,3.8,0.02
14705,Coastal,2023-04-04,32.05,832.17,7.79,0.34
14706,Coastal,2023-04-05,33.0,748.59,5.14,0.25
14707,Coastal,2023-04-06,31.34,707.45,4.86,0.03
14708,Coastal,2023-04-07,30.65,842.83,6.25,0.27
14709,Coastal,2023-04-08,32.8,627.19,7.69,0.13
14710,Coastal,2023-04-09,29.4,866.34,3.95,0.38
14711,Coastal,2023-04-10,28.91,762.35,2.83,0.34
14712,Coastal,2023-04-11,30.72,759.73,7.85,0.57
14713,Coastal,2023-04-12,33.49,708.04,6.37,0.02
14714,Coastal,2023-04-13,34.36,677.83,3.96,1.24
14715,Coastal,2023-04-14,31.04,786.98,4.87,0.09
14716,Coastal,2023-04-15,33.61,806.02,3.99,0.3
14717,Coastal,2023-04-16,34.67,781.7,6.42,0.18
14718,Coastal,2023-04-17,31.93,875.19,6.97,0.14
14719,Coastal,2023-04-18,33.08,790.9,6.4,0.0
14720,Coastal,2023-04-19,35.49,841.75,5.62,0.19
14721,Coastal,2023-04-20,30.29,665.33,5.9,0.11
14722,Coastal,2023-04-21,31.16,745.71,4.19,0.08
14723,Coastal,2023-04-22,34.78,897.9,4.6,0.9
14724,Coastal,2023-04-23,29.63,855.02,5.25,0.24
14725,Coastal,2023-04-24,31.76,801.97,4.79,0.16
14726,Coastal,2023-04-25,30.12,742.89,5.17,0.41
14727,Coastal,2023-04-26,34.03,696.11,2.72,0.05
14728,Coastal,2023-04-27,28.86,726.38,6.43,0.19
14729,Coastal,2023-04-28,31.02,817.42,3.47,0.39
14730,Coastal,2023-04-29,28.98,605.38,1.89,0.03
14731,Coastal,2023-04-30,28.05,905.11,3.95,0.05
14732,Coastal,2023-05-01,27.11,858.05,4.67,0.09
14733,Coastal,2023-05-02,30.48,853.57,7.99,0.98
14734,Coastal,2023-05-03,31.69,802.74,4.2,0.17
14735,Coastal,2023-05-04,30.67,759.41,5.22,0.13
14736,Coastal,2023-05-05,31.0,778.13,5.35,0.08
14737,Coastal,2023-05-06,29.57,715.68,2.57,0.12
14738,Coastal,2023-05-07,32.3,911.37,4.66,0.3
14739,Coastal,2023-05-08,31.69,727.78,4.39,0.5
14740,Coastal,2023-05-09,30.38,697.64,4.89,0.02
14741,Coastal,2023-05-10,30.43,711.23,5.37,0.07
14742,Coastal,2023-05-11,28.98,671.31,5.99,0.04
14743,Coastal,2023-05-12,33.69,790.52,3.4,0.11
14744,Coastal,2023-05-13,31.3,680.84,5.38,0.15
14745,Coastal,2023-05-14,29.36,708.8,3.54,0.26
14746,Coastal,2023-05-15,29.1,822.21,3.24,0.42
14747,Coastal,2023-05-16,28.55,797.34,7.21,0.16
14748,Coastal,2023-05-17,28.61,626.08,1.84,0.13
14749,Coastal,2023-05-18,29.57,798.69,3.76,0.17
14750,Coastal,2023-05-19,25.54,587.1,4.85,0.44
14751,Coastal,2023-05-20,28.32,576.45,3.59,0.21
14752,Coastal,2023-05-21,28.43,666.49,4.69,0.31
14753,Coastal,2023-05-22,28.54,712.06,2.43,0.25
14754,Coastal,2023-05-23,28.77,666.62,1.66,0.51
14755,Coastal,2023-05-24,28.35,715.6,3.09,1.7
14756,Coastal,2023-05-25,28.96,646.2,4.61,0.08
14757,Coastal,2023-05-26,27.74,507.39,4.1,0.39
14758,Coastal,2023-05-27,29.84,652.63,5.3,0.13
14759,Coastal,2023-05-28,29.04,541.92,2.19,0.38
14760,Coastal,2023-05-29,32.07,659.47,3.44,0.47
14761,Coastal,2023-05-30,28.83,554.59,4.18,0.23
14762,Coastal,2023-05-31,25.79,691.76,2.82,0.25
14763,Coastal,2023-06-01,26.82,754.26,4.46,0.03
14764,Coastal,2023-06-02,25.97,503.03,3.81,0.08
14765,Coastal,2023-06-03,26.85,473.42,4.95,0.16
14766,Coastal,2023-06-04,28.87,608.12,4.64,0.0
14767,Coastal,2023-06-05,25.87,717.85,1.41,0.38
14768,Coastal,2023-06-06,25.23,635.29,6.38,0.09
14769,Coastal,2023-06-07,27.24,583.94,0.9,1.29
14770,Coastal,2023-06-08,24.42,527.25,1.82,0.29
14771,Coastal,2023-06-09,24.14,666.39,4.02,0.16
14772,Coastal,2023-06-10,26.49,726.67,4.57,0.31
14773,Coastal,2023-06-11,21.98,449.27,3.69,0.23
14774,Coastal,2023-06-12,24.44,617.44,3.29,0.45
14775,Coastal,2023-06-13,26.95,792.61,3.97,0.34
14776,Coastal,2023-06-14,21.41,535.62,4.87,0.2
14777,Coastal,2023-06-15,21.39,563.84,2.35,0.03
14778,Coastal,2023-06-16,21.87,571.34,2.39,0.3
14779,Coastal,2023-06-17,19.11,536.41,2.76,0.23
14780,Coastal,2023-06-18,28.2,651.82,6.03,0.07
14781,Coastal,2023-06-19,24.48,703.13,4.6,0.37
14782,Coastal,2023-06-20,22.73,417.56,4.89,0.09
14783,Coastal,2023-06-21,21.32,474.09,6.41,0.16
14784,Coastal,2023-06-22,28.13,643.43,5.2,0.08
14785,Coastal,2023-06-23,24.87,586.65,4.25,0.26
14786,Coastal,2023-06-24,23.13,568.43,6.35,0.17
14787,Coastal,2023-06-25,25.66,584.08,2.55,0.13
14788,Coastal,2023-06-26,23.82,530.91,3.61,0.0
14789,Coastal,2023-06-27,21.87,556.56,5.74,0.93
14790,Coastal,2023-06-28,21.49,486.87,0.71,0.19
14791,Coastal,2023-06-29,21.35,489.5,2.81,0.04
14792,Coastal,2023-06-30,20.32,494.96,5.18,0.08
14793,Coastal,2023-07-01,24.41,464.83,4.16,0.42
14794,Coastal,2023-07-02,20.98,529.76,4.77,0.16
14795,Coastal,2023-07-03,24.55,510.9,1.13,0.11
14796,Coastal,2023-07-04,20.01,332.64,2.74,2.75
14797,Coastal,2023-07-05,20.3,460.52,4.98,0.33
14798,Coastal,2023-07-06,20.42,473.3,2.66,0.02
14799,Coastal,2023-07-07,19.36,588.91,5.25,0.39
14800,Coastal,2023-07-08,19.81,438.44,4.45,0.03
14801,Coastal,2023-07-09,21.91,463.98,2.26,0.04
14802,Coastal,2023-07-10,23.05,445.02,4.54,0.02
14803,Coastal,2023-07-11,21.07,551.84,5.16,0.66
14804,Coastal,2023-07-12,17.92,345.41,4.58,0.21
14805,Coastal,2023-07-13,18.94,373.15,4.85,0.28
14806,Coastal,2023-07-14,18.81,362.76,1.46,0.01
14807,Coastal,2023-07-15,23.2,427.01,7.44,0.2
14808,Coastal,2023-07-16,21.61,301.4,8.3,0.19
14809,Coastal,2023-07-17,21.9,533.14,6.22,0.15
14810,Coastal,2023-07-18,17.89,444.23,4.26,0.01
14811,Coastal,2023-07-19,16.59,452.9,3.49,0.55
14812,Coastal,2023-07-20,20.12,569.36,3.54,0.28
14813,Coastal,2023-07-21,17.89,368.8,5.3,0.09
14814,Coastal,2023-07-22,19.24,459.96,5.74,0.15
14815,Coastal,2023-07-23,19.32,433.27,3.17,0.09
14816,Coastal,2023-07-24,17.54,505.08,4.13,0.12
14817,Coastal,2023-07-25,20.19,432.49,6.06,0.18
14818,Coastal,2023-07-26,15.1,331.77,4.04,0.1
14819,Coastal,2023-07-27,18.08,401.76,4.37,0.19
14820,Coastal,2023-07-28,19.07,311.48,6.28,0.13
14821,Coastal,2023-07-29,20.96,321.28,6.06,0.21
14822,Coastal,2023-07-30,17.68,353.03,5.46,0.06
14823,Coastal,2023-07-31,19.77,334.77,2.67,0.04
14824,Coastal,2023-08-01,19.49,273.67,2.7,0.0
14825,Coastal,2023-08-02,21.64,159.23,3.2,0.18
14826,Coastal,2023-08-03,17.47,360.14,3.54,3.95
14827,Coastal,2023-08-04,20.78,361.53,4.67,0.55
14828,Coastal,2023-08-05,18.15,356.96,4.22,0.05
14829,Coastal,2023-08-06,13.32,476.14,4.14,0.0
14830,Coastal,2023-08-07,16.31,196.62,4.02,0.14
14831,Coastal,2023-08-08,14.28,439.67,3.11,0.98
14832,Coastal,2023-08-09,19.04,510.73,3.75,4.12
14833,Coastal,2023-08-10,16.19,448.49,8.12,0.02
14834,Coastal,2023-08-11,13.08,275.51,5.54,0.34
14835,Coastal,2023-08-12,17.36,335.82,4.54,0.04
14836,Coastal,2023-08-13,18.11,234.07,2.28,0.33
14837,Coastal,2023-08-14,14.53,237.93,3.07,0.38
14838,Coastal,2023-08-15,14.32,426.19,4.52,0.0
14839,Coastal,2023-08-16,15.5,340.62,6.65,0.05
14840,Coastal,2023-08-17,11.35,341.93,4.98,0.01
14841,Coastal,2023-08-18,16.28,187.79,4.98,0.69
14842,Coastal,2023-08-19,18.13,156.34,6.35,0.01
14843,Coastal,2023-08-20,13.33,355.21,3.25,0.2
14844,Coastal,2023-08-21,18.21,301.27,6.85,0.16
14845,Coastal,2023-08-22,16.4,240.43,4.19,0.1
14846,Coastal,2023-08-23,14.15,400.06,6.53,0.12
14847,Coastal,2023-08-24,15.48,305.52,7.32,0.92
14848,Coastal,2023-08-25,17.3,187.03,3.48,0.04
14849,Coastal,2023-08-26,14.29,97.05,4.87,0.26
14850,Coastal,2023-08-27,14.7,297.08,6.09,0.21
14851,Coastal,2023-08-28,12.75,208.87,4.5,0.22
14852,Coastal,2023-08-29,13.49,232.6,4.57,0.08
14853,Coastal,2023-08-30,15.04,223.32,4.39,0.05
14854,Coastal,2023-08-31,13.19,352.96,2.23,0.21
14855,Coastal,2023-09-01,12.46,303.42,6.64,2.44
14856,Coastal,2023-09-02,15.69,225.88,3.57,0.75
14857,Coastal,2023-09-03,14.28,221.39,1.68,0.13
14858,Coastal,2023-09-04,12.28,252.04,6.71,0.11
14859,Coastal,2023-09-05,16.67,332.26,5.9,0.09
14860,Coastal,2023-09-06,17.32,231.36,3.23,0.33
14861,Coastal,2023-09-07,15.06,176.74,6.87,0.06
14862,Coastal,2023-09-08,10.57,124.39,6.27,0.14
14863,Coastal,2023-09-09,13.72,212.08,5.3,0.08
14864,Coastal,2023-09-10,14.02,121.31,4.81,0.42
14865,Coastal,2023-09-11,9.62,242.81,5.18,0.07
14866,Coastal,2023-09-12,15.12,250.14,5.71,0.23
14867,Coastal,2023-09-13,13.1,307.65,4.25,0.18
14868,Coastal,2023-09-14,14.88,194.2,7.14,0.08
14869,Coastal,2023-09-15,11.98,292.21,6.33,0.06
14870,Coastal,2023-09-16,13.52,337.29,5.33,0.33
14871,Coastal,2023-09-17,13.57,213.09,8.18,0.14
14872,Coastal,2023-09-18,12.85,384.93,5.15,0.19
14873,Coastal,2023-09-19,13.42,320.08,7.96,0.65
14874,Coastal,2023-09-20,12.14,165.86,6.1,0.1
14875,Coastal,2023-09-21,10.02,438.95,6.84,0.34
14876,Coastal,2023-09-22,8.28,197.25,5.18,0.2
14877,Coastal,2023-09-23,11.1,313.99,2.96,0.18
14878,Coastal,2023-09-24,13.9,251.75,6.52,0.06
14879,Coastal,2023-09-25,10.23,225.27,4.05,0.49
14880,Coastal,2023-09-26,14.41,305.33,4.95,0.05
14881,Coastal,2023-09-27,15.06,212.4,6.02,0.13
14882,Coastal,2023-09-28,13.22,194.02,4.98,0.28
14883,Coastal,2023-09-29,11.94,196.33,5.93,0.15
14884,Coastal,2023-09-30,14.32,108.5,6.31,0.0
14885,Coastal,2023-10-01,14.59,285.4,3.83,0.6
14886,Coastal,2023-10-02,11.83,147.45,6.49,0.0
14887,Coastal,2023-10-03,12.46,217.28,5.18,0.02
14888,Coastal,2023-10-04,10.67,202.41,4.54,0.05
14889,Coastal,2023-10-05,12.88,249.82,3.18,0.18
14890,Coastal,2023-10-06,8.19,200.69,3.88,0.71
14891,Coastal,2023-10-07,11.76,180.86,6.28,0.51
14892,Coastal,2023-10-08,10.67,236.19,6.35,0.21
14893,Coastal,2023-10-09,12.22,230.11,7.09,1.35
14894,Coastal,2023-10-10,10.84,119.72,8.92,0.25
14895,Coastal,2023-10-11,8.63,196.81,8.42,0.23
14896,Coastal,2023-10-12,11.18,308.24,7.91,0.33
14897,Coastal,2023-10-13,11.58,404.35,8.23,0.08
14898,Coastal,2023-10-14,14.7,72.38,6.76,0.05
14899,Coastal,2023-10-15,11.33,276.5,6.76,0.09
14900,Coastal,2023-10-16,10.96,220.12,8.86,0.01
14901,Coastal,2023-10-17,10.32,165.77,6.91,3.41
14902,Coastal,2023-10-18,15.05,180.44,6.97,0.27
14903,Coastal,2023-10-19,12.37,141.14,8.4,0.05
14904,Coastal,2023-10-20,13.42,109.06,6.27,0.06
14905,Coastal,2023-10-21,9.84,250.67,6.51,0.98
14906,Coastal,2023-10-22,9.49,364.4,4.71,0.29
14907,Coastal,2023-10-23,11.26,251.92,6.09,0.11
14908,Coastal,2023-10-24,16.38,239.49,6.32,0.05
14909,Coastal,2023-10-25,11.02,178.01,6.43,0.01
14910,Coastal,2023-10-26,12.02,155.68,8.09,0.22
14911,Coastal,2023-10-27,13.38,234.15,5.39,0.3
14912,Coastal,2023-10-28,12.18,152.44,9.17,0.02
14913,Coastal,2023-10-29,14.47,327.08,3.87,0.0
14914,Coastal,2023-10-30,11.93,193.56,7.89,0.44
14915,Coastal,2023-10-31,11.48,174.89,8.25,0.22
14916,Coastal,2023-11-01,19.21,425.11,8.09,0.51
14917,Coastal,2023-11-02,11.99,351.72,8.73,0.42
14918,Coastal,2023-11-03,15.55,155.05,6.79,0.23
14919,Coastal,2023-11-04,12.17,182.98,9.02,0.34
14920,Coastal,2023-11-05,11.07,240.95,6.13,0.09
14921,Coastal,2023-11-06,14.08,246.72,6.29,0.28
14922,Coastal,2023-11-07,11.68,226.01,10.33,0.03
14923,Coastal,2023-11-08,13.68,372.85,7.52,0.04
14924,Coastal,2023-11-09,12.98,286.02,8.71,0.66
14925,Coastal,2023-11-10,17.19,269.55,8.05,0.53
14926,Coastal,2023-11-11,11.72,227.26,8.41,0.01
14927,Coastal,2023-11-12,16.27,195.25,4.35,0.13
14928,Coastal,2023-11-13,15.6,232.94,7.94,0.09
14929,Coastal,2023-11-14,14.7,216.44,7.43,0.21
14930,Coastal,2023-11-15,13.76,189.42,8.89,0.08
14931,Coastal,2023-11-16,15.74,380.13,6.26,0.07
14932,Coastal,2023-11-17,15.98,372.08,9.27,0.33
14933,Coastal,2023-11-18,16.44,271.54,5.69,0.59
14934,Coastal,2023-11-19,15.25,410.83,6.84,0.05
14935,Coastal,2023-11-20,13.63,356.59,5.18,0.05
14936,Coastal,2023-11-21,17.81,226.95,5.95,0.11
14937,Coastal,2023-11-22,16.18,200.82,7.6,0.25
14938,Coastal,2023-11-23,15.1,346.06,9.66,0.04
14939,Coastal,2023-11-24,14.46,363.84,7.68,0.13
14940,Coastal,2023-11-25,18.45,226.57,5.72,0.37
14941,Coastal,2023-11-26,19.52,292.22,4.5,0.05
14942,Coastal,2023-11-27,18.04,406.85,8.7,0.01
14943,Coastal,2023-11-28,18.32,468.65,6.72,0.47
14944,Coastal,2023-11-29,19.53,354.15,6.94,0.31
14945,Coastal,2023-11-30,16.61,356.37,9.35,0.24
14946,Coastal,2023-12-01,21.75,320.29,7.55,0.02
14947,Coastal,2023-12-02,15.52,479.91,7.32,0.46
14948,Coastal,2023-12-03,17.3,410.0,8.03,0.07
14949,Coastal,2023-12-04,16.4,302.88,10.03,0.24
14950,Coastal,2023-12-05,18.23,437.41,8.2,0.13
14951,Coastal,2023-12-06,21.72,323.48,4.59,0.51
14952,Coastal,2023-12-07,17.94,308.16,6.62,1.04
14953,Coastal,2023-12-08,19.42,353.31,7.43,0.19
14954,Coastal,2023-12-09,12.92,325.06,9.17,0.62
14955,Coastal,2023-12-10,19.75,326.36,6.02,0.12
14956,Coastal,2023-12-11,21.06,291.69,8.12,0.01
14957,Coastal,2023-12-12,19.47,352.63,7.78,0.06
14958,Coastal,2023-12-13,17.25,370.81,9.44,0.07
14959,Coastal,2023-12-14,17.15,310.3,6.43,0.31
14960,Coastal,2023-12-15,18.61,466.61,8.18,0.03
14961,Coastal,2023-12-16,17.47,287.09,10.24,0.04
14962,Coastal,2023-12-17,23.2,402.93,9.3,0.19
14963,Coastal,2023-12-18,21.15,491.37,8.86,0.03
14964,Coastal,2023-12-19,23.28,534.1,7.5,0.14
14965,Coastal,2023-12-20,19.98,402.63,8.2,0.01
14966,Coastal,2023-12-21,19.2,534.77,7.81,1.11
14967,Coastal,2023-12-22,19.49,429.42,9.27,0.48
14968,Coastal,2023-12-23,20.14,644.34,8.78,0.42
14969,Coastal,2023-12-24,20.25,352.28,7.05,0.02
14970,Coastal,2023-12-25,23.85,393.65,10.61,0.18
14971,Coastal,2023-12-26,23.41,492.24,9.8,0.02
14972,Coastal,2023-12-27,22.3,383.61,6.7,0.01
14973,Coastal,2023-12-28,18.61,433.03,7.48,0.19
14974,Coastal,2023-12-29,22.69,531.07,7.76,0.17
14975,Coastal,2023-12-30,21.65,515.29,9.22,0.02
14976,Coastal,2023-12-31,25.26,502.36,6.79,0.09
14977,Coastal,2024-01-01,24.41,508.35,7.0,0.08
14978,Coastal,2024-01-02,23.07,318.59,9.31,0.08
14979,Coastal,2024-01-03,18.76,532.53,8.83,0.08
14980,Coastal,2024-01-04,22.86,474.91,5.07,1.74
14981,Coastal,2024-01-05,22.0,501.35,8.98,0.09
14982,Coastal,2024-01-06,24.28,408.85,5.77,0.08
14983,Coastal,2024-01-07,21.36,595.04,7.03,0.01
14984,Coastal,2024-01-08,24.34,590.44,7.43,0.31
14985,Coastal,2024-01-09,19.55,458.2,7.27,1.08
14986,Coastal,2024-01-10,21.38,570.82,6.99,0.08
14987,Coastal,2024-01-11,22.56,693.25,6.4,0.12
14988,Coastal,2024-01-12,23.4,577.79,8.72,0.32
14989,Coastal,2024-01-13,25.44,410.46,5.52,0.08
14990,Coastal,2024-01-14,21.51,530.97,7.14,0.13
14991,Coastal,2024-01-15,23.71,591.75,9.11,0.0
14992,Coastal,2024-01-16,23.92,755.83,8.51,0.5
14993,Coastal,2024-01-17,26.7,494.74,5.83,0.46
14994,Coastal,2024-01-18,25.1,584.59,5.0,0.07
14995,Coastal,2024-01-19,23.71,515.86,6.25,0.19
14996,Coastal,2024-01-20,23.65,676.44,4.6,0.15
14997,Coastal,2024-01-21,24.86,581.61,8.0,0.1
14998,Coastal,2024-01-22,22.83,397.17,7.16,0.51
14999,Coastal,2024-01-23,29.54,588.99,7.26,0.09
15000,Coastal,2024-01-24,26.43,616.19,8.58,1.28
15001,Coastal,2024-01-25,24.77,660.87,9.11,0.31
15002,Coastal,2024-01-26,24.64,649.0,8.15,0.47
15003,Coastal,2024-01-27,24.49,691.64,7.44,0.33
15004,Coastal,2024-01-28,27.8,633.74,6.7,0.01
15005,Coastal,2024-01-29,23.9,654.9,7.21,0.11
15006,Coastal,2024-01-30,27.0,653.58,8.03,0.08
15007,Coastal,2024-01-31,28.65,623.81,9.09,0.01
15008,Coastal,2024-02-01,26.48,706.85,5.6,0.01
15009,Coastal,2024-02-02,25.77,733.47,5.98,0.19
15010,Coastal,2024-02-03,29.61,666.51,7.64,0.09
15011,Coastal,2024-02-04,25.81,634.91,4.46,0.55
15012,Coastal,2024-02-05,27.66,591.82,8.04,0.21
15013,Coastal,2024-02-06,28.59,710.94,9.17,0.1
15014,Coastal,2024-02-07,27.28,606.33,11.1,0.32
15015,Coastal,2024-02-08,26.23,703.39,7.67,0.17
15016,Coastal,2024-02-09,27.64,705.08,8.81,0.11
15017,Coastal,2024-02-10,29.57,783.85,7.53,0.03
15018,Coastal,2024-02-11,27.56,813.31,9.91,0.52
15019,Coastal,2024-02-12,30.05,463.07,6.82,0.2
15020,Coastal,2024-02-13,28.75,693.72,7.92,0.12
15021,Coastal,2024-02-14,28.18,545.42,8.31,0.12
15022,Coastal,2024-02-15,28.06,810.02,7.96,0.29
15023,Coastal,2024-02-16,30.09,718.77,6.2,0.2
15024,Coastal,2024-02-17,31.99,816.22,5.27,0.11
15025,Coastal,2024-02-18,30.1,748.14,8.84,0.01
15026,Coastal,2024-02-19,28.04,622.8,7.65,0.08
15027,Coastal,2024-02-20,32.26,656.68,7.36,0.75
15028,Coastal,2024-02-21,28.41,726.54,8.56,0.1
15029,Coastal,2024-02-22,33.74,785.97,8.46,0.25
15030,Coastal,2024-02-23,30.06,748.0,7.71,0.86
15031,Coastal,2024-02-24,28.73,760.64,8.09,0.39
15032,Coastal,2024-02-25,31.7,720.76,6.32,0.12
15033,Coastal,2024-02-26,30.05,842.58,7.88,0.09
15034,Coastal,2024-02-27,31.65,766.63,4.7,0.18
15035,Coastal,2024-02-28,31.04,761.5,7.05,0.02
15036,Coastal,2024-02-29,28.19,783.87,8.12,0.88
15037,Coastal,2024-03-01,30.89,729.57,5.89,0.79
15038,Coastal,2024-03-02,32.11,737.2,7.15,0.51
15039,Coastal,2024-03-03,31.42,806.1,7.36,0.22
15040,Coastal,2024-03-04,33.78,831.99,5.54,0.14
15041,Coastal,2024-03-05,31.96,842.57,8.54,0.25
15042,Coastal,2024-03-06,30.93,758.62,7.29,0.08
15043,Coastal,2024-03-07,31.9,786.15,4.27,0.38
15044,Coastal,2024-03-08,30.56,729.74,6.88,0.03
15045,Coastal,2024-03-09,32.33,843.08,8.9,0.33
15046,Coastal,2024-03-10,32.39,706.37,6.68,0.4
15047,Coastal,2024-03-11,29.25,801.45,5.67,0.19
15048,Coastal,2024-03-12,33.33,855.64,5.8,0.13
15049,Coastal,2024-03-13,36.3,796.93,6.35,0.44
15050,Coastal,2024-03-14,32.97,812.34,4.73,0.64
15051,Coastal,2024-03-15,27.87,767.9,8.62,0.33
15052,Coastal,2024-03-16,31.12,642.71,7.87,0.57
15053,Coastal,2024-03-17,29.45,738.34,8.07,0.55
15054,Coastal,2024-03-18,31.47,796.9,4.16,3.9
15055,Coastal,2024-03-19,33.46,739.27,6.58,0.11
15056,Coastal,2024-03-20,30.68,834.16,7.97,0.07
15057,Coastal,2024-03-21,35.91,679.08,4.9,1.0
15058,Coastal,2024-03-22,26.41,641.98,6.17,0.04
15059,Coastal,2024-03-23,31.7,853.27,4.6,0.16
15060,Coastal,2024-03-24,32.97,773.33,7.47,0.17
15061,Coastal,2024-03-25,29.79,826.49,5.86,0.33
15062,Coastal,2024-03-26,30.07,757.51,6.01,0.09
15063,Coastal,2024-03-27,33.77,844.71,4.42,0.18
15064,Coastal,2024-03-28,36.12,908.37,8.4,0.47
15065,Coastal,2024-03-29,36.36,914.2,6.12,0.55
15066,Coastal,2024-03-30,31.58,748.16,7.2,0.17
15067,Coastal,2024-03-31,34.97,766.22,6.55,0.31
15068,Coastal,2024-04-01,32.13,813.48,4.58,0.06
15069,Coastal,2024-04-02,34.09,949.34,3.44,0.02
15070,Coastal,2024-04-03,31.83,707.15,5.58,0.23
15071,Coastal,2024-04-04,29.97,707.34,7.5,0.09
15072,Coastal,2024-04-05,35.43,868.05,2.85,0.1
15073,Coastal,2024-04-06,35.93,744.72,8.69,0.53
15074,Coastal,2024-04-07,31.34,850.07,6.98,0.1
15075,Coastal,2024-04-08,34.03,749.8,5.99,0.61
15076,Coastal,2024-04-09,31.84,823.97,5.49,0.02
15077,Coastal,2024-04-10,36.46,754.08,6.92,0.08
15078,Coastal,2024-04-11,29.08,713.51,3.77,0.24
15079,Coastal,2024-04-12,31.67,804.51,6.23,0.13
15080,Coastal,2024-04-13,29.1,694.63,5.99,0.1
15081,Coastal,2024-04-14,28.78,826.89,8.19,0.38
15082,Coastal,2024-04-15,31.67,770.3,4.92,0.29
15083,Coastal,2024-04-16,30.96,678.73,5.5,0.07
15084,Coastal,2024-04-17,29.78,810.1,5.3,0.09
15085,Coastal,2024-04-18,33.43,806.82,4.59,0.14
15086,Coastal,2024-04-19,34.3,594.65,7.55,0.26
15087,Coastal,2024-04-20,32.67,776.99,3.84,0.03
15088,Coastal,2024-04-21,27.82,780.01,2.99,0.15
15089,Coastal,2024-04-22,32.19,784.7,5.6,0.02
15090,Coastal,2024-04-23,32.11,629.77,4.12,0.51
15091,Coastal,2024-04-24,29.69,801.48,5.55,0.04
15092,Coastal,2024-04-25,32.0,812.05,6.09,0.07
15093,Coastal,2024-04-26,30.22,693.71,5.33,0.08
15094,Coastal,2024-04-27,29.51,654.49,5.12,0.29
15095,Coastal,2024-04-28,28.71,685.65,1.96,0.06
15096,Coastal,2024-04-29,32.66,771.81,5.86,0.22
15097,Coastal,2024-04-30,33.49,659.92,5.28,0.76
15098,Coastal,2024-05-01,30.53,648.01,7.77,0.33
15099,Coastal,2024-05-02,32.69,921.53,6.64,0.08
15100,Coastal,2024-05-03,33.68,750.35,2.68,1.05
15101,Coastal,2024-05-04,30.8,723.01,6.46,0.07
15102,Coastal,2024-05-05,30.28,691.32,2.9,0.17
15103,Coastal,2024-05-06,31.27,708.1,6.07,0.2
15104,Coastal,2024-05-07,28.56,883.0,6.97,0.15
15105,Coastal,2024-05-08,31.22,801.0,7.56,0.39
15106,Coastal,2024-05-09,30.32,923.4,4.14,0.02
15107,Coastal,2024-05-10,27.3,760.52,5.77,0.18
15108,Coastal,2024-05-11,27.21,649.3,6.2,0.14
15109,Coastal,2024-05-12,27.71,744.06,5.36,0.11
15110,Coastal,2024-05-13,30.59,762.76,2.12,0.08
15111,Coastal,2024-05-14,28.77,764.42,4.84,0.17
15112,Coastal,2024-05-15,29.28,676.3,5.44,0.21
15113,Coastal,2024-05-16,31.94,852.29,4.56,0.03
15114,Coastal,2024-05-17,29.96,602.67,3.25,0.35
15115,Coastal,2024-05-18,27.67,727.58,4.21,0.12
15116,Coastal,2024-05-19,26.85,673.16,5.84,0.19
15117,Coastal,2024-05-20,29.3,630.46,5.06,0.02
15118,Coastal,2024-05-21,26.62,708.4,5.14,0.02
15119,Coastal,2024-05-22,30.93,785.11,4.05,0.05
15120,Coastal,2024-05-23,28.78,712.81,5.04,0.3
15121,Coastal,2024-05-24,28.41,698.18,1.22,0.13
15122,Coastal,2024-05-25,26.1,510.56,4.3,0.37
15123,Coastal,2024-05-26,29.11,741.57,3.77,0.38
15124,Coastal,2024-05-27,29.98,631.09,4.36,0.21
15125,Coastal,2024-05-28,27.31,701.95,2.55,0.06
15126,Coastal,2024-05-29,29.29,728.43,4.84,1.5
15127,Coastal,2024-05-30,26.47,665.8,7.15,0.01
15128,Coastal,2024-05-31,27.01,485.79,4.37,0.25
15129,Coastal,2024-06-01,31.15,754.67,4.31,0.74
15130,Coastal,2024-06-02,26.09,781.19,7.98,0.49
15131,Coastal,2024-06-03,27.76,697.2,2.78,0.06
15132,Coastal,2024-06-04,25.74,569.38,4.93,0.05
15133,Coastal,2024-06-05,26.93,721.19,6.55,0.74
15134,Coastal,2024-06-06,27.6,595.51,3.58,0.15
15135,Coastal,2024-06-07,24.25,607.95,5.43,0.01
15136,Coastal,2024-06-08,24.48,704.32,4.39,0.06
15137,Coastal,2024-06-09,26.86,655.48,2.51,0.15
15138,Coastal,2024-06-10,25.89,410.59,3.87,0.01
15139,Coastal,2024-06-11,27.75,610.56,4.05,0.24
15140,Coastal,2024-06-12,25.78,683.84,3.14,0.15
15141,Coastal,2024-06-13,28.79,474.98,1.67,0.25
15142,Coastal,2024-06-14,26.3,657.3,3.45,0.08
15143,Coastal,2024-06-15,28.5,440.53,1.82,0.11
15144,Coastal,2024-06-16,27.95,551.91,4.87,2.63
15145,Coastal,2024-06-17,23.12,607.37,4.87,0.05
15146,Coastal,2024-06-18,27.2,538.75,2.13,0.01
15147,Coastal,2024-06-19,25.95,648.14,4.16,0.81
15148,Coastal,2024-06-20,25.64,435.67,2.01,0.0
15149,Coastal,2024-06-21,26.1,608.96,3.48,0.44
15150,Coastal,2024-06-22,22.94,542.86,3.01,0.35
15151,Coastal,2024-06-23,24.04,465.29,4.73,0.13
15152,Coastal,2024-06-24,22.38,563.46,1.58,0.24
15153,Coastal,2024-06-25,27.66,517.59,5.48,0.02
15154,Coastal,2024-06-26,21.37,636.43,5.85,0.29
15155,Coastal,2024-06-27,20.14,559.58,3.79,0.31
15156,Coastal,2024-06-28,20.89,540.76,1.98,0.01
15157,Coastal,2024-06-29,22.25,448.75,0.86,0.14
15158,Coastal,2024-06-30,22.06,509.14,5.64,0.59
15159,Coastal,2024-07-01,23.79,446.24,6.98,0.6
15160,Coastal,2024-07-02,21.9,482.11,4.07,4.17
15161,Coastal,2024-07-03,20.68,581.56,2.26,0.21
15162,Coastal,2024-07-04,22.46,453.92,2.36,0.03
15163,Coastal,2024-07-05,23.66,355.95,5.78,0.11
15164,Coastal,2024-07-06,21.57,506.06,4.27,0.26
15165,Coastal,2024-07-07,22.72,524.32,2.56,0.07
15166,Coastal,2024-07-08,20.98,583.38,7.47,0.33
15167,Coastal,2024-07-09,20.12,520.31,5.59,0.4
15168,Coastal,2024-07-10,21.87,424.34,4.86,0.29
15169,Coastal,2024-07-11,20.76,461.86,3.2,0.08
15170,Coastal,2024-07-12,22.14,467.09,5.9,0.27
15171,Coastal,2024-07-13,23.05,465.64,5.38,0.02
15172,Coastal,2024-07-14,19.57,227.97,3.9,0.08
15173,Coastal,2024-07-15,20.93,375.02,5.7,0.29
15174,Coastal,2024-07-16,21.6,454.09,5.65,0.32
15175,Coastal,2024-07-17,20.12,498.94,4.5,0.08
15176,Coastal,2024-07-18,20.16,355.33,2.38,3.23
15177,Coastal,2024-07-19,19.26,367.98,2.58,0.06
15178,Coastal,2024-07-20,19.33,377.24,1.75,1.08
15179,Coastal,2024-07-21,19.7,380.69,6.12,0.42
15180,Coastal,2024-07-22,17.28,455.04,1.96,0.16
15181,Coastal,2024-07-23,14.94,322.85,4.21,0.53
15182,Coastal,2024-07-24,18.0,446.38,1.79,0.05
15183,Coastal,2024-07-25,17.68,486.0,6.72,0.22
15184,Coastal,2024-07-26,21.11,336.35,2.46,0.03
15185,Coastal,2024-07-27,18.3,328.84,4.7,0.12
15186,Coastal,2024-07-28,18.68,371.26,1.88,0.16
15187,Coastal,2024-07-29,16.58,307.2,5.56,0.37
15188,Coastal,2024-07-30,16.07,342.6,5.9,0.05
15189,Coastal,2024-07-31,15.44,227.61,4.31,0.28
15190,Coastal,2024-08-01,14.44,409.24,4.21,0.24
15191,Coastal,2024-08-02,18.27,469.47,5.54,0.2
15192,Coastal,2024-08-03,17.29,278.27,3.43,0.08
15193,Coastal,2024-08-04,19.49,196.17,6.0,0.08
15194,Coastal,2024-08-05,17.49,397.34,4.83,0.28
15195,Coastal,2024-08-06,16.74,286.03,2.04,0.06
15196,Coastal,2024-08-07,12.16,261.99,7.19,0.08
15197,Coastal,2024-08-08,19.8,301.61,4.72,0.67
15198,Coastal,2024-08-09,15.93,209.72,3.96,1.3
15199,Coastal,2024-08-10,11.55,342.01,4.74,0.0
15200,Coastal,2024-08-11,16.04,198.41,3.43,1.16
15201,Coastal,2024-08-12,13.84,201.02,4.31,0.15
15202,Coastal,2024-08-13,13.64,196.19,5.74,0.12
15203,Coastal,2024-08-14,15.75,301.44,5.61,0.06
15204,Coastal,2024-08-15,13.92,139.6,5.54,0.14
15205,Coastal,2024-08-16,17.03,448.19,3.73,0.12
15206,Coastal,2024-08-17,14.63,247.59,3.37,0.1
15207,Coastal,2024-08-18,15.54,104.9,5.27,0.38
15208,Coastal,2024-08-19,15.77,185.97,5.87,0.06
15209,Coastal,2024-08-20,15.03,315.44,3.64,0.18
15210,Coastal,2024-08-21,14.84,372.17,4.42,0.4
15211,Coastal,2024-08-22,14.59,274.2,5.38,0.77
15212,Coastal,2024-08-23,17.19,264.91,4.67,0.18
15213,Coastal,2024-08-24,15.79,132.62,6.58,0.15
15214,Coastal,2024-08-25,12.63,371.2,2.91,0.37
15215,Coastal,2024-08-26,11.69,293.7,2.72,0.04
15216,Coastal,2024-08-27,12.23,272.11,6.58,0.2
15217,Coastal,2024-08-28,14.58,245.06,5.89,0.01
15218,Coastal,2024-08-29,11.43,283.54,5.13,0.22
15219,Coastal,2024-08-30,12.25,174.48,4.52,0.32
15220,Coastal,2024-08-31,10.78,311.14,5.76,0.01
15221,Coastal,2024-09-01,15.25,297.85,5.36,0.38
15222,Coastal,2024-09-02,14.64,223.4,5.56,0.03
15223,Coastal,2024-09-03,14.99,207.23,5.04,0.04
15224,Coastal,2024-09-04,12.22,54.14,5.98,0.36
15225,Coastal,2024-09-05,9.58,86.15,6.58,0.03
15226,Coastal,2024-09-06,11.36,266.37,6.59,0.22
15227,Coastal,2024-09-07,10.27,293.16,5.95,0.07
15228,Coastal,2024-09-08,10.19,304.54,5.3,0.06
15229,Coastal,2024-09-09,15.12,109.4,6.0,0.21
15230,Coastal,2024-09-10,12.29,398.97,7.16,0.11
15231,Coastal,2024-09-11,13.31,293.92,5.17,0.17
15232,Coastal,2024-09-12,14.89,166.51,5.02,2.58
15233,Coastal,2024-09-13,10.6,224.02,6.2,0.38
15234,Coastal,2024-09-14,13.82,73.83,6.61,0.38
15235,Coastal,2024-09-15,9.64,159.01,5.38,0.07
15236,Coastal,2024-09-16,13.02,250.26,6.24,0.24
15237,Coastal,2024-09-17,14.61,211.13,4.34,0.3
15238,Coastal,2024-09-18,10.16,344.57,5.62,0.46
15239,Coastal,2024-09-19,14.07,85.86,8.0,0.31
15240,Coastal,2024-09-20,12.83,194.03,6.61,0.29
15241,Coastal,2024-09-21,11.45,111.74,4.76,0.05
15242,Coastal,2024-09-22,9.94,324.83,5.0,0.01
15243,Coastal,2024-09-23,12.8,222.7,3.94,0.13
15244,Coastal,2024-09-24,13.29,201.68,8.27,0.29
15245,Coastal,2024-09-25,11.66,189.97,4.38,0.05
15246,Coastal,2024-09-26,10.32,130.17,2.11,0.01
15247,Coastal,2024-09-27,13.8,296.01,3.83,0.09
15248,Coastal,2024-09-28,14.64,213.67,6.05,0.05
15249,Coastal,2024-09-29,14.18,219.58,4.93,0.1
15250,Coastal,2024-09-30,15.45,246.66,6.24,0.51
15251,Coastal,2024-10-01,10.98,131.28,6.59,0.27
15252,Coastal,2024-10-02,9.46,360.09,5.18,0.09
15253,Coastal,2024-10-03,13.12,326.36,4.77,0.08
15254,Coastal,2024-10-04,11.51,198.35,7.55,0.51
15255,Coastal,2024-10-05,14.3,177.65,6.66,0.44
15256,Coastal,2024-10-06,10.27,253.5,2.23,0.93
15257,Coastal,2024-10-07,10.44,292.64,3.98,0.09
15258,Coastal,2024-10-08,12.53,343.82,3.63,1.57
15259,Coastal,2024-10-09,12.78,256.24,6.11,0.22
15260,Coastal,2024-10-10,13.81,216.53,6.69,0.17
15261,Coastal,2024-10-11,12.3,217.62,6.16,0.27
15262,Coastal,2024-10-12,8.7,57.31,5.51,0.03
15263,Coastal,2024-10-13,19.47,174.56,8.02,0.53
15264,Coastal,2024-10-14,12.68,239.18,7.0,0.72
15265,Coastal,2024-10-15,18.44,31.04,5.18,0.09
15266,Coastal,2024-10-16,12.46,227.52,5.31,2.93
15267,Coastal,2024-10-17,10.65,149.72,5.47,0.32
15268,Coastal,2024-10-18,12.18,342.48,6.13,0.57
15269,Coastal,2024-10-19,15.07,195.27,6.74,0.5
15270,Coastal,2024-10-20,14.17,198.76,7.34,0.04
15271,Coastal,2024-10-21,13.61,210.74,5.51,0.06
15272,Coastal,2024-10-22,12.94,223.34,4.74,0.06
15273,Coastal,2024-10-23,13.39,289.19,7.4,0.02
15274,Coastal,2024-10-24,12.9,200.35,8.09,0.1
15275,Coastal,2024-10-25,15.67,231.99,9.44,0.09
15276,Coastal,2024-10-26,15.18,296.31,7.51,0.08
15277,Coastal,2024-10-27,11.55,235.46,5.84,0.43
15278,Coastal,2024-10-28,10.56,289.67,7.88,0.01
15279,Coastal,2024-10-29,11.14,204.12,6.77,0.04
15280,Coastal,2024-10-30,12.97,270.45,5.01,0.07
15281,Coastal,2024-10-31,14.21,349.77,6.98,0.44
15282,Coastal,2024-11-01,13.75,296.01,7.51,0.52
15283,Coastal,2024-11-02,15.22,100.97,9.26,0.07
15284,Coastal,2024-11-03,14.03,297.99,7.25,0.24
15285,Coastal,2024-11-04,17.35,164.22,5.95,0.38
15286,Coastal,2024-11-05,15.27,185.59,4.37,0.14
15287,Coastal,2024-11-06,14.4,302.07,5.38,0.28
15288,Coastal,2024-11-07,11.45,188.35,5.8,3.72
15289,Coastal,2024-11-08,15.28,180.39,9.78,0.04
15290,Coastal,2024-11-09,15.69,272.23,7.02,0.01
15291,Coastal,2024-11-10,13.37,226.83,7.2,0.2
15292,Coastal,2024-11-11,12.6,148.99,9.01,0.14
15293,Coastal,2024-11-12,17.22,327.34,8.28,0.07
15294,Coastal,2024-11-13,13.22,365.34,7.01,0.5
15295,Coastal,2024-11-14,15.61,362.54,9.15,0.37
15296,Coastal,2024-11-15,15.46,222.02,6.43,0.06
15297,Coastal,2024-11-16,16.42,330.54,7.9,0.3
15298,Coastal,2024-11-17,13.73,261.98,5.62,0.35
15299,Coastal,2024-11-18,15.54,204.01,7.91,0.08
15300,Coastal,2024-11-19,13.98,249.58,9.07,0.02
15301,Coastal,2024-11-20,16.2,87.84,8.87,0.38
15302,Coastal,2024-11-21,17.19,232.87,8.94,0.02
15303,Coastal,2024-11-22,18.11,204.25,11.94,0.13
15304,Coastal,2024-11-23,19.45,341.99,7.23,0.04
15305,Coastal,2024-11-24,16.08,353.31,6.29,0.52
15306,Coastal,2024-11-25,16.18,199.09,8.35,0.02
15307,Coastal,2024-11-26,19.44,404.84,6.37,0.02
15308,Coastal,2024-11-27,18.19,294.35,6.0,0.24
15309,Coastal,2024-11-28,19.66,261.85,7.34,0.05
15310,Coastal,2024-11-29,21.24,208.64,10.71,0.03
15311,Coastal,2024-11-30,15.8,292.31,8.79,0.04
15312,Coastal,2024-12-01,19.25,349.8,8.34,0.18
15313,Coastal,2024-12-02,16.59,445.19,5.28,0.05
15314,Coastal,2024-12-03,21.07,361.74,6.87,0.47
15315,Coastal,2024-12-04,15.72,349.65,9.97,0.38
15316,Coastal,2024-12-05,20.09,425.99,7.43,0.04
15317,Coastal,2024-12-06,17.31,395.51,11.14,0.35
15318,Coastal,2024-12-07,19.68,268.68,8.53,0.3
15319,Coastal,2024-12-08,21.27,358.96,7.65,0.36
15320,Coastal,2024-12-09,17.61,352.74,7.41,0.09
15321,Coastal,2024-12-10,16.12,391.62,7.8,0.13
15322,Coastal,2024-12-11,18.7,370.5,5.73,0.25
15323,Coastal,2024-12-12,18.61,348.94,9.37,0.01
15324,Coastal,2024-12-13,16.98,535.6,8.59,0.22
15325,Coastal,2024-12-14,15.7,419.78,7.55,0.03
15326,Coastal,2024-12-15,22.32,466.55,7.77,0.07
15327,Coastal,2024-12-16,23.03,424.04,9.16,0.33
15328,Coastal,2024-12-17,19.02,503.69,11.0,0.2
15329,Coastal,2024-12-18,19.8,436.26,10.26,0.19
15330,Coastal,2024-12-19,22.17,526.4,8.25,0.26
15331,Coastal,2024-12-20,22.37,224.09,6.74,0.22
15332,Coastal,2024-12-21,24.46,466.79,5.68,0.03
15333,Coastal,2024-12-22,22.31,484.82,8.17,0.67
15334,Coastal,2024-12-23,19.19,493.44,6.81,0.06
15335,Coastal,2024-12-24,22.99,387.51,8.23,0.35
15336,Coastal,2024-12-25,20.19,421.55,8.43,0.51
15337,Coastal,2024-12-26,21.62,401.05,9.07,0.04
15338,Coastal,2024-12-27,24.15,528.64,6.24,0.0
15339,Coastal,2024-12-28,20.29,567.18,6.67,0.41
15340,Coastal,2024-12-29,22.12,368.49,7.53,0.29
15341,Coastal,2024-12-30,19.99,521.58,8.39,0.03
15342,Coastal,2024-12-31,20.64,441.16,8.3,0.35
